C:\Users\Hp\OneDrive\Desktop\Documents\CAMPUS-SENTINEL\backend\.venv\Lib\site-packages\pydantic\_internal\_fields.py:160: UserWarning: Field "model_version" has conflict with protected namespace "model_".

You may be able to resolve this warning by setting `model_config['protected_namespaces'] = ()`.
  warnings.warn(
INFO:     Started server process [23112]
INFO:     Waiting for application startup.
[32m2026-08-22 10:21:50.814[0m | [1mINFO    [0m | [36mapp.main[0m:[36mlifespan[0m:[36m23[0m - [1mStarting Campus Sentinel v1.0.0[0m
[32m2026-08-22 10:21:50.815[0m | [1mINFO    [0m | [36mapp.main[0m:[36mlifespan[0m:[36m27[0m - [1mRedis connected[0m
[32m2026-08-22 10:21:50.897[0m | [1mINFO    [0m | [36mapp.main[0m:[36mlifespan[0m:[36m51[0m - [1mBackground systems starting...[0m
INFO:     Application startup complete.
INFO:     Uvicorn running on http://0.0.0.0:8000 (Press CTRL+C to quit)
[32m2026-08-22 10:21:50.904[0m | [1mINFO    [0m | [36mapp.main[0m:[36m_redis_pubsub_listener[0m:[36m153[0m - [1mRedis pub/sub listener started[0m
[32m2026-08-22 10:21:51.839[0m | [34m[1mDEBUG   [0m | [36magents.orchestrator.agent_bus[0m:[36msubscribe[0m:[36m51[0m - [34m[1mAgentBus: subscribed handler to bus:raw_frames[0m
[32m2026-08-22 10:21:51.839[0m | [1mINFO    [0m | [36magents.vision_agent.agent[0m:[36mstart[0m:[36m42[0m - [1mVisionAgent started[0m
[32m2026-08-22 10:21:51.840[0m | [34m[1mDEBUG   [0m | [36magents.orchestrator.agent_bus[0m:[36msubscribe[0m:[36m51[0m - [34m[1mAgentBus: subscribed handler to bus:tracks[0m
[32m2026-08-22 10:21:51.840[0m | [1mINFO    [0m | [36magents.behavior_agent.agent[0m:[36mstart[0m:[36m26[0m - [1mBehaviorAgent started[0m
[32m2026-08-22 10:21:51.840[0m | [34m[1mDEBUG   [0m | [36magents.orchestrator.agent_bus[0m:[36msubscribe[0m:[36m51[0m - [34m[1mAgentBus: subscribed handler to bus:behaviors[0m
[32m2026-08-22 10:21:51.840[0m | [1mINFO    [0m | [36magents.prediction_agent.agent[0m:[36mstart[0m:[36m17[0m - [1mPredictionAgent started[0m
[32m2026-08-22 10:21:51.840[0m | [34m[1mDEBUG   [0m | [36magents.orchestrator.agent_bus[0m:[36msubscribe[0m:[36m51[0m - [34m[1mAgentBus: subscribed handler to bus:threats[0m
[32m2026-08-22 10:21:51.840[0m | [1mINFO    [0m | [36magents.decision_agent.agent[0m:[36mstart[0m:[36m16[0m - [1mDecisionAgent started[0m
[32m2026-08-22 10:21:51.840[0m | [34m[1mDEBUG   [0m | [36magents.orchestrator.agent_bus[0m:[36msubscribe[0m:[36m51[0m - [34m[1mAgentBus: subscribed handler to bus:decisions[0m
[32m2026-08-22 10:21:51.840[0m | [1mINFO    [0m | [36magents.response_agent.agent[0m:[36mstart[0m:[36m20[0m - [1mResponseAgent started[0m
[32m2026-08-22 10:21:51.841[0m | [1mINFO    [0m | [36magents.orchestrator.agent_bus[0m:[36mstart_listening[0m:[36m75[0m - [1mAgentBus listener started[0m
[32m2026-08-22 10:21:51.841[0m | [1mINFO    [0m | [36magents.response_agent.agent[0m:[36mstart_all_agents[0m:[36m52[0m - [1mAll agents started and listening[0m
INFO:     127.0.0.1:54650 - "GET /health HTTP/1.1" 200 OK
INFO:     127.0.0.1:54652 - "GET /health HTTP/1.1" 200 OK
[32m2026-08-22 10:21:54.031[0m | [1mINFO    [0m | [36mai_engine.vision.stream_manager[0m:[36mstart_all_active_cameras[0m:[36m270[0m - [1mStarting 2 camera streams (one StreamManager each)[0m
[32m2026-08-22 10:21:54.031[0m | [1mINFO    [0m | [36mai_engine.vision.stream_manager[0m:[36mstart[0m:[36m87[0m - [1mStarted stream for camera 1a32cb23-0820-4385-9ab5-de8e472e2c04[0m
[32m2026-08-22 10:21:54.033[0m | [1mINFO    [0m | [36mai_engine.vision.stream_manager[0m:[36mstart[0m:[36m87[0m - [1mStarted stream for camera 6cf7815f-009b-48e6-bf71-a7548a5e75b0[0m
[32m2026-08-22 10:22:04.351[0m | [1mINFO    [0m | [36mai_engine.vision.detector[0m:[36m_load_model[0m:[36m25[0m - [1mYOLOv8 model loaded: yolov8n.pt on cpu[0m
[32m2026-08-22 10:22:04.355[0m | [1mINFO    [0m | [36mai_engine.vision.detector[0m:[36m_load_model[0m:[36m25[0m - [1mYOLOv8 model loaded: yolov8n.pt on cpu[0m
[32m2026-08-22 10:22:05.190[0m | [1mINFO    [0m | [36mai_engine.vision.camera_manager[0m:[36m_try_open[0m:[36m125[0m - [1m[1a32cb23-0820-4385-9ab5-de8e472e2c04] Camera source opened: 0[0m
INFO: Created TensorFlow Lite XNNPACK delegate for CPU.
WARNING: All log messages before absl::InitializeLog() is called are written to STDERR
W0000 00:00:1787374325.751453   20564 inference_feedback_manager.cc:114] Feedback manager requires a model with a single signature inference. Disabling support for feedback tensors.
W0000 00:00:1787374325.761076   20564 inference_feedback_manager.cc:114] Feedback manager requires a model with a single signature inference. Disabling support for feedback tensors.
[32m2026-08-22 10:22:05.761[0m | [1mINFO    [0m | [36mai_engine.classroom.face_pose_analyzer[0m:[36m_load[0m:[36m60[0m - [1mFacePoseAnalyzer[6cf7815f-009b-48e6-bf71-a7548a5e75b0]: MediaPipe Face Mesh + Pose loaded[0m
[32m2026-08-22 10:22:05.761[0m | [1mINFO    [0m | [36mai_engine.vision.stream_manager[0m:[36m_camera_loop[0m:[36m142[0m - [1mClassroom Monitoring enabled for camera 6cf7815f-009b-48e6-bf71-a7548a5e75b0[0m
W0000 00:00:1787374325.924295   20200 inference_feedback_manager.cc:114] Feedback manager requires a model with a single signature inference. Disabling support for feedback tensors.
W0000 00:00:1787374325.936141   20200 inference_feedback_manager.cc:114] Feedback manager requires a model with a single signature inference. Disabling support for feedback tensors.
[32m2026-08-22 10:22:09.913[0m | [34m[1mDEBUG   [0m | [36mai_engine.vision.stream_manager[0m:[36m_camera_loop[0m:[36m177[0m - [34m[1m[YOLO] camera=1a32cb23-0820-4385-9ab5-de8e472e2c04 frame=3 detections=1 tracks=0[0m
[32m2026-08-22 10:22:10.176[0m | [34m[1mDEBUG   [0m | [36mai_engine.vision.stream_manager[0m:[36m_camera_loop[0m:[36m177[0m - [34m[1m[YOLO] camera=1a32cb23-0820-4385-9ab5-de8e472e2c04 frame=6 detections=2 tracks=0[0m
[32m2026-08-22 10:22:10.413[0m | [34m[1mDEBUG   [0m | [36mai_engine.vision.stream_manager[0m:[36m_camera_loop[0m:[36m177[0m - [34m[1m[YOLO] camera=1a32cb23-0820-4385-9ab5-de8e472e2c04 frame=9 detections=2 tracks=1[0m
[32m2026-08-22 10:22:10.623[0m | [34m[1mDEBUG   [0m | [36mai_engine.vision.stream_manager[0m:[36m_camera_loop[0m:[36m177[0m - [34m[1m[YOLO] camera=1a32cb23-0820-4385-9ab5-de8e472e2c04 frame=12 detections=2 tracks=2[0m
[32m2026-08-22 10:22:10.828[0m | [34m[1mDEBUG   [0m | [36mai_engine.vision.stream_manager[0m:[36m_camera_loop[0m:[36m177[0m - [34m[1m[YOLO] camera=1a32cb23-0820-4385-9ab5-de8e472e2c04 frame=15 detections=2 tracks=2[0m
[32m2026-08-22 10:22:11.051[0m | [31m[1mERROR   [0m | [36mai_engine.vision.camera_manager[0m:[36mopen[0m:[36m82[0m - [31m[1m[6cf7815f-009b-48e6-bf71-a7548a5e75b0] Cannot open configured source (http://10.179.77.183:8080/video)[0m
[32m2026-08-22 10:22:11.052[0m | [33m[1mWARNING [0m | [36mai_engine.vision.stream_manager[0m:[36m_camera_loop[0m:[36m148[0m - [33m[1mCannot open stream 6cf7815f-009b-48e6-bf71-a7548a5e75b0 (source=http://10.179.77.183:8080/video)[0m
[32m2026-08-22 10:22:11.079[0m | [34m[1mDEBUG   [0m | [36mai_engine.vision.stream_manager[0m:[36m_camera_loop[0m:[36m177[0m - [34m[1m[YOLO] camera=1a32cb23-0820-4385-9ab5-de8e472e2c04 frame=18 detections=2 tracks=2[0m
[32m2026-08-22 10:22:11.305[0m | [34m[1mDEBUG   [0m | [36mai_engine.vision.stream_manager[0m:[36m_camera_loop[0m:[36m177[0m - [34m[1m[YOLO] camera=1a32cb23-0820-4385-9ab5-de8e472e2c04 frame=21 detections=2 tracks=2[0m
[32m2026-08-22 10:22:11.521[0m | [34m[1mDEBUG   [0m | [36mai_engine.vision.stream_manager[0m:[36m_camera_loop[0m:[36m177[0m - [34m[1m[YOLO] camera=1a32cb23-0820-4385-9ab5-de8e472e2c04 frame=24 detections=2 tracks=2[0m
[32m2026-08-22 10:22:11.736[0m | [34m[1mDEBUG   [0m | [36mai_engine.vision.stream_manager[0m:[36m_camera_loop[0m:[36m177[0m - [34m[1m[YOLO] camera=1a32cb23-0820-4385-9ab5-de8e472e2c04 frame=27 detections=2 tracks=2[0m
[32m2026-08-22 10:22:11.949[0m | [34m[1mDEBUG   [0m | [36mai_engine.vision.stream_manager[0m:[36m_camera_loop[0m:[36m177[0m - [34m[1m[YOLO] camera=1a32cb23-0820-4385-9ab5-de8e472e2c04 frame=30 detections=2 tracks=2[0m
[32m2026-08-22 10:22:12.216[0m | [34m[1mDEBUG   [0m | [36magents.behavior_agent.agent[0m:[36m_on_tracks[0m:[36m34[0m - [34m[1m[BEHAVIOR] camera=1a32cb23-0820-4385-9ab5-de8e472e2c04 received 2 tracks for analysis[0m
[32m2026-08-22 10:22:12.283[0m | [34m[1mDEBUG   [0m | [36magents.behavior_agent.agent[0m:[36m_on_tracks[0m:[36m42[0m - [34m[1m[BEHAVIOR] camera=1a32cb23-0820-4385-9ab5-de8e472e2c04 0 behavior(s) flagged by analyzers[0m
[32m2026-08-22 10:22:12.414[0m | [34m[1mDEBUG   [0m | [36mai_engine.vision.stream_manager[0m:[36m_camera_loop[0m:[36m177[0m - [34m[1m[YOLO] camera=1a32cb23-0820-4385-9ab5-de8e472e2c04 frame=33 detections=2 tracks=2[0m
[32m2026-08-22 10:22:12.676[0m | [34m[1mDEBUG   [0m | [36mai_engine.vision.stream_manager[0m:[36m_camera_loop[0m:[36m177[0m - [34m[1m[YOLO] camera=1a32cb23-0820-4385-9ab5-de8e472e2c04 frame=36 detections=2 tracks=2[0m
[32m2026-08-22 10:22:12.935[0m | [34m[1mDEBUG   [0m | [36mai_engine.vision.stream_manager[0m:[36m_camera_loop[0m:[36m177[0m - [34m[1m[YOLO] camera=1a32cb23-0820-4385-9ab5-de8e472e2c04 frame=39 detections=2 tracks=2[0m
[32m2026-08-22 10:22:13.229[0m | [34m[1mDEBUG   [0m | [36mai_engine.vision.stream_manager[0m:[36m_camera_loop[0m:[36m177[0m - [34m[1m[YOLO] camera=1a32cb23-0820-4385-9ab5-de8e472e2c04 frame=42 detections=2 tracks=2[0m
[32m2026-08-22 10:22:13.513[0m | [34m[1mDEBUG   [0m | [36mai_engine.vision.stream_manager[0m:[36m_camera_loop[0m:[36m177[0m - [34m[1m[YOLO] camera=1a32cb23-0820-4385-9ab5-de8e472e2c04 frame=45 detections=2 tracks=2[0m
[32m2026-08-22 10:22:13.759[0m | [34m[1mDEBUG   [0m | [36mai_engine.vision.stream_manager[0m:[36m_camera_loop[0m:[36m177[0m - [34m[1m[YOLO] camera=1a32cb23-0820-4385-9ab5-de8e472e2c04 frame=48 detections=2 tracks=2[0m
[32m2026-08-22 10:22:14.026[0m | [34m[1mDEBUG   [0m | [36mai_engine.vision.stream_manager[0m:[36m_camera_loop[0m:[36m177[0m - [34m[1m[YOLO] camera=1a32cb23-0820-4385-9ab5-de8e472e2c04 frame=51 detections=2 tracks=2[0m
[32m2026-08-22 10:22:14.297[0m | [34m[1mDEBUG   [0m | [36mai_engine.vision.stream_manager[0m:[36m_camera_loop[0m:[36m177[0m - [34m[1m[YOLO] camera=1a32cb23-0820-4385-9ab5-de8e472e2c04 frame=54 detections=2 tracks=2[0m
[32m2026-08-22 10:22:14.564[0m | [34m[1mDEBUG   [0m | [36mai_engine.vision.stream_manager[0m:[36m_camera_loop[0m:[36m177[0m - [34m[1m[YOLO] camera=1a32cb23-0820-4385-9ab5-de8e472e2c04 frame=57 detections=2 tracks=2[0m
[32m2026-08-22 10:22:14.840[0m | [34m[1mDEBUG   [0m | [36mai_engine.vision.stream_manager[0m:[36m_camera_loop[0m:[36m177[0m - [34m[1m[YOLO] camera=1a32cb23-0820-4385-9ab5-de8e472e2c04 frame=60 detections=2 tracks=2[0m
[32m2026-08-22 10:22:15.264[0m | [34m[1mDEBUG   [0m | [36mai_engine.vision.stream_manager[0m:[36m_camera_loop[0m:[36m177[0m - [34m[1m[YOLO] camera=1a32cb23-0820-4385-9ab5-de8e472e2c04 frame=63 detections=2 tracks=2[0m
[32m2026-08-22 10:22:15.543[0m | [34m[1mDEBUG   [0m | [36mai_engine.vision.stream_manager[0m:[36m_camera_loop[0m:[36m177[0m - [34m[1m[YOLO] camera=1a32cb23-0820-4385-9ab5-de8e472e2c04 frame=66 detections=2 tracks=2[0m
[32m2026-08-22 10:22:15.856[0m | [34m[1mDEBUG   [0m | [36mai_engine.vision.stream_manager[0m:[36m_camera_loop[0m:[36m177[0m - [34m[1m[YOLO] camera=1a32cb23-0820-4385-9ab5-de8e472e2c04 frame=69 detections=2 tracks=2[0m
[32m2026-08-22 10:22:16.100[0m | [34m[1mDEBUG   [0m | [36mai_engine.vision.stream_manager[0m:[36m_camera_loop[0m:[36m177[0m - [34m[1m[YOLO] camera=1a32cb23-0820-4385-9ab5-de8e472e2c04 frame=72 detections=2 tracks=2[0m
[32m2026-08-22 10:22:16.345[0m | [34m[1mDEBUG   [0m | [36mai_engine.vision.stream_manager[0m:[36m_camera_loop[0m:[36m177[0m - [34m[1m[YOLO] camera=1a32cb23-0820-4385-9ab5-de8e472e2c04 frame=75 detections=2 tracks=2[0m
[32m2026-08-22 10:22:16.591[0m | [34m[1mDEBUG   [0m | [36mai_engine.vision.stream_manager[0m:[36m_camera_loop[0m:[36m177[0m - [34m[1m[YOLO] camera=1a32cb23-0820-4385-9ab5-de8e472e2c04 frame=78 detections=2 tracks=2[0m
[32m2026-08-22 10:22:16.821[0m | [34m[1mDEBUG   [0m | [36mai_engine.vision.stream_manager[0m:[36m_camera_loop[0m:[36m177[0m - [34m[1m[YOLO] camera=1a32cb23-0820-4385-9ab5-de8e472e2c04 frame=81 detections=2 tracks=2[0m
[32m2026-08-22 10:22:17.070[0m | [34m[1mDEBUG   [0m | [36mai_engine.vision.stream_manager[0m:[36m_camera_loop[0m:[36m177[0m - [34m[1m[YOLO] camera=1a32cb23-0820-4385-9ab5-de8e472e2c04 frame=84 detections=2 tracks=2[0m
[32m2026-08-22 10:22:17.336[0m | [34m[1mDEBUG   [0m | [36mai_engine.vision.stream_manager[0m:[36m_camera_loop[0m:[36m177[0m - [34m[1m[YOLO] camera=1a32cb23-0820-4385-9ab5-de8e472e2c04 frame=87 detections=2 tracks=2[0m
[32m2026-08-22 10:22:17.586[0m | [34m[1mDEBUG   [0m | [36mai_engine.vision.stream_manager[0m:[36m_camera_loop[0m:[36m177[0m - [34m[1m[YOLO] camera=1a32cb23-0820-4385-9ab5-de8e472e2c04 frame=90 detections=2 tracks=2[0m
[32m2026-08-22 10:22:17.929[0m | [34m[1mDEBUG   [0m | [36mai_engine.vision.stream_manager[0m:[36m_camera_loop[0m:[36m177[0m - [34m[1m[YOLO] camera=1a32cb23-0820-4385-9ab5-de8e472e2c04 frame=93 detections=2 tracks=2[0m
[32m2026-08-22 10:22:18.181[0m | [34m[1mDEBUG   [0m | [36mai_engine.vision.stream_manager[0m:[36m_camera_loop[0m:[36m177[0m - [34m[1m[YOLO] camera=1a32cb23-0820-4385-9ab5-de8e472e2c04 frame=96 detections=2 tracks=2[0m
[32m2026-08-22 10:22:18.448[0m | [34m[1mDEBUG   [0m | [36mai_engine.vision.stream_manager[0m:[36m_camera_loop[0m:[36m177[0m - [34m[1m[YOLO] camera=1a32cb23-0820-4385-9ab5-de8e472e2c04 frame=99 detections=2 tracks=2[0m
[32m2026-08-22 10:22:18.726[0m | [34m[1mDEBUG   [0m | [36mai_engine.vision.stream_manager[0m:[36m_camera_loop[0m:[36m177[0m - [34m[1m[YOLO] camera=1a32cb23-0820-4385-9ab5-de8e472e2c04 frame=102 detections=2 tracks=2[0m
[32m2026-08-22 10:22:19.011[0m | [34m[1mDEBUG   [0m | [36mai_engine.vision.stream_manager[0m:[36m_camera_loop[0m:[36m177[0m - [34m[1m[YOLO] camera=1a32cb23-0820-4385-9ab5-de8e472e2c04 frame=105 detections=2 tracks=2[0m
[32m2026-08-22 10:22:19.239[0m | [34m[1mDEBUG   [0m | [36mai_engine.vision.stream_manager[0m:[36m_camera_loop[0m:[36m177[0m - [34m[1m[YOLO] camera=1a32cb23-0820-4385-9ab5-de8e472e2c04 frame=108 detections=2 tracks=2[0m
[32m2026-08-22 10:22:19.505[0m | [34m[1mDEBUG   [0m | [36mai_engine.vision.stream_manager[0m:[36m_camera_loop[0m:[36m177[0m - [34m[1m[YOLO] camera=1a32cb23-0820-4385-9ab5-de8e472e2c04 frame=111 detections=2 tracks=2[0m
[32m2026-08-22 10:22:19.724[0m | [34m[1mDEBUG   [0m | [36mai_engine.vision.stream_manager[0m:[36m_camera_loop[0m:[36m177[0m - [34m[1m[YOLO] camera=1a32cb23-0820-4385-9ab5-de8e472e2c04 frame=114 detections=2 tracks=2[0m
[32m2026-08-22 10:22:19.999[0m | [34m[1mDEBUG   [0m | [36mai_engine.vision.stream_manager[0m:[36m_camera_loop[0m:[36m177[0m - [34m[1m[YOLO] camera=1a32cb23-0820-4385-9ab5-de8e472e2c04 frame=117 detections=2 tracks=2[0m
[32m2026-08-22 10:22:20.218[0m | [34m[1mDEBUG   [0m | [36mai_engine.vision.stream_manager[0m:[36m_camera_loop[0m:[36m177[0m - [34m[1m[YOLO] camera=1a32cb23-0820-4385-9ab5-de8e472e2c04 frame=120 detections=2 tracks=2[0m
[32m2026-08-22 10:22:20.503[0m | [34m[1mDEBUG   [0m | [36mai_engine.vision.stream_manager[0m:[36m_camera_loop[0m:[36m177[0m - [34m[1m[YOLO] camera=1a32cb23-0820-4385-9ab5-de8e472e2c04 frame=123 detections=2 tracks=2[0m
[32m2026-08-22 10:22:20.767[0m | [34m[1mDEBUG   [0m | [36mai_engine.vision.stream_manager[0m:[36m_camera_loop[0m:[36m177[0m - [34m[1m[YOLO] camera=1a32cb23-0820-4385-9ab5-de8e472e2c04 frame=126 detections=2 tracks=2[0m
[32m2026-08-22 10:22:20.994[0m | [34m[1mDEBUG   [0m | [36mai_engine.vision.stream_manager[0m:[36m_camera_loop[0m:[36m177[0m - [34m[1m[YOLO] camera=1a32cb23-0820-4385-9ab5-de8e472e2c04 frame=129 detections=2 tracks=2[0m
[32m2026-08-22 10:22:21.237[0m | [34m[1mDEBUG   [0m | [36mai_engine.vision.stream_manager[0m:[36m_camera_loop[0m:[36m177[0m - [34m[1m[YOLO] camera=1a32cb23-0820-4385-9ab5-de8e472e2c04 frame=132 detections=2 tracks=2[0m
[32m2026-08-22 10:22:21.513[0m | [34m[1mDEBUG   [0m | [36mai_engine.vision.stream_manager[0m:[36m_camera_loop[0m:[36m177[0m - [34m[1m[YOLO] camera=1a32cb23-0820-4385-9ab5-de8e472e2c04 frame=135 detections=2 tracks=2[0m
[32m2026-08-22 10:22:21.721[0m | [34m[1mDEBUG   [0m | [36mai_engine.vision.stream_manager[0m:[36m_camera_loop[0m:[36m177[0m - [34m[1m[YOLO] camera=1a32cb23-0820-4385-9ab5-de8e472e2c04 frame=138 detections=2 tracks=2[0m
[32m2026-08-22 10:22:21.977[0m | [34m[1mDEBUG   [0m | [36mai_engine.vision.stream_manager[0m:[36m_camera_loop[0m:[36m177[0m - [34m[1m[YOLO] camera=1a32cb23-0820-4385-9ab5-de8e472e2c04 frame=141 detections=2 tracks=2[0m
[32m2026-08-22 10:22:22.227[0m | [34m[1mDEBUG   [0m | [36mai_engine.vision.stream_manager[0m:[36m_camera_loop[0m:[36m177[0m - [34m[1m[YOLO] camera=1a32cb23-0820-4385-9ab5-de8e472e2c04 frame=144 detections=2 tracks=2[0m
[32m2026-08-22 10:22:22.471[0m | [34m[1mDEBUG   [0m | [36mai_engine.vision.stream_manager[0m:[36m_camera_loop[0m:[36m177[0m - [34m[1m[YOLO] camera=1a32cb23-0820-4385-9ab5-de8e472e2c04 frame=147 detections=2 tracks=2[0m
[32m2026-08-22 10:22:22.730[0m | [34m[1mDEBUG   [0m | [36mai_engine.vision.stream_manager[0m:[36m_camera_loop[0m:[36m177[0m - [34m[1m[YOLO] camera=1a32cb23-0820-4385-9ab5-de8e472e2c04 frame=150 detections=2 tracks=2[0m
[32m2026-08-22 10:22:23.027[0m | [34m[1mDEBUG   [0m | [36mai_engine.vision.stream_manager[0m:[36m_camera_loop[0m:[36m177[0m - [34m[1m[YOLO] camera=1a32cb23-0820-4385-9ab5-de8e472e2c04 frame=153 detections=2 tracks=2[0m
[32m2026-08-22 10:22:23.267[0m | [34m[1mDEBUG   [0m | [36mai_engine.vision.stream_manager[0m:[36m_camera_loop[0m:[36m177[0m - [34m[1m[YOLO] camera=1a32cb23-0820-4385-9ab5-de8e472e2c04 frame=156 detections=2 tracks=2[0m
[32m2026-08-22 10:22:23.502[0m | [34m[1mDEBUG   [0m | [36mai_engine.vision.stream_manager[0m:[36m_camera_loop[0m:[36m177[0m - [34m[1m[YOLO] camera=1a32cb23-0820-4385-9ab5-de8e472e2c04 frame=159 detections=2 tracks=2[0m
[32m2026-08-22 10:22:23.735[0m | [34m[1mDEBUG   [0m | [36mai_engine.vision.stream_manager[0m:[36m_camera_loop[0m:[36m177[0m - [34m[1m[YOLO] camera=1a32cb23-0820-4385-9ab5-de8e472e2c04 frame=162 detections=2 tracks=2[0m
[32m2026-08-22 10:22:23.980[0m | [34m[1mDEBUG   [0m | [36mai_engine.vision.stream_manager[0m:[36m_camera_loop[0m:[36m177[0m - [34m[1m[YOLO] camera=1a32cb23-0820-4385-9ab5-de8e472e2c04 frame=165 detections=2 tracks=2[0m
[32m2026-08-22 10:22:24.190[0m | [34m[1mDEBUG   [0m | [36mai_engine.vision.stream_manager[0m:[36m_camera_loop[0m:[36m177[0m - [34m[1m[YOLO] camera=1a32cb23-0820-4385-9ab5-de8e472e2c04 frame=168 detections=1 tracks=2[0m
[32m2026-08-22 10:22:24.429[0m | [34m[1mDEBUG   [0m | [36mai_engine.vision.stream_manager[0m:[36m_camera_loop[0m:[36m177[0m - [34m[1m[YOLO] camera=1a32cb23-0820-4385-9ab5-de8e472e2c04 frame=171 detections=1 tracks=2[0m
[32m2026-08-22 10:22:24.673[0m | [34m[1mDEBUG   [0m | [36mai_engine.vision.stream_manager[0m:[36m_camera_loop[0m:[36m177[0m - [34m[1m[YOLO] camera=1a32cb23-0820-4385-9ab5-de8e472e2c04 frame=174 detections=1 tracks=2[0m
[32m2026-08-22 10:22:24.903[0m | [34m[1mDEBUG   [0m | [36mai_engine.vision.stream_manager[0m:[36m_camera_loop[0m:[36m177[0m - [34m[1m[YOLO] camera=1a32cb23-0820-4385-9ab5-de8e472e2c04 frame=177 detections=1 tracks=2[0m
[32m2026-08-22 10:22:25.190[0m | [34m[1mDEBUG   [0m | [36mai_engine.vision.stream_manager[0m:[36m_camera_loop[0m:[36m177[0m - [34m[1m[YOLO] camera=1a32cb23-0820-4385-9ab5-de8e472e2c04 frame=180 detections=1 tracks=2[0m
[32m2026-08-22 10:22:25.622[0m | [34m[1mDEBUG   [0m | [36mai_engine.vision.stream_manager[0m:[36m_camera_loop[0m:[36m177[0m - [34m[1m[YOLO] camera=1a32cb23-0820-4385-9ab5-de8e472e2c04 frame=183 detections=1 tracks=2[0m
[32m2026-08-22 10:22:25.988[0m | [34m[1mDEBUG   [0m | [36mai_engine.vision.stream_manager[0m:[36m_camera_loop[0m:[36m177[0m - [34m[1m[YOLO] camera=1a32cb23-0820-4385-9ab5-de8e472e2c04 frame=186 detections=1 tracks=2[0m
[32m2026-08-22 10:22:26.155[0m | [31m[1mERROR   [0m | [36mai_engine.vision.camera_manager[0m:[36mopen[0m:[36m82[0m - [31m[1m[6cf7815f-009b-48e6-bf71-a7548a5e75b0] Cannot open configured source (http://10.179.77.183:8080/video)[0m
[32m2026-08-22 10:22:26.155[0m | [33m[1mWARNING [0m | [36mai_engine.vision.stream_manager[0m:[36m_camera_loop[0m:[36m148[0m - [33m[1mCannot open stream 6cf7815f-009b-48e6-bf71-a7548a5e75b0 (source=http://10.179.77.183:8080/video)[0m
[32m2026-08-22 10:22:26.335[0m | [34m[1mDEBUG   [0m | [36mai_engine.vision.stream_manager[0m:[36m_camera_loop[0m:[36m177[0m - [34m[1m[YOLO] camera=1a32cb23-0820-4385-9ab5-de8e472e2c04 frame=189 detections=1 tracks=2[0m
[32m2026-08-22 10:22:26.640[0m | [34m[1mDEBUG   [0m | [36mai_engine.vision.stream_manager[0m:[36m_camera_loop[0m:[36m177[0m - [34m[1m[YOLO] camera=1a32cb23-0820-4385-9ab5-de8e472e2c04 frame=192 detections=1 tracks=2[0m
[32m2026-08-22 10:22:26.681[0m | [34m[1mDEBUG   [0m | [36magents.behavior_agent.agent[0m:[36m_run_abd[0m:[36m107[0m - [34m[1m[ABD] camera=1a32cb23-0820-4385-9ab5-de8e472e2c04 feature_vec=[2, 0.0, 0.0, 0.0, 0.0] score=0.000[0m
[32m2026-08-22 10:22:26.681[0m | [34m[1mDEBUG   [0m | [36magents.behavior_agent.agent[0m:[36m_on_tracks[0m:[36m46[0m - [34m[1m[ABD] camera=1a32cb23-0820-4385-9ab5-de8e472e2c04 anomaly_score=0.000[0m
[32m2026-08-22 10:22:26.689[0m | [34m[1mDEBUG   [0m | [36magents.behavior_agent.agent[0m:[36m_on_tracks[0m:[36m34[0m - [34m[1m[BEHAVIOR] camera=1a32cb23-0820-4385-9ab5-de8e472e2c04 received 2 tracks for analysis[0m
[32m2026-08-22 10:22:26.689[0m | [34m[1mDEBUG   [0m | [36magents.behavior_agent.agent[0m:[36m_on_tracks[0m:[36m42[0m - [34m[1m[BEHAVIOR] camera=1a32cb23-0820-4385-9ab5-de8e472e2c04 0 behavior(s) flagged by analyzers[0m
[32m2026-08-22 10:22:26.690[0m | [34m[1mDEBUG   [0m | [36magents.behavior_agent.agent[0m:[36m_run_abd[0m:[36m107[0m - [34m[1m[ABD] camera=1a32cb23-0820-4385-9ab5-de8e472e2c04 feature_vec=[2, 0.0, 0.0, 0.0, 0.0] score=0.000[0m
[32m2026-08-22 10:22:26.690[0m | [34m[1mDEBUG   [0m | [36magents.behavior_agent.agent[0m:[36m_on_tracks[0m:[36m46[0m - [34m[1m[ABD] camera=1a32cb23-0820-4385-9ab5-de8e472e2c04 anomaly_score=0.000[0m
[32m2026-08-22 10:22:26.697[0m | [34m[1mDEBUG   [0m | [36magents.behavior_agent.agent[0m:[36m_on_tracks[0m:[36m34[0m - [34m[1m[BEHAVIOR] camera=1a32cb23-0820-4385-9ab5-de8e472e2c04 received 2 tracks for analysis[0m
[32m2026-08-22 10:22:26.697[0m | [34m[1mDEBUG   [0m | [36magents.behavior_agent.agent[0m:[36m_on_tracks[0m:[36m42[0m - [34m[1m[BEHAVIOR] camera=1a32cb23-0820-4385-9ab5-de8e472e2c04 0 behavior(s) flagged by analyzers[0m
[32m2026-08-22 10:22:26.697[0m | [34m[1mDEBUG   [0m | [36magents.behavior_agent.agent[0m:[36m_run_abd[0m:[36m107[0m - [34m[1m[ABD] camera=1a32cb23-0820-4385-9ab5-de8e472e2c04 feature_vec=[2, 0.0, 0.0, 0.0, 0.0] score=0.000[0m
[32m2026-08-22 10:22:26.698[0m | [34m[1mDEBUG   [0m | [36magents.behavior_agent.agent[0m:[36m_on_tracks[0m:[36m46[0m - [34m[1m[ABD] camera=1a32cb23-0820-4385-9ab5-de8e472e2c04 anomaly_score=0.000[0m
[32m2026-08-22 10:22:26.704[0m | [34m[1mDEBUG   [0m | [36magents.behavior_agent.agent[0m:[36m_on_tracks[0m:[36m34[0m - [34m[1m[BEHAVIOR] camera=1a32cb23-0820-4385-9ab5-de8e472e2c04 received 2 tracks for analysis[0m
[32m2026-08-22 10:22:26.705[0m | [34m[1mDEBUG   [0m | [36magents.behavior_agent.agent[0m:[36m_on_tracks[0m:[36m42[0m - [34m[1m[BEHAVIOR] camera=1a32cb23-0820-4385-9ab5-de8e472e2c04 2 behavior(s) flagged by analyzers[0m
[32m2026-08-22 10:22:26.705[0m | [34m[1mDEBUG   [0m | [36magents.behavior_agent.agent[0m:[36m_run_abd[0m:[36m107[0m - [34m[1m[ABD] camera=1a32cb23-0820-4385-9ab5-de8e472e2c04 feature_vec=[2, 0.0, 0.0, 0.0, 0.0] score=0.000[0m
[32m2026-08-22 10:22:26.705[0m | [34m[1mDEBUG   [0m | [36magents.behavior_agent.agent[0m:[36m_on_tracks[0m:[36m46[0m - [34m[1m[ABD] camera=1a32cb23-0820-4385-9ab5-de8e472e2c04 anomaly_score=0.000[0m
[32m2026-08-22 10:22:26.833[0m | [1mINFO    [0m | [36magents.behavior_agent.agent[0m:[36m_on_tracks[0m:[36m70[0m - [1mBehaviorAgent: 2 behaviors detected on camera 1a32cb23-0820-4385-9ab5-de8e472e2c04[0m
[32m2026-08-22 10:22:26.834[0m | [34m[1mDEBUG   [0m | [36magents.behavior_agent.agent[0m:[36m_on_tracks[0m:[36m34[0m - [34m[1m[BEHAVIOR] camera=1a32cb23-0820-4385-9ab5-de8e472e2c04 received 2 tracks for analysis[0m
[32m2026-08-22 10:22:26.835[0m | [34m[1mDEBUG   [0m | [36magents.behavior_agent.agent[0m:[36m_on_tracks[0m:[36m42[0m - [34m[1m[BEHAVIOR] camera=1a32cb23-0820-4385-9ab5-de8e472e2c04 0 behavior(s) flagged by analyzers[0m
[32m2026-08-22 10:22:26.835[0m | [34m[1mDEBUG   [0m | [36magents.behavior_agent.agent[0m:[36m_run_abd[0m:[36m107[0m - [34m[1m[ABD] camera=1a32cb23-0820-4385-9ab5-de8e472e2c04 feature_vec=[2, 0.0, 0.0, 0.0, 0.0] score=0.000[0m
[32m2026-08-22 10:22:26.836[0m | [34m[1mDEBUG   [0m | [36magents.behavior_agent.agent[0m:[36m_on_tracks[0m:[36m46[0m - [34m[1m[ABD] camera=1a32cb23-0820-4385-9ab5-de8e472e2c04 anomaly_score=0.000[0m
[32m2026-08-22 10:22:26.844[0m | [34m[1mDEBUG   [0m | [36magents.behavior_agent.agent[0m:[36m_on_tracks[0m:[36m34[0m - [34m[1m[BEHAVIOR] camera=1a32cb23-0820-4385-9ab5-de8e472e2c04 received 2 tracks for analysis[0m
[32m2026-08-22 10:22:26.844[0m | [34m[1mDEBUG   [0m | [36magents.behavior_agent.agent[0m:[36m_on_tracks[0m:[36m42[0m - [34m[1m[BEHAVIOR] camera=1a32cb23-0820-4385-9ab5-de8e472e2c04 0 behavior(s) flagged by analyzers[0m
[32m2026-08-22 10:22:26.845[0m | [34m[1mDEBUG   [0m | [36magents.behavior_agent.agent[0m:[36m_run_abd[0m:[36m107[0m - [34m[1m[ABD] camera=1a32cb23-0820-4385-9ab5-de8e472e2c04 feature_vec=[2, 0.0, 0.0, 0.0, 0.0] score=0.000[0m
[32m2026-08-22 10:22:26.845[0m | [34m[1mDEBUG   [0m | [36magents.behavior_agent.agent[0m:[36m_on_tracks[0m:[36m46[0m - [34m[1m[ABD] camera=1a32cb23-0820-4385-9ab5-de8e472e2c04 anomaly_score=0.000[0m
[32m2026-08-22 10:22:26.862[0m | [34m[1mDEBUG   [0m | [36mai_engine.prediction.threat_predictor[0m:[36m_load_models[0m:[36m48[0m - [34m[1mNo RF model found for 1a32cb23-0820-4385-9ab5-de8e472e2c04 — using rule-based fallback[0m
[32m2026-08-22 10:22:26.862[0m | [34m[1mDEBUG   [0m | [36magents.prediction_agent.agent[0m:[36m_on_behavior_state[0m:[36m24[0m - [34m[1m[THREAT_SCORE] camera=1a32cb23-0820-4385-9ab5-de8e472e2c04 {}[0m
[32m2026-08-22 10:22:26.863[0m | [34m[1mDEBUG   [0m | [36magents.prediction_agent.agent[0m:[36m_on_behavior_state[0m:[36m24[0m - [34m[1m[THREAT_SCORE] camera=1a32cb23-0820-4385-9ab5-de8e472e2c04 {}[0m
[32m2026-08-22 10:22:26.864[0m | [34m[1mDEBUG   [0m | [36magents.prediction_agent.agent[0m:[36m_on_behavior_state[0m:[36m24[0m - [34m[1m[THREAT_SCORE] camera=1a32cb23-0820-4385-9ab5-de8e472e2c04 {}[0m
[32m2026-08-22 10:22:26.864[0m | [34m[1mDEBUG   [0m | [36magents.prediction_agent.agent[0m:[36m_on_behavior_state[0m:[36m24[0m - [34m[1m[THREAT_SCORE] camera=1a32cb23-0820-4385-9ab5-de8e472e2c04 {}[0m
[32m2026-08-22 10:22:26.865[0m | [34m[1mDEBUG   [0m | [36magents.prediction_agent.agent[0m:[36m_on_behavior_state[0m:[36m24[0m - [34m[1m[THREAT_SCORE] camera=1a32cb23-0820-4385-9ab5-de8e472e2c04 {}[0m
[32m2026-08-22 10:22:26.865[0m | [34m[1mDEBUG   [0m | [36magents.prediction_agent.agent[0m:[36m_on_behavior_state[0m:[36m24[0m - [34m[1m[THREAT_SCORE] camera=1a32cb23-0820-4385-9ab5-de8e472e2c04 {}[0m
[32m2026-08-22 10:22:26.942[0m | [34m[1mDEBUG   [0m | [36mai_engine.vision.stream_manager[0m:[36m_camera_loop[0m:[36m177[0m - [34m[1m[YOLO] camera=1a32cb23-0820-4385-9ab5-de8e472e2c04 frame=195 detections=2 tracks=2[0m
[32m2026-08-22 10:22:27.259[0m | [34m[1mDEBUG   [0m | [36mai_engine.vision.stream_manager[0m:[36m_camera_loop[0m:[36m177[0m - [34m[1m[YOLO] camera=1a32cb23-0820-4385-9ab5-de8e472e2c04 frame=198 detections=1 tracks=2[0m
[32m2026-08-22 10:22:27.584[0m | [34m[1mDEBUG   [0m | [36mai_engine.vision.stream_manager[0m:[36m_camera_loop[0m:[36m177[0m - [34m[1m[YOLO] camera=1a32cb23-0820-4385-9ab5-de8e472e2c04 frame=201 detections=1 tracks=2[0m
[32m2026-08-22 10:22:27.913[0m | [34m[1mDEBUG   [0m | [36mai_engine.vision.stream_manager[0m:[36m_camera_loop[0m:[36m177[0m - [34m[1m[YOLO] camera=1a32cb23-0820-4385-9ab5-de8e472e2c04 frame=204 detections=1 tracks=2[0m
[32m2026-08-22 10:22:28.240[0m | [34m[1mDEBUG   [0m | [36mai_engine.vision.stream_manager[0m:[36m_camera_loop[0m:[36m177[0m - [34m[1m[YOLO] camera=1a32cb23-0820-4385-9ab5-de8e472e2c04 frame=207 detections=2 tracks=2[0m
[32m2026-08-22 10:22:28.555[0m | [34m[1mDEBUG   [0m | [36mai_engine.vision.stream_manager[0m:[36m_camera_loop[0m:[36m177[0m - [34m[1m[YOLO] camera=1a32cb23-0820-4385-9ab5-de8e472e2c04 frame=210 detections=2 tracks=2[0m
[32m2026-08-22 10:22:28.681[0m | [34m[1mDEBUG   [0m | [36magents.behavior_agent.agent[0m:[36m_on_tracks[0m:[36m34[0m - [34m[1m[BEHAVIOR] camera=1a32cb23-0820-4385-9ab5-de8e472e2c04 received 2 tracks for analysis[0m
[32m2026-08-22 10:22:28.682[0m | [34m[1mDEBUG   [0m | [36magents.behavior_agent.agent[0m:[36m_on_tracks[0m:[36m42[0m - [34m[1m[BEHAVIOR] camera=1a32cb23-0820-4385-9ab5-de8e472e2c04 0 behavior(s) flagged by analyzers[0m
[32m2026-08-22 10:22:28.683[0m | [34m[1mDEBUG   [0m | [36magents.behavior_agent.agent[0m:[36m_run_abd[0m:[36m107[0m - [34m[1m[ABD] camera=1a32cb23-0820-4385-9ab5-de8e472e2c04 feature_vec=[2, 0.0, 0.0, 0.0, 0.0] score=0.000[0m
[32m2026-08-22 10:22:28.683[0m | [34m[1mDEBUG   [0m | [36magents.behavior_agent.agent[0m:[36m_on_tracks[0m:[36m46[0m - [34m[1m[ABD] camera=1a32cb23-0820-4385-9ab5-de8e472e2c04 anomaly_score=0.000[0m
[32m2026-08-22 10:22:28.691[0m | [34m[1mDEBUG   [0m | [36magents.prediction_agent.agent[0m:[36m_on_behavior_state[0m:[36m24[0m - [34m[1m[THREAT_SCORE] camera=1a32cb23-0820-4385-9ab5-de8e472e2c04 {}[0m
[32m2026-08-22 10:22:28.951[0m | [34m[1mDEBUG   [0m | [36mai_engine.vision.stream_manager[0m:[36m_camera_loop[0m:[36m177[0m - [34m[1m[YOLO] camera=1a32cb23-0820-4385-9ab5-de8e472e2c04 frame=213 detections=2 tracks=2[0m
[32m2026-08-22 10:22:29.313[0m | [34m[1mDEBUG   [0m | [36mai_engine.vision.stream_manager[0m:[36m_camera_loop[0m:[36m177[0m - [34m[1m[YOLO] camera=1a32cb23-0820-4385-9ab5-de8e472e2c04 frame=216 detections=2 tracks=2[0m
[32m2026-08-22 10:22:29.675[0m | [34m[1mDEBUG   [0m | [36mai_engine.vision.stream_manager[0m:[36m_camera_loop[0m:[36m177[0m - [34m[1m[YOLO] camera=1a32cb23-0820-4385-9ab5-de8e472e2c04 frame=219 detections=2 tracks=2[0m
[32m2026-08-22 10:22:30.042[0m | [34m[1mDEBUG   [0m | [36mai_engine.vision.stream_manager[0m:[36m_camera_loop[0m:[36m177[0m - [34m[1m[YOLO] camera=1a32cb23-0820-4385-9ab5-de8e472e2c04 frame=222 detections=2 tracks=2[0m
[32m2026-08-22 10:22:30.368[0m | [34m[1mDEBUG   [0m | [36mai_engine.vision.stream_manager[0m:[36m_camera_loop[0m:[36m177[0m - [34m[1m[YOLO] camera=1a32cb23-0820-4385-9ab5-de8e472e2c04 frame=225 detections=1 tracks=2[0m
[32m2026-08-22 10:22:30.724[0m | [34m[1mDEBUG   [0m | [36mai_engine.vision.stream_manager[0m:[36m_camera_loop[0m:[36m177[0m - [34m[1m[YOLO] camera=1a32cb23-0820-4385-9ab5-de8e472e2c04 frame=228 detections=1 tracks=2[0m
[32m2026-08-22 10:22:31.077[0m | [34m[1mDEBUG   [0m | [36mai_engine.vision.stream_manager[0m:[36m_camera_loop[0m:[36m177[0m - [34m[1m[YOLO] camera=1a32cb23-0820-4385-9ab5-de8e472e2c04 frame=231 detections=2 tracks=2[0m
[32m2026-08-22 10:22:31.412[0m | [34m[1mDEBUG   [0m | [36mai_engine.vision.stream_manager[0m:[36m_camera_loop[0m:[36m177[0m - [34m[1m[YOLO] camera=1a32cb23-0820-4385-9ab5-de8e472e2c04 frame=234 detections=2 tracks=2[0m
[32m2026-08-22 10:22:31.761[0m | [34m[1mDEBUG   [0m | [36mai_engine.vision.stream_manager[0m:[36m_camera_loop[0m:[36m177[0m - [34m[1m[YOLO] camera=1a32cb23-0820-4385-9ab5-de8e472e2c04 frame=237 detections=2 tracks=2[0m
[32m2026-08-22 10:22:32.304[0m | [34m[1mDEBUG   [0m | [36mai_engine.vision.stream_manager[0m:[36m_camera_loop[0m:[36m177[0m - [34m[1m[YOLO] camera=1a32cb23-0820-4385-9ab5-de8e472e2c04 frame=240 detections=2 tracks=2[0m
[32m2026-08-22 10:22:32.454[0m | [34m[1mDEBUG   [0m | [36magents.behavior_agent.agent[0m:[36m_on_tracks[0m:[36m34[0m - [34m[1m[BEHAVIOR] camera=1a32cb23-0820-4385-9ab5-de8e472e2c04 received 2 tracks for analysis[0m
[32m2026-08-22 10:22:32.455[0m | [34m[1mDEBUG   [0m | [36magents.behavior_agent.agent[0m:[36m_on_tracks[0m:[36m42[0m - [34m[1m[BEHAVIOR] camera=1a32cb23-0820-4385-9ab5-de8e472e2c04 0 behavior(s) flagged by analyzers[0m
[32m2026-08-22 10:22:32.455[0m | [34m[1mDEBUG   [0m | [36magents.behavior_agent.agent[0m:[36m_run_abd[0m:[36m107[0m - [34m[1m[ABD] camera=1a32cb23-0820-4385-9ab5-de8e472e2c04 feature_vec=[2, 0.0, 0.0, 0.0, 0.0] score=0.000[0m
[32m2026-08-22 10:22:32.455[0m | [34m[1mDEBUG   [0m | [36magents.behavior_agent.agent[0m:[36m_on_tracks[0m:[36m46[0m - [34m[1m[ABD] camera=1a32cb23-0820-4385-9ab5-de8e472e2c04 anomaly_score=0.000[0m
[32m2026-08-22 10:22:32.463[0m | [34m[1mDEBUG   [0m | [36magents.prediction_agent.agent[0m:[36m_on_behavior_state[0m:[36m24[0m - [34m[1m[THREAT_SCORE] camera=1a32cb23-0820-4385-9ab5-de8e472e2c04 {}[0m
[32m2026-08-22 10:22:32.722[0m | [34m[1mDEBUG   [0m | [36mai_engine.vision.stream_manager[0m:[36m_camera_loop[0m:[36m177[0m - [34m[1m[YOLO] camera=1a32cb23-0820-4385-9ab5-de8e472e2c04 frame=243 detections=2 tracks=2[0m
[32m2026-08-22 10:22:33.052[0m | [34m[1mDEBUG   [0m | [36mai_engine.vision.stream_manager[0m:[36m_camera_loop[0m:[36m177[0m - [34m[1m[YOLO] camera=1a32cb23-0820-4385-9ab5-de8e472e2c04 frame=246 detections=2 tracks=2[0m
[32m2026-08-22 10:22:33.348[0m | [34m[1mDEBUG   [0m | [36mai_engine.vision.stream_manager[0m:[36m_camera_loop[0m:[36m177[0m - [34m[1m[YOLO] camera=1a32cb23-0820-4385-9ab5-de8e472e2c04 frame=249 detections=2 tracks=2[0m
[32m2026-08-22 10:22:33.666[0m | [34m[1mDEBUG   [0m | [36mai_engine.vision.stream_manager[0m:[36m_camera_loop[0m:[36m177[0m - [34m[1m[YOLO] camera=1a32cb23-0820-4385-9ab5-de8e472e2c04 frame=252 detections=2 tracks=2[0m
[32m2026-08-22 10:22:33.974[0m | [34m[1mDEBUG   [0m | [36mai_engine.vision.stream_manager[0m:[36m_camera_loop[0m:[36m177[0m - [34m[1m[YOLO] camera=1a32cb23-0820-4385-9ab5-de8e472e2c04 frame=255 detections=2 tracks=2[0m
[32m2026-08-22 10:22:34.274[0m | [34m[1mDEBUG   [0m | [36mai_engine.vision.stream_manager[0m:[36m_camera_loop[0m:[36m177[0m - [34m[1m[YOLO] camera=1a32cb23-0820-4385-9ab5-de8e472e2c04 frame=258 detections=2 tracks=2[0m
[32m2026-08-22 10:22:34.587[0m | [34m[1mDEBUG   [0m | [36mai_engine.vision.stream_manager[0m:[36m_camera_loop[0m:[36m177[0m - [34m[1m[YOLO] camera=1a32cb23-0820-4385-9ab5-de8e472e2c04 frame=261 detections=2 tracks=2[0m
[32m2026-08-22 10:22:34.926[0m | [34m[1mDEBUG   [0m | [36mai_engine.vision.stream_manager[0m:[36m_camera_loop[0m:[36m177[0m - [34m[1m[YOLO] camera=1a32cb23-0820-4385-9ab5-de8e472e2c04 frame=264 detections=2 tracks=2[0m
[32m2026-08-22 10:22:35.248[0m | [34m[1mDEBUG   [0m | [36mai_engine.vision.stream_manager[0m:[36m_camera_loop[0m:[36m177[0m - [34m[1m[YOLO] camera=1a32cb23-0820-4385-9ab5-de8e472e2c04 frame=267 detections=2 tracks=2[0m
INFO:     127.0.0.1:63869 - "OPTIONS /api/v1/auth/login HTTP/1.1" 200 OK
[32m2026-08-22 10:22:35.572[0m | [34m[1mDEBUG   [0m | [36mai_engine.vision.stream_manager[0m:[36m_camera_loop[0m:[36m177[0m - [34m[1m[YOLO] camera=1a32cb23-0820-4385-9ab5-de8e472e2c04 frame=270 detections=2 tracks=2[0m
[32m2026-08-22 10:22:35.695[0m | [34m[1mDEBUG   [0m | [36magents.behavior_agent.agent[0m:[36m_on_tracks[0m:[36m34[0m - [34m[1m[BEHAVIOR] camera=1a32cb23-0820-4385-9ab5-de8e472e2c04 received 2 tracks for analysis[0m
[32m2026-08-22 10:22:35.695[0m | [34m[1mDEBUG   [0m | [36magents.behavior_agent.agent[0m:[36m_on_tracks[0m:[36m42[0m - [34m[1m[BEHAVIOR] camera=1a32cb23-0820-4385-9ab5-de8e472e2c04 0 behavior(s) flagged by analyzers[0m
[32m2026-08-22 10:22:35.695[0m | [34m[1mDEBUG   [0m | [36magents.behavior_agent.agent[0m:[36m_run_abd[0m:[36m107[0m - [34m[1m[ABD] camera=1a32cb23-0820-4385-9ab5-de8e472e2c04 feature_vec=[2, 0.0, 0.0, 0.0, 0.0] score=0.000[0m
[32m2026-08-22 10:22:35.696[0m | [34m[1mDEBUG   [0m | [36magents.behavior_agent.agent[0m:[36m_on_tracks[0m:[36m46[0m - [34m[1m[ABD] camera=1a32cb23-0820-4385-9ab5-de8e472e2c04 anomaly_score=0.000[0m
[32m2026-08-22 10:22:35.703[0m | [34m[1mDEBUG   [0m | [36magents.prediction_agent.agent[0m:[36m_on_behavior_state[0m:[36m24[0m - [34m[1m[THREAT_SCORE] camera=1a32cb23-0820-4385-9ab5-de8e472e2c04 {}[0m
[32m2026-08-22 10:22:35.947[0m | [34m[1mDEBUG   [0m | [36mai_engine.vision.stream_manager[0m:[36m_camera_loop[0m:[36m177[0m - [34m[1m[YOLO] camera=1a32cb23-0820-4385-9ab5-de8e472e2c04 frame=273 detections=2 tracks=2[0m
INFO:     127.0.0.1:63869 - "POST /api/v1/auth/login HTTP/1.1" 200 OK
[32m2026-08-22 10:22:36.292[0m | [34m[1mDEBUG   [0m | [36mai_engine.vision.stream_manager[0m:[36m_camera_loop[0m:[36m177[0m - [34m[1m[YOLO] camera=1a32cb23-0820-4385-9ab5-de8e472e2c04 frame=276 detections=2 tracks=2[0m
[32m2026-08-22 10:22:36.609[0m | [34m[1mDEBUG   [0m | [36mai_engine.vision.stream_manager[0m:[36m_camera_loop[0m:[36m177[0m - [34m[1m[YOLO] camera=1a32cb23-0820-4385-9ab5-de8e472e2c04 frame=279 detections=2 tracks=2[0m
[32m2026-08-22 10:22:36.950[0m | [34m[1mDEBUG   [0m | [36mai_engine.vision.stream_manager[0m:[36m_camera_loop[0m:[36m177[0m - [34m[1m[YOLO] camera=1a32cb23-0820-4385-9ab5-de8e472e2c04 frame=282 detections=2 tracks=2[0m
INFO:     127.0.0.1:63869 - "OPTIONS /api/v1/csi/latest HTTP/1.1" 200 OK
INFO:     127.0.0.1:61421 - "OPTIONS /api/v1/alerts/?status=active&limit=50 HTTP/1.1" 200 OK
INFO:     127.0.0.1:57815 - "OPTIONS /api/v1/cameras/ HTTP/1.1" 200 OK
INFO:     127.0.0.1:63869 - "OPTIONS /api/v1/predictions/?hours=1 HTTP/1.1" 200 OK
INFO:     127.0.0.1:61421 - "OPTIONS /api/v1/analytics/summary?hours=24 HTTP/1.1" 200 OK
INFO:     127.0.0.1:57815 - "OPTIONS /api/v1/analytics/behavior/distribution?hours=24 HTTP/1.1" 200 OK
[32m2026-08-22 10:22:37.444[0m | [34m[1mDEBUG   [0m | [36mai_engine.vision.stream_manager[0m:[36m_camera_loop[0m:[36m177[0m - [34m[1m[YOLO] camera=1a32cb23-0820-4385-9ab5-de8e472e2c04 frame=285 detections=2 tracks=2[0m
INFO:     127.0.0.1:63869 - "GET /api/v1/csi/latest HTTP/1.1" 200 OK
INFO:     127.0.0.1:63869 - "GET /api/v1/predictions/?hours=1 HTTP/1.1" 200 OK
INFO:     127.0.0.1:61421 - "GET /api/v1/alerts/?status=active&limit=50 HTTP/1.1" 200 OK
INFO:     ('127.0.0.1', 49379) - "WebSocket /api/v1/ws/events?token=eyJhbGciOiJIUzI1NiIsInR5cCI6IkpXVCJ9.eyJleHAiOjE3ODczNzc5NTUsInN1YiI6IjlkNjM5MmM0LTgwMTItNGI5Ni04M2Y4LTY5MWE1YjRmNDExZCIsInR5cGUiOiJhY2Nlc3MifQ.qR5n3bGZThDj5OaS0F_Pk5wNYtvEhoQB8YqARImjuZ4" [accepted]
INFO:     connection open
INFO:     127.0.0.1:57815 - "GET /api/v1/cameras/ HTTP/1.1" 200 OK
INFO:     127.0.0.1:61421 - "GET /api/v1/analytics/behavior/distribution?hours=24 HTTP/1.1" 200 OK
INFO:     127.0.0.1:63869 - "GET /api/v1/analytics/summary?hours=24 HTTP/1.1" 200 OK
[32m2026-08-22 10:22:37.807[0m | [34m[1mDEBUG   [0m | [36mai_engine.vision.stream_manager[0m:[36m_camera_loop[0m:[36m177[0m - [34m[1m[YOLO] camera=1a32cb23-0820-4385-9ab5-de8e472e2c04 frame=288 detections=2 tracks=2[0m
INFO:     ('127.0.0.1', 52944) - "WebSocket /api/v1/ws/camera/1a32cb23-0820-4385-9ab5-de8e472e2c04/stream?token=eyJhbGciOiJIUzI1NiIsInR5cCI6IkpXVCJ9.eyJleHAiOjE3ODczNzc5NTUsInN1YiI6IjlkNjM5MmM0LTgwMTItNGI5Ni04M2Y4LTY5MWE1YjRmNDExZCIsInR5cGUiOiJhY2Nlc3MifQ.qR5n3bGZThDj5OaS0F_Pk5wNYtvEhoQB8YqARImjuZ4" [accepted]
INFO:     connection open
[32m2026-08-22 10:22:38.185[0m | [34m[1mDEBUG   [0m | [36mai_engine.vision.stream_manager[0m:[36m_camera_loop[0m:[36m177[0m - [34m[1m[YOLO] camera=1a32cb23-0820-4385-9ab5-de8e472e2c04 frame=291 detections=2 tracks=2[0m
[32m2026-08-22 10:22:38.547[0m | [34m[1mDEBUG   [0m | [36mai_engine.vision.stream_manager[0m:[36m_camera_loop[0m:[36m177[0m - [34m[1m[YOLO] camera=1a32cb23-0820-4385-9ab5-de8e472e2c04 frame=294 detections=2 tracks=2[0m
[32m2026-08-22 10:22:38.856[0m | [34m[1mDEBUG   [0m | [36mai_engine.vision.stream_manager[0m:[36m_camera_loop[0m:[36m177[0m - [34m[1m[YOLO] camera=1a32cb23-0820-4385-9ab5-de8e472e2c04 frame=297 detections=2 tracks=2[0m
[32m2026-08-22 10:22:39.198[0m | [34m[1mDEBUG   [0m | [36mai_engine.vision.stream_manager[0m:[36m_camera_loop[0m:[36m177[0m - [34m[1m[YOLO] camera=1a32cb23-0820-4385-9ab5-de8e472e2c04 frame=300 detections=2 tracks=2[0m
[32m2026-08-22 10:22:39.331[0m | [34m[1mDEBUG   [0m | [36magents.behavior_agent.agent[0m:[36m_on_tracks[0m:[36m34[0m - [34m[1m[BEHAVIOR] camera=1a32cb23-0820-4385-9ab5-de8e472e2c04 received 2 tracks for analysis[0m
[32m2026-08-22 10:22:39.332[0m | [34m[1mDEBUG   [0m | [36magents.behavior_agent.agent[0m:[36m_on_tracks[0m:[36m42[0m - [34m[1m[BEHAVIOR] camera=1a32cb23-0820-4385-9ab5-de8e472e2c04 0 behavior(s) flagged by analyzers[0m
[32m2026-08-22 10:22:39.332[0m | [34m[1mDEBUG   [0m | [36magents.behavior_agent.agent[0m:[36m_run_abd[0m:[36m107[0m - [34m[1m[ABD] camera=1a32cb23-0820-4385-9ab5-de8e472e2c04 feature_vec=[2, 0.0, 0.0, 0.0, 0.0] score=0.000[0m
[32m2026-08-22 10:22:39.332[0m | [34m[1mDEBUG   [0m | [36magents.behavior_agent.agent[0m:[36m_on_tracks[0m:[36m46[0m - [34m[1m[ABD] camera=1a32cb23-0820-4385-9ab5-de8e472e2c04 anomaly_score=0.000[0m
[32m2026-08-22 10:22:39.339[0m | [34m[1mDEBUG   [0m | [36magents.prediction_agent.agent[0m:[36m_on_behavior_state[0m:[36m24[0m - [34m[1m[THREAT_SCORE] camera=1a32cb23-0820-4385-9ab5-de8e472e2c04 {}[0m
[32m2026-08-22 10:22:39.588[0m | [34m[1mDEBUG   [0m | [36mai_engine.vision.stream_manager[0m:[36m_camera_loop[0m:[36m177[0m - [34m[1m[YOLO] camera=1a32cb23-0820-4385-9ab5-de8e472e2c04 frame=303 detections=1 tracks=2[0m
[32m2026-08-22 10:22:39.913[0m | [34m[1mDEBUG   [0m | [36mai_engine.vision.stream_manager[0m:[36m_camera_loop[0m:[36m177[0m - [34m[1m[YOLO] camera=1a32cb23-0820-4385-9ab5-de8e472e2c04 frame=306 detections=1 tracks=2[0m
[32m2026-08-22 10:22:40.193[0m | [34m[1mDEBUG   [0m | [36mai_engine.vision.stream_manager[0m:[36m_camera_loop[0m:[36m177[0m - [34m[1m[YOLO] camera=1a32cb23-0820-4385-9ab5-de8e472e2c04 frame=309 detections=1 tracks=2[0m
[32m2026-08-22 10:22:40.526[0m | [34m[1mDEBUG   [0m | [36mai_engine.vision.stream_manager[0m:[36m_camera_loop[0m:[36m177[0m - [34m[1m[YOLO] camera=1a32cb23-0820-4385-9ab5-de8e472e2c04 frame=312 detections=1 tracks=2[0m
[32m2026-08-22 10:22:40.861[0m | [34m[1mDEBUG   [0m | [36mai_engine.vision.stream_manager[0m:[36m_camera_loop[0m:[36m177[0m - [34m[1m[YOLO] camera=1a32cb23-0820-4385-9ab5-de8e472e2c04 frame=315 detections=1 tracks=2[0m
[32m2026-08-22 10:22:41.175[0m | [34m[1mDEBUG   [0m | [36mai_engine.vision.stream_manager[0m:[36m_camera_loop[0m:[36m177[0m - [34m[1m[YOLO] camera=1a32cb23-0820-4385-9ab5-de8e472e2c04 frame=318 detections=1 tracks=2[0m
[32m2026-08-22 10:22:41.487[0m | [34m[1mDEBUG   [0m | [36mai_engine.vision.stream_manager[0m:[36m_camera_loop[0m:[36m177[0m - [34m[1m[YOLO] camera=1a32cb23-0820-4385-9ab5-de8e472e2c04 frame=321 detections=1 tracks=2[0m
[32m2026-08-22 10:22:41.717[0m | [31m[1mERROR   [0m | [36mai_engine.vision.camera_manager[0m:[36mopen[0m:[36m82[0m - [31m[1m[6cf7815f-009b-48e6-bf71-a7548a5e75b0] Cannot open configured source (http://10.179.77.183:8080/video)[0m
[32m2026-08-22 10:22:41.717[0m | [33m[1mWARNING [0m | [36mai_engine.vision.stream_manager[0m:[36m_camera_loop[0m:[36m148[0m - [33m[1mCannot open stream 6cf7815f-009b-48e6-bf71-a7548a5e75b0 (source=http://10.179.77.183:8080/video)[0m
[32m2026-08-22 10:22:41.813[0m | [34m[1mDEBUG   [0m | [36mai_engine.vision.stream_manager[0m:[36m_camera_loop[0m:[36m177[0m - [34m[1m[YOLO] camera=1a32cb23-0820-4385-9ab5-de8e472e2c04 frame=324 detections=1 tracks=2[0m
[32m2026-08-22 10:22:42.100[0m | [34m[1mDEBUG   [0m | [36mai_engine.vision.stream_manager[0m:[36m_camera_loop[0m:[36m177[0m - [34m[1m[YOLO] camera=1a32cb23-0820-4385-9ab5-de8e472e2c04 frame=327 detections=2 tracks=2[0m
[32m2026-08-22 10:22:42.427[0m | [34m[1mDEBUG   [0m | [36mai_engine.vision.stream_manager[0m:[36m_camera_loop[0m:[36m177[0m - [34m[1m[YOLO] camera=1a32cb23-0820-4385-9ab5-de8e472e2c04 frame=330 detections=2 tracks=2[0m
[32m2026-08-22 10:22:42.549[0m | [34m[1mDEBUG   [0m | [36magents.behavior_agent.agent[0m:[36m_on_tracks[0m:[36m34[0m - [34m[1m[BEHAVIOR] camera=1a32cb23-0820-4385-9ab5-de8e472e2c04 received 2 tracks for analysis[0m
[32m2026-08-22 10:22:42.549[0m | [34m[1mDEBUG   [0m | [36magents.behavior_agent.agent[0m:[36m_on_tracks[0m:[36m42[0m - [34m[1m[BEHAVIOR] camera=1a32cb23-0820-4385-9ab5-de8e472e2c04 0 behavior(s) flagged by analyzers[0m
[32m2026-08-22 10:22:42.551[0m | [34m[1mDEBUG   [0m | [36magents.behavior_agent.agent[0m:[36m_run_abd[0m:[36m107[0m - [34m[1m[ABD] camera=1a32cb23-0820-4385-9ab5-de8e472e2c04 feature_vec=[2, 0.0, 0.0, 0.0, 0.0] score=0.000[0m
[32m2026-08-22 10:22:42.551[0m | [34m[1mDEBUG   [0m | [36magents.behavior_agent.agent[0m:[36m_on_tracks[0m:[36m46[0m - [34m[1m[ABD] camera=1a32cb23-0820-4385-9ab5-de8e472e2c04 anomaly_score=0.000[0m
[32m2026-08-22 10:22:42.571[0m | [34m[1mDEBUG   [0m | [36magents.prediction_agent.agent[0m:[36m_on_behavior_state[0m:[36m24[0m - [34m[1m[THREAT_SCORE] camera=1a32cb23-0820-4385-9ab5-de8e472e2c04 {}[0m
[32m2026-08-22 10:22:42.821[0m | [34m[1mDEBUG   [0m | [36mai_engine.vision.stream_manager[0m:[36m_camera_loop[0m:[36m177[0m - [34m[1m[YOLO] camera=1a32cb23-0820-4385-9ab5-de8e472e2c04 frame=333 detections=1 tracks=2[0m
[32m2026-08-22 10:22:43.154[0m | [34m[1mDEBUG   [0m | [36mai_engine.vision.stream_manager[0m:[36m_camera_loop[0m:[36m177[0m - [34m[1m[YOLO] camera=1a32cb23-0820-4385-9ab5-de8e472e2c04 frame=336 detections=1 tracks=2[0m
[32m2026-08-22 10:22:43.492[0m | [34m[1mDEBUG   [0m | [36mai_engine.vision.stream_manager[0m:[36m_camera_loop[0m:[36m177[0m - [34m[1m[YOLO] camera=1a32cb23-0820-4385-9ab5-de8e472e2c04 frame=339 detections=1 tracks=2[0m
[32m2026-08-22 10:22:43.814[0m | [34m[1mDEBUG   [0m | [36mai_engine.vision.stream_manager[0m:[36m_camera_loop[0m:[36m177[0m - [34m[1m[YOLO] camera=1a32cb23-0820-4385-9ab5-de8e472e2c04 frame=342 detections=1 tracks=2[0m
[32m2026-08-22 10:22:44.108[0m | [34m[1mDEBUG   [0m | [36mai_engine.vision.stream_manager[0m:[36m_camera_loop[0m:[36m177[0m - [34m[1m[YOLO] camera=1a32cb23-0820-4385-9ab5-de8e472e2c04 frame=345 detections=1 tracks=2[0m
[32m2026-08-22 10:22:44.418[0m | [34m[1mDEBUG   [0m | [36mai_engine.vision.stream_manager[0m:[36m_camera_loop[0m:[36m177[0m - [34m[1m[YOLO] camera=1a32cb23-0820-4385-9ab5-de8e472e2c04 frame=348 detections=1 tracks=2[0m
[32m2026-08-22 10:22:44.748[0m | [34m[1mDEBUG   [0m | [36mai_engine.vision.stream_manager[0m:[36m_camera_loop[0m:[36m177[0m - [34m[1m[YOLO] camera=1a32cb23-0820-4385-9ab5-de8e472e2c04 frame=351 detections=1 tracks=2[0m
[32m2026-08-22 10:22:45.087[0m | [34m[1mDEBUG   [0m | [36mai_engine.vision.stream_manager[0m:[36m_camera_loop[0m:[36m177[0m - [34m[1m[YOLO] camera=1a32cb23-0820-4385-9ab5-de8e472e2c04 frame=354 detections=1 tracks=2[0m
[32m2026-08-22 10:22:45.430[0m | [34m[1mDEBUG   [0m | [36mai_engine.vision.stream_manager[0m:[36m_camera_loop[0m:[36m177[0m - [34m[1m[YOLO] camera=1a32cb23-0820-4385-9ab5-de8e472e2c04 frame=357 detections=1 tracks=2[0m
[32m2026-08-22 10:22:45.757[0m | [34m[1mDEBUG   [0m | [36mai_engine.vision.stream_manager[0m:[36m_camera_loop[0m:[36m177[0m - [34m[1m[YOLO] camera=1a32cb23-0820-4385-9ab5-de8e472e2c04 frame=360 detections=1 tracks=2[0m
[32m2026-08-22 10:22:45.880[0m | [34m[1mDEBUG   [0m | [36magents.behavior_agent.agent[0m:[36m_on_tracks[0m:[36m34[0m - [34m[1m[BEHAVIOR] camera=1a32cb23-0820-4385-9ab5-de8e472e2c04 received 2 tracks for analysis[0m
[32m2026-08-22 10:22:45.880[0m | [34m[1mDEBUG   [0m | [36magents.behavior_agent.agent[0m:[36m_on_tracks[0m:[36m42[0m - [34m[1m[BEHAVIOR] camera=1a32cb23-0820-4385-9ab5-de8e472e2c04 0 behavior(s) flagged by analyzers[0m
[32m2026-08-22 10:22:45.881[0m | [34m[1mDEBUG   [0m | [36magents.behavior_agent.agent[0m:[36m_run_abd[0m:[36m107[0m - [34m[1m[ABD] camera=1a32cb23-0820-4385-9ab5-de8e472e2c04 feature_vec=[2, 0.0, 0.0, 0.0, 0.0] score=0.000[0m
[32m2026-08-22 10:22:45.881[0m | [34m[1mDEBUG   [0m | [36magents.behavior_agent.agent[0m:[36m_on_tracks[0m:[36m46[0m - [34m[1m[ABD] camera=1a32cb23-0820-4385-9ab5-de8e472e2c04 anomaly_score=0.000[0m
[32m2026-08-22 10:22:45.889[0m | [34m[1mDEBUG   [0m | [36magents.prediction_agent.agent[0m:[36m_on_behavior_state[0m:[36m24[0m - [34m[1m[THREAT_SCORE] camera=1a32cb23-0820-4385-9ab5-de8e472e2c04 {}[0m
[32m2026-08-22 10:22:46.155[0m | [34m[1mDEBUG   [0m | [36mai_engine.vision.stream_manager[0m:[36m_camera_loop[0m:[36m177[0m - [34m[1m[YOLO] camera=1a32cb23-0820-4385-9ab5-de8e472e2c04 frame=363 detections=1 tracks=2[0m
[32m2026-08-22 10:22:46.518[0m | [34m[1mDEBUG   [0m | [36mai_engine.vision.stream_manager[0m:[36m_camera_loop[0m:[36m177[0m - [34m[1m[YOLO] camera=1a32cb23-0820-4385-9ab5-de8e472e2c04 frame=366 detections=1 tracks=2[0m
[32m2026-08-22 10:22:46.830[0m | [34m[1mDEBUG   [0m | [36mai_engine.vision.stream_manager[0m:[36m_camera_loop[0m:[36m177[0m - [34m[1m[YOLO] camera=1a32cb23-0820-4385-9ab5-de8e472e2c04 frame=369 detections=2 tracks=2[0m
[32m2026-08-22 10:22:47.171[0m | [34m[1mDEBUG   [0m | [36mai_engine.vision.stream_manager[0m:[36m_camera_loop[0m:[36m177[0m - [34m[1m[YOLO] camera=1a32cb23-0820-4385-9ab5-de8e472e2c04 frame=372 detections=2 tracks=3[0m
INFO:     127.0.0.1:50060 - "GET /api/v1/cameras/ HTTP/1.1" 200 OK
[32m2026-08-22 10:22:47.483[0m | [34m[1mDEBUG   [0m | [36mai_engine.vision.stream_manager[0m:[36m_camera_loop[0m:[36m177[0m - [34m[1m[YOLO] camera=1a32cb23-0820-4385-9ab5-de8e472e2c04 frame=375 detections=2 tracks=3[0m
[32m2026-08-22 10:22:47.785[0m | [34m[1mDEBUG   [0m | [36mai_engine.vision.stream_manager[0m:[36m_camera_loop[0m:[36m177[0m - [34m[1m[YOLO] camera=1a32cb23-0820-4385-9ab5-de8e472e2c04 frame=378 detections=3 tracks=3[0m
[32m2026-08-22 10:22:48.092[0m | [34m[1mDEBUG   [0m | [36mai_engine.vision.stream_manager[0m:[36m_camera_loop[0m:[36m177[0m - [34m[1m[YOLO] camera=1a32cb23-0820-4385-9ab5-de8e472e2c04 frame=381 detections=2 tracks=3[0m
[32m2026-08-22 10:22:48.436[0m | [34m[1mDEBUG   [0m | [36mai_engine.vision.stream_manager[0m:[36m_camera_loop[0m:[36m177[0m - [34m[1m[YOLO] camera=1a32cb23-0820-4385-9ab5-de8e472e2c04 frame=384 detections=2 tracks=3[0m
[32m2026-08-22 10:22:48.766[0m | [34m[1mDEBUG   [0m | [36mai_engine.vision.stream_manager[0m:[36m_camera_loop[0m:[36m177[0m - [34m[1m[YOLO] camera=1a32cb23-0820-4385-9ab5-de8e472e2c04 frame=387 detections=3 tracks=3[0m
[32m2026-08-22 10:22:49.089[0m | [34m[1mDEBUG   [0m | [36mai_engine.vision.stream_manager[0m:[36m_camera_loop[0m:[36m177[0m - [34m[1m[YOLO] camera=1a32cb23-0820-4385-9ab5-de8e472e2c04 frame=390 detections=5 tracks=4[0m
[32m2026-08-22 10:22:49.209[0m | [34m[1mDEBUG   [0m | [36magents.behavior_agent.agent[0m:[36m_on_tracks[0m:[36m34[0m - [34m[1m[BEHAVIOR] camera=1a32cb23-0820-4385-9ab5-de8e472e2c04 received 4 tracks for analysis[0m
[32m2026-08-22 10:22:49.210[0m | [34m[1mDEBUG   [0m | [36magents.behavior_agent.agent[0m:[36m_on_tracks[0m:[36m42[0m - [34m[1m[BEHAVIOR] camera=1a32cb23-0820-4385-9ab5-de8e472e2c04 0 behavior(s) flagged by analyzers[0m
[32m2026-08-22 10:22:49.210[0m | [34m[1mDEBUG   [0m | [36magents.behavior_agent.agent[0m:[36m_run_abd[0m:[36m107[0m - [34m[1m[ABD] camera=1a32cb23-0820-4385-9ab5-de8e472e2c04 feature_vec=[4, 0.0, 0.0, 0.0, 0.0] score=0.000[0m
[32m2026-08-22 10:22:49.210[0m | [34m[1mDEBUG   [0m | [36magents.behavior_agent.agent[0m:[36m_on_tracks[0m:[36m46[0m - [34m[1m[ABD] camera=1a32cb23-0820-4385-9ab5-de8e472e2c04 anomaly_score=0.000[0m
[32m2026-08-22 10:22:49.217[0m | [34m[1mDEBUG   [0m | [36magents.prediction_agent.agent[0m:[36m_on_behavior_state[0m:[36m24[0m - [34m[1m[THREAT_SCORE] camera=1a32cb23-0820-4385-9ab5-de8e472e2c04 {}[0m
[32m2026-08-22 10:22:49.491[0m | [34m[1mDEBUG   [0m | [36mai_engine.vision.stream_manager[0m:[36m_camera_loop[0m:[36m177[0m - [34m[1m[YOLO] camera=1a32cb23-0820-4385-9ab5-de8e472e2c04 frame=393 detections=4 tracks=4[0m
[32m2026-08-22 10:22:49.813[0m | [34m[1mDEBUG   [0m | [36mai_engine.vision.stream_manager[0m:[36m_camera_loop[0m:[36m177[0m - [34m[1m[YOLO] camera=1a32cb23-0820-4385-9ab5-de8e472e2c04 frame=396 detections=4 tracks=5[0m
[32m2026-08-22 10:22:50.144[0m | [34m[1mDEBUG   [0m | [36mai_engine.vision.stream_manager[0m:[36m_camera_loop[0m:[36m177[0m - [34m[1m[YOLO] camera=1a32cb23-0820-4385-9ab5-de8e472e2c04 frame=399 detections=3 tracks=5[0m
[32m2026-08-22 10:22:50.452[0m | [34m[1mDEBUG   [0m | [36mai_engine.vision.stream_manager[0m:[36m_camera_loop[0m:[36m177[0m - [34m[1m[YOLO] camera=1a32cb23-0820-4385-9ab5-de8e472e2c04 frame=402 detections=3 tracks=5[0m
[32m2026-08-22 10:22:50.796[0m | [34m[1mDEBUG   [0m | [36mai_engine.vision.stream_manager[0m:[36m_camera_loop[0m:[36m177[0m - [34m[1m[YOLO] camera=1a32cb23-0820-4385-9ab5-de8e472e2c04 frame=405 detections=3 tracks=5[0m
[32m2026-08-22 10:22:51.109[0m | [34m[1mDEBUG   [0m | [36mai_engine.vision.stream_manager[0m:[36m_camera_loop[0m:[36m177[0m - [34m[1m[YOLO] camera=1a32cb23-0820-4385-9ab5-de8e472e2c04 frame=408 detections=3 tracks=5[0m
[32m2026-08-22 10:22:51.407[0m | [34m[1mDEBUG   [0m | [36mai_engine.vision.stream_manager[0m:[36m_camera_loop[0m:[36m177[0m - [34m[1m[YOLO] camera=1a32cb23-0820-4385-9ab5-de8e472e2c04 frame=411 detections=2 tracks=5[0m
[32m2026-08-22 10:22:51.773[0m | [34m[1mDEBUG   [0m | [36mai_engine.vision.stream_manager[0m:[36m_camera_loop[0m:[36m177[0m - [34m[1m[YOLO] camera=1a32cb23-0820-4385-9ab5-de8e472e2c04 frame=414 detections=2 tracks=5[0m
[32m2026-08-22 10:22:52.150[0m | [34m[1mDEBUG   [0m | [36mai_engine.vision.stream_manager[0m:[36m_camera_loop[0m:[36m177[0m - [34m[1m[YOLO] camera=1a32cb23-0820-4385-9ab5-de8e472e2c04 frame=417 detections=3 tracks=5[0m
[32m2026-08-22 10:22:52.500[0m | [34m[1mDEBUG   [0m | [36mai_engine.vision.stream_manager[0m:[36m_camera_loop[0m:[36m177[0m - [34m[1m[YOLO] camera=1a32cb23-0820-4385-9ab5-de8e472e2c04 frame=420 detections=3 tracks=5[0m
[32m2026-08-22 10:22:52.661[0m | [34m[1mDEBUG   [0m | [36magents.behavior_agent.agent[0m:[36m_on_tracks[0m:[36m34[0m - [34m[1m[BEHAVIOR] camera=1a32cb23-0820-4385-9ab5-de8e472e2c04 received 5 tracks for analysis[0m
[32m2026-08-22 10:22:52.662[0m | [34m[1mDEBUG   [0m | [36magents.behavior_agent.agent[0m:[36m_on_tracks[0m:[36m42[0m - [34m[1m[BEHAVIOR] camera=1a32cb23-0820-4385-9ab5-de8e472e2c04 0 behavior(s) flagged by analyzers[0m
[32m2026-08-22 10:22:52.662[0m | [34m[1mDEBUG   [0m | [36magents.behavior_agent.agent[0m:[36m_run_abd[0m:[36m107[0m - [34m[1m[ABD] camera=1a32cb23-0820-4385-9ab5-de8e472e2c04 feature_vec=[4, 0.0, 0.0, 0.0, 0.0] score=0.000[0m
[32m2026-08-22 10:22:52.662[0m | [34m[1mDEBUG   [0m | [36magents.behavior_agent.agent[0m:[36m_on_tracks[0m:[36m46[0m - [34m[1m[ABD] camera=1a32cb23-0820-4385-9ab5-de8e472e2c04 anomaly_score=0.000[0m
[32m2026-08-22 10:22:52.675[0m | [34m[1mDEBUG   [0m | [36magents.prediction_agent.agent[0m:[36m_on_behavior_state[0m:[36m24[0m - [34m[1m[THREAT_SCORE] camera=1a32cb23-0820-4385-9ab5-de8e472e2c04 {}[0m
[32m2026-08-22 10:22:52.970[0m | [34m[1mDEBUG   [0m | [36mai_engine.vision.stream_manager[0m:[36m_camera_loop[0m:[36m177[0m - [34m[1m[YOLO] camera=1a32cb23-0820-4385-9ab5-de8e472e2c04 frame=423 detections=3 tracks=5[0m
[32m2026-08-22 10:22:53.329[0m | [34m[1mDEBUG   [0m | [36mai_engine.vision.stream_manager[0m:[36m_camera_loop[0m:[36m177[0m - [34m[1m[YOLO] camera=1a32cb23-0820-4385-9ab5-de8e472e2c04 frame=426 detections=3 tracks=5[0m
[32m2026-08-22 10:22:53.699[0m | [34m[1mDEBUG   [0m | [36mai_engine.vision.stream_manager[0m:[36m_camera_loop[0m:[36m177[0m - [34m[1m[YOLO] camera=1a32cb23-0820-4385-9ab5-de8e472e2c04 frame=429 detections=3 tracks=5[0m
[32m2026-08-22 10:22:54.071[0m | [34m[1mDEBUG   [0m | [36mai_engine.vision.stream_manager[0m:[36m_camera_loop[0m:[36m177[0m - [34m[1m[YOLO] camera=1a32cb23-0820-4385-9ab5-de8e472e2c04 frame=432 detections=3 tracks=5[0m
[32m2026-08-22 10:22:54.439[0m | [34m[1mDEBUG   [0m | [36mai_engine.vision.stream_manager[0m:[36m_camera_loop[0m:[36m177[0m - [34m[1m[YOLO] camera=1a32cb23-0820-4385-9ab5-de8e472e2c04 frame=435 detections=3 tracks=5[0m
[32m2026-08-22 10:22:54.822[0m | [34m[1mDEBUG   [0m | [36mai_engine.vision.stream_manager[0m:[36m_camera_loop[0m:[36m177[0m - [34m[1m[YOLO] camera=1a32cb23-0820-4385-9ab5-de8e472e2c04 frame=438 detections=3 tracks=5[0m
[32m2026-08-22 10:22:55.223[0m | [34m[1mDEBUG   [0m | [36mai_engine.vision.stream_manager[0m:[36m_camera_loop[0m:[36m177[0m - [34m[1m[YOLO] camera=1a32cb23-0820-4385-9ab5-de8e472e2c04 frame=441 detections=3 tracks=5[0m
[32m2026-08-22 10:22:55.628[0m | [34m[1mDEBUG   [0m | [36mai_engine.vision.stream_manager[0m:[36m_camera_loop[0m:[36m177[0m - [34m[1m[YOLO] camera=1a32cb23-0820-4385-9ab5-de8e472e2c04 frame=444 detections=2 tracks=5[0m
[32m2026-08-22 10:22:56.015[0m | [34m[1mDEBUG   [0m | [36mai_engine.vision.stream_manager[0m:[36m_camera_loop[0m:[36m177[0m - [34m[1m[YOLO] camera=1a32cb23-0820-4385-9ab5-de8e472e2c04 frame=447 detections=3 tracks=5[0m
[32m2026-08-22 10:22:56.414[0m | [34m[1mDEBUG   [0m | [36mai_engine.vision.stream_manager[0m:[36m_camera_loop[0m:[36m177[0m - [34m[1m[YOLO] camera=1a32cb23-0820-4385-9ab5-de8e472e2c04 frame=450 detections=3 tracks=5[0m
[32m2026-08-22 10:22:56.547[0m | [34m[1mDEBUG   [0m | [36magents.behavior_agent.agent[0m:[36m_on_tracks[0m:[36m34[0m - [34m[1m[BEHAVIOR] camera=1a32cb23-0820-4385-9ab5-de8e472e2c04 received 5 tracks for analysis[0m
[32m2026-08-22 10:22:56.548[0m | [34m[1mDEBUG   [0m | [36magents.behavior_agent.agent[0m:[36m_on_tracks[0m:[36m42[0m - [34m[1m[BEHAVIOR] camera=1a32cb23-0820-4385-9ab5-de8e472e2c04 0 behavior(s) flagged by analyzers[0m
[32m2026-08-22 10:22:56.548[0m | [34m[1mDEBUG   [0m | [36magents.behavior_agent.agent[0m:[36m_run_abd[0m:[36m107[0m - [34m[1m[ABD] camera=1a32cb23-0820-4385-9ab5-de8e472e2c04 feature_vec=[4, 0.0, 0.0, 0.0, 0.0] score=0.000[0m
[32m2026-08-22 10:22:56.548[0m | [34m[1mDEBUG   [0m | [36magents.behavior_agent.agent[0m:[36m_on_tracks[0m:[36m46[0m - [34m[1m[ABD] camera=1a32cb23-0820-4385-9ab5-de8e472e2c04 anomaly_score=0.000[0m
[32m2026-08-22 10:22:56.559[0m | [34m[1mDEBUG   [0m | [36magents.prediction_agent.agent[0m:[36m_on_behavior_state[0m:[36m24[0m - [34m[1m[THREAT_SCORE] camera=1a32cb23-0820-4385-9ab5-de8e472e2c04 {}[0m
[32m2026-08-22 10:22:56.846[0m | [34m[1mDEBUG   [0m | [36mai_engine.vision.stream_manager[0m:[36m_camera_loop[0m:[36m177[0m - [34m[1m[YOLO] camera=1a32cb23-0820-4385-9ab5-de8e472e2c04 frame=453 detections=2 tracks=5[0m
[32m2026-08-22 10:22:57.188[0m | [31m[1mERROR   [0m | [36mai_engine.vision.camera_manager[0m:[36mopen[0m:[36m82[0m - [31m[1m[6cf7815f-009b-48e6-bf71-a7548a5e75b0] Cannot open configured source (http://10.179.77.183:8080/video)[0m
[32m2026-08-22 10:22:57.189[0m | [33m[1mWARNING [0m | [36mai_engine.vision.stream_manager[0m:[36m_camera_loop[0m:[36m148[0m - [33m[1mCannot open stream 6cf7815f-009b-48e6-bf71-a7548a5e75b0 (source=http://10.179.77.183:8080/video)[0m
[32m2026-08-22 10:22:57.201[0m | [34m[1mDEBUG   [0m | [36mai_engine.vision.stream_manager[0m:[36m_camera_loop[0m:[36m177[0m - [34m[1m[YOLO] camera=1a32cb23-0820-4385-9ab5-de8e472e2c04 frame=456 detections=2 tracks=5[0m
INFO:     127.0.0.1:55938 - "GET /api/v1/cameras/ HTTP/1.1" 200 OK
[32m2026-08-22 10:22:57.578[0m | [34m[1mDEBUG   [0m | [36mai_engine.vision.stream_manager[0m:[36m_camera_loop[0m:[36m177[0m - [34m[1m[YOLO] camera=1a32cb23-0820-4385-9ab5-de8e472e2c04 frame=459 detections=2 tracks=5[0m
[32m2026-08-22 10:22:57.976[0m | [34m[1mDEBUG   [0m | [36mai_engine.vision.stream_manager[0m:[36m_camera_loop[0m:[36m177[0m - [34m[1m[YOLO] camera=1a32cb23-0820-4385-9ab5-de8e472e2c04 frame=462 detections=2 tracks=5[0m
[32m2026-08-22 10:22:58.378[0m | [34m[1mDEBUG   [0m | [36mai_engine.vision.stream_manager[0m:[36m_camera_loop[0m:[36m177[0m - [34m[1m[YOLO] camera=1a32cb23-0820-4385-9ab5-de8e472e2c04 frame=465 detections=2 tracks=5[0m
[32m2026-08-22 10:22:58.685[0m | [34m[1mDEBUG   [0m | [36mai_engine.vision.stream_manager[0m:[36m_camera_loop[0m:[36m177[0m - [34m[1m[YOLO] camera=1a32cb23-0820-4385-9ab5-de8e472e2c04 frame=468 detections=2 tracks=5[0m
[32m2026-08-22 10:22:59.023[0m | [34m[1mDEBUG   [0m | [36mai_engine.vision.stream_manager[0m:[36m_camera_loop[0m:[36m177[0m - [34m[1m[YOLO] camera=1a32cb23-0820-4385-9ab5-de8e472e2c04 frame=471 detections=2 tracks=5[0m
[32m2026-08-22 10:22:59.357[0m | [34m[1mDEBUG   [0m | [36mai_engine.vision.stream_manager[0m:[36m_camera_loop[0m:[36m177[0m - [34m[1m[YOLO] camera=1a32cb23-0820-4385-9ab5-de8e472e2c04 frame=474 detections=2 tracks=5[0m
[32m2026-08-22 10:22:59.687[0m | [34m[1mDEBUG   [0m | [36mai_engine.vision.stream_manager[0m:[36m_camera_loop[0m:[36m177[0m - [34m[1m[YOLO] camera=1a32cb23-0820-4385-9ab5-de8e472e2c04 frame=477 detections=2 tracks=5[0m
[32m2026-08-22 10:22:59.993[0m | [34m[1mDEBUG   [0m | [36mai_engine.vision.stream_manager[0m:[36m_camera_loop[0m:[36m177[0m - [34m[1m[YOLO] camera=1a32cb23-0820-4385-9ab5-de8e472e2c04 frame=480 detections=2 tracks=5[0m
[32m2026-08-22 10:23:00.128[0m | [34m[1mDEBUG   [0m | [36magents.behavior_agent.agent[0m:[36m_on_tracks[0m:[36m34[0m - [34m[1m[BEHAVIOR] camera=1a32cb23-0820-4385-9ab5-de8e472e2c04 received 5 tracks for analysis[0m
[32m2026-08-22 10:23:00.128[0m | [34m[1mDEBUG   [0m | [36magents.behavior_agent.agent[0m:[36m_on_tracks[0m:[36m42[0m - [34m[1m[BEHAVIOR] camera=1a32cb23-0820-4385-9ab5-de8e472e2c04 0 behavior(s) flagged by analyzers[0m
[32m2026-08-22 10:23:00.129[0m | [34m[1mDEBUG   [0m | [36magents.behavior_agent.agent[0m:[36m_run_abd[0m:[36m107[0m - [34m[1m[ABD] camera=1a32cb23-0820-4385-9ab5-de8e472e2c04 feature_vec=[4, 0.0, 0.0, 0.0, 0.0] score=0.000[0m
[32m2026-08-22 10:23:00.129[0m | [34m[1mDEBUG   [0m | [36magents.behavior_agent.agent[0m:[36m_on_tracks[0m:[36m46[0m - [34m[1m[ABD] camera=1a32cb23-0820-4385-9ab5-de8e472e2c04 anomaly_score=0.000[0m
[32m2026-08-22 10:23:00.137[0m | [34m[1mDEBUG   [0m | [36magents.prediction_agent.agent[0m:[36m_on_behavior_state[0m:[36m24[0m - [34m[1m[THREAT_SCORE] camera=1a32cb23-0820-4385-9ab5-de8e472e2c04 {}[0m
[32m2026-08-22 10:23:00.378[0m | [34m[1mDEBUG   [0m | [36mai_engine.vision.stream_manager[0m:[36m_camera_loop[0m:[36m177[0m - [34m[1m[YOLO] camera=1a32cb23-0820-4385-9ab5-de8e472e2c04 frame=483 detections=2 tracks=5[0m
[32m2026-08-22 10:23:00.720[0m | [34m[1mDEBUG   [0m | [36mai_engine.vision.stream_manager[0m:[36m_camera_loop[0m:[36m177[0m - [34m[1m[YOLO] camera=1a32cb23-0820-4385-9ab5-de8e472e2c04 frame=486 detections=2 tracks=5[0m
[32m2026-08-22 10:23:01.042[0m | [34m[1mDEBUG   [0m | [36mai_engine.vision.stream_manager[0m:[36m_camera_loop[0m:[36m177[0m - [34m[1m[YOLO] camera=1a32cb23-0820-4385-9ab5-de8e472e2c04 frame=489 detections=2 tracks=5[0m
[32m2026-08-22 10:23:01.346[0m | [34m[1mDEBUG   [0m | [36mai_engine.vision.stream_manager[0m:[36m_camera_loop[0m:[36m177[0m - [34m[1m[YOLO] camera=1a32cb23-0820-4385-9ab5-de8e472e2c04 frame=492 detections=2 tracks=5[0m
[32m2026-08-22 10:23:01.648[0m | [34m[1mDEBUG   [0m | [36mai_engine.vision.stream_manager[0m:[36m_camera_loop[0m:[36m177[0m - [34m[1m[YOLO] camera=1a32cb23-0820-4385-9ab5-de8e472e2c04 frame=495 detections=2 tracks=5[0m
[32m2026-08-22 10:23:01.952[0m | [34m[1mDEBUG   [0m | [36mai_engine.vision.stream_manager[0m:[36m_camera_loop[0m:[36m177[0m - [34m[1m[YOLO] camera=1a32cb23-0820-4385-9ab5-de8e472e2c04 frame=498 detections=2 tracks=5[0m
[32m2026-08-22 10:23:02.270[0m | [34m[1mDEBUG   [0m | [36mai_engine.vision.stream_manager[0m:[36m_camera_loop[0m:[36m177[0m - [34m[1m[YOLO] camera=1a32cb23-0820-4385-9ab5-de8e472e2c04 frame=501 detections=2 tracks=5[0m
[32m2026-08-22 10:23:02.581[0m | [34m[1mDEBUG   [0m | [36mai_engine.vision.stream_manager[0m:[36m_camera_loop[0m:[36m177[0m - [34m[1m[YOLO] camera=1a32cb23-0820-4385-9ab5-de8e472e2c04 frame=504 detections=2 tracks=5[0m
[32m2026-08-22 10:23:02.878[0m | [34m[1mDEBUG   [0m | [36mai_engine.vision.stream_manager[0m:[36m_camera_loop[0m:[36m177[0m - [34m[1m[YOLO] camera=1a32cb23-0820-4385-9ab5-de8e472e2c04 frame=507 detections=2 tracks=5[0m
[32m2026-08-22 10:23:03.191[0m | [34m[1mDEBUG   [0m | [36mai_engine.vision.stream_manager[0m:[36m_camera_loop[0m:[36m177[0m - [34m[1m[YOLO] camera=1a32cb23-0820-4385-9ab5-de8e472e2c04 frame=510 detections=2 tracks=5[0m
[32m2026-08-22 10:23:03.316[0m | [34m[1mDEBUG   [0m | [36magents.behavior_agent.agent[0m:[36m_on_tracks[0m:[36m34[0m - [34m[1m[BEHAVIOR] camera=1a32cb23-0820-4385-9ab5-de8e472e2c04 received 5 tracks for analysis[0m
[32m2026-08-22 10:23:03.317[0m | [34m[1mDEBUG   [0m | [36magents.behavior_agent.agent[0m:[36m_on_tracks[0m:[36m42[0m - [34m[1m[BEHAVIOR] camera=1a32cb23-0820-4385-9ab5-de8e472e2c04 0 behavior(s) flagged by analyzers[0m
[32m2026-08-22 10:23:03.318[0m | [34m[1mDEBUG   [0m | [36magents.behavior_agent.agent[0m:[36m_run_abd[0m:[36m107[0m - [34m[1m[ABD] camera=1a32cb23-0820-4385-9ab5-de8e472e2c04 feature_vec=[4, 0.0, 0.0, 0.0, 0.0] score=0.000[0m
[32m2026-08-22 10:23:03.318[0m | [34m[1mDEBUG   [0m | [36magents.behavior_agent.agent[0m:[36m_on_tracks[0m:[36m46[0m - [34m[1m[ABD] camera=1a32cb23-0820-4385-9ab5-de8e472e2c04 anomaly_score=0.000[0m
[32m2026-08-22 10:23:03.325[0m | [34m[1mDEBUG   [0m | [36magents.prediction_agent.agent[0m:[36m_on_behavior_state[0m:[36m24[0m - [34m[1m[THREAT_SCORE] camera=1a32cb23-0820-4385-9ab5-de8e472e2c04 {}[0m
[32m2026-08-22 10:23:03.553[0m | [34m[1mDEBUG   [0m | [36mai_engine.vision.stream_manager[0m:[36m_camera_loop[0m:[36m177[0m - [34m[1m[YOLO] camera=1a32cb23-0820-4385-9ab5-de8e472e2c04 frame=513 detections=2 tracks=5[0m
[32m2026-08-22 10:23:03.878[0m | [34m[1mDEBUG   [0m | [36mai_engine.vision.stream_manager[0m:[36m_camera_loop[0m:[36m177[0m - [34m[1m[YOLO] camera=1a32cb23-0820-4385-9ab5-de8e472e2c04 frame=516 detections=2 tracks=5[0m
[32m2026-08-22 10:23:04.178[0m | [34m[1mDEBUG   [0m | [36mai_engine.vision.stream_manager[0m:[36m_camera_loop[0m:[36m177[0m - [34m[1m[YOLO] camera=1a32cb23-0820-4385-9ab5-de8e472e2c04 frame=519 detections=2 tracks=5[0m
[32m2026-08-22 10:23:04.478[0m | [34m[1mDEBUG   [0m | [36mai_engine.vision.stream_manager[0m:[36m_camera_loop[0m:[36m177[0m - [34m[1m[YOLO] camera=1a32cb23-0820-4385-9ab5-de8e472e2c04 frame=522 detections=2 tracks=5[0m
[32m2026-08-22 10:23:04.802[0m | [34m[1mDEBUG   [0m | [36mai_engine.vision.stream_manager[0m:[36m_camera_loop[0m:[36m177[0m - [34m[1m[YOLO] camera=1a32cb23-0820-4385-9ab5-de8e472e2c04 frame=525 detections=2 tracks=5[0m
[32m2026-08-22 10:23:05.112[0m | [34m[1mDEBUG   [0m | [36mai_engine.vision.stream_manager[0m:[36m_camera_loop[0m:[36m177[0m - [34m[1m[YOLO] camera=1a32cb23-0820-4385-9ab5-de8e472e2c04 frame=528 detections=2 tracks=5[0m
[32m2026-08-22 10:23:05.419[0m | [34m[1mDEBUG   [0m | [36mai_engine.vision.stream_manager[0m:[36m_camera_loop[0m:[36m177[0m - [34m[1m[YOLO] camera=1a32cb23-0820-4385-9ab5-de8e472e2c04 frame=531 detections=2 tracks=5[0m
[32m2026-08-22 10:23:05.699[0m | [34m[1mDEBUG   [0m | [36mai_engine.vision.stream_manager[0m:[36m_camera_loop[0m:[36m177[0m - [34m[1m[YOLO] camera=1a32cb23-0820-4385-9ab5-de8e472e2c04 frame=534 detections=2 tracks=4[0m
[32m2026-08-22 10:23:06.023[0m | [34m[1mDEBUG   [0m | [36mai_engine.vision.stream_manager[0m:[36m_camera_loop[0m:[36m177[0m - [34m[1m[YOLO] camera=1a32cb23-0820-4385-9ab5-de8e472e2c04 frame=537 detections=2 tracks=4[0m
[32m2026-08-22 10:23:06.351[0m | [34m[1mDEBUG   [0m | [36mai_engine.vision.stream_manager[0m:[36m_camera_loop[0m:[36m177[0m - [34m[1m[YOLO] camera=1a32cb23-0820-4385-9ab5-de8e472e2c04 frame=540 detections=2 tracks=4[0m
[32m2026-08-22 10:23:06.475[0m | [34m[1mDEBUG   [0m | [36magents.behavior_agent.agent[0m:[36m_on_tracks[0m:[36m34[0m - [34m[1m[BEHAVIOR] camera=1a32cb23-0820-4385-9ab5-de8e472e2c04 received 4 tracks for analysis[0m
[32m2026-08-22 10:23:06.475[0m | [34m[1mDEBUG   [0m | [36magents.behavior_agent.agent[0m:[36m_on_tracks[0m:[36m42[0m - [34m[1m[BEHAVIOR] camera=1a32cb23-0820-4385-9ab5-de8e472e2c04 0 behavior(s) flagged by analyzers[0m
[32m2026-08-22 10:23:06.476[0m | [34m[1mDEBUG   [0m | [36magents.behavior_agent.agent[0m:[36m_run_abd[0m:[36m107[0m - [34m[1m[ABD] camera=1a32cb23-0820-4385-9ab5-de8e472e2c04 feature_vec=[3, 0.0, 0.0, 0.0, 0.0] score=0.000[0m
[32m2026-08-22 10:23:06.476[0m | [34m[1mDEBUG   [0m | [36magents.behavior_agent.agent[0m:[36m_on_tracks[0m:[36m46[0m - [34m[1m[ABD] camera=1a32cb23-0820-4385-9ab5-de8e472e2c04 anomaly_score=0.000[0m
[32m2026-08-22 10:23:06.485[0m | [34m[1mDEBUG   [0m | [36magents.prediction_agent.agent[0m:[36m_on_behavior_state[0m:[36m24[0m - [34m[1m[THREAT_SCORE] camera=1a32cb23-0820-4385-9ab5-de8e472e2c04 {}[0m
[32m2026-08-22 10:23:06.762[0m | [34m[1mDEBUG   [0m | [36mai_engine.vision.stream_manager[0m:[36m_camera_loop[0m:[36m177[0m - [34m[1m[YOLO] camera=1a32cb23-0820-4385-9ab5-de8e472e2c04 frame=543 detections=2 tracks=3[0m
[32m2026-08-22 10:23:07.108[0m | [34m[1mDEBUG   [0m | [36mai_engine.vision.stream_manager[0m:[36m_camera_loop[0m:[36m177[0m - [34m[1m[YOLO] camera=1a32cb23-0820-4385-9ab5-de8e472e2c04 frame=546 detections=2 tracks=2[0m
INFO:     127.0.0.1:64011 - "GET /api/v1/csi/latest HTTP/1.1" 200 OK
INFO:     127.0.0.1:64011 - "GET /api/v1/cameras/ HTTP/1.1" 200 OK
INFO:     127.0.0.1:64011 - "GET /api/v1/predictions/?hours=1 HTTP/1.1" 200 OK
[32m2026-08-22 10:23:07.485[0m | [34m[1mDEBUG   [0m | [36mai_engine.vision.stream_manager[0m:[36m_camera_loop[0m:[36m177[0m - [34m[1m[YOLO] camera=1a32cb23-0820-4385-9ab5-de8e472e2c04 frame=549 detections=2 tracks=2[0m
[32m2026-08-22 10:23:07.868[0m | [34m[1mDEBUG   [0m | [36mai_engine.vision.stream_manager[0m:[36m_camera_loop[0m:[36m177[0m - [34m[1m[YOLO] camera=1a32cb23-0820-4385-9ab5-de8e472e2c04 frame=552 detections=2 tracks=2[0m
[32m2026-08-22 10:23:08.232[0m | [34m[1mDEBUG   [0m | [36mai_engine.vision.stream_manager[0m:[36m_camera_loop[0m:[36m177[0m - [34m[1m[YOLO] camera=1a32cb23-0820-4385-9ab5-de8e472e2c04 frame=555 detections=1 tracks=2[0m
[32m2026-08-22 10:23:08.606[0m | [34m[1mDEBUG   [0m | [36mai_engine.vision.stream_manager[0m:[36m_camera_loop[0m:[36m177[0m - [34m[1m[YOLO] camera=1a32cb23-0820-4385-9ab5-de8e472e2c04 frame=558 detections=2 tracks=2[0m
[32m2026-08-22 10:23:08.987[0m | [34m[1mDEBUG   [0m | [36mai_engine.vision.stream_manager[0m:[36m_camera_loop[0m:[36m177[0m - [34m[1m[YOLO] camera=1a32cb23-0820-4385-9ab5-de8e472e2c04 frame=561 detections=2 tracks=2[0m
[32m2026-08-22 10:23:09.364[0m | [34m[1mDEBUG   [0m | [36mai_engine.vision.stream_manager[0m:[36m_camera_loop[0m:[36m177[0m - [34m[1m[YOLO] camera=1a32cb23-0820-4385-9ab5-de8e472e2c04 frame=564 detections=2 tracks=2[0m
[32m2026-08-22 10:23:09.734[0m | [34m[1mDEBUG   [0m | [36mai_engine.vision.stream_manager[0m:[36m_camera_loop[0m:[36m177[0m - [34m[1m[YOLO] camera=1a32cb23-0820-4385-9ab5-de8e472e2c04 frame=567 detections=2 tracks=2[0m
[32m2026-08-22 10:23:10.113[0m | [34m[1mDEBUG   [0m | [36mai_engine.vision.stream_manager[0m:[36m_camera_loop[0m:[36m177[0m - [34m[1m[YOLO] camera=1a32cb23-0820-4385-9ab5-de8e472e2c04 frame=570 detections=2 tracks=2[0m
[32m2026-08-22 10:23:10.260[0m | [34m[1mDEBUG   [0m | [36magents.behavior_agent.agent[0m:[36m_on_tracks[0m:[36m34[0m - [34m[1m[BEHAVIOR] camera=1a32cb23-0820-4385-9ab5-de8e472e2c04 received 2 tracks for analysis[0m
[32m2026-08-22 10:23:10.262[0m | [34m[1mDEBUG   [0m | [36magents.behavior_agent.agent[0m:[36m_on_tracks[0m:[36m42[0m - [34m[1m[BEHAVIOR] camera=1a32cb23-0820-4385-9ab5-de8e472e2c04 0 behavior(s) flagged by analyzers[0m
[32m2026-08-22 10:23:10.262[0m | [34m[1mDEBUG   [0m | [36magents.behavior_agent.agent[0m:[36m_run_abd[0m:[36m107[0m - [34m[1m[ABD] camera=1a32cb23-0820-4385-9ab5-de8e472e2c04 feature_vec=[2, 0.0, 0.0, 0.0, 0.0] score=0.000[0m
[32m2026-08-22 10:23:10.263[0m | [34m[1mDEBUG   [0m | [36magents.behavior_agent.agent[0m:[36m_on_tracks[0m:[36m46[0m - [34m[1m[ABD] camera=1a32cb23-0820-4385-9ab5-de8e472e2c04 anomaly_score=0.000[0m
[32m2026-08-22 10:23:10.275[0m | [34m[1mDEBUG   [0m | [36magents.prediction_agent.agent[0m:[36m_on_behavior_state[0m:[36m24[0m - [34m[1m[THREAT_SCORE] camera=1a32cb23-0820-4385-9ab5-de8e472e2c04 {}[0m
[32m2026-08-22 10:23:10.563[0m | [34m[1mDEBUG   [0m | [36mai_engine.vision.stream_manager[0m:[36m_camera_loop[0m:[36m177[0m - [34m[1m[YOLO] camera=1a32cb23-0820-4385-9ab5-de8e472e2c04 frame=573 detections=2 tracks=2[0m
[32m2026-08-22 10:23:10.939[0m | [34m[1mDEBUG   [0m | [36mai_engine.vision.stream_manager[0m:[36m_camera_loop[0m:[36m177[0m - [34m[1m[YOLO] camera=1a32cb23-0820-4385-9ab5-de8e472e2c04 frame=576 detections=3 tracks=2[0m
[32m2026-08-22 10:23:11.289[0m | [34m[1mDEBUG   [0m | [36mai_engine.vision.stream_manager[0m:[36m_camera_loop[0m:[36m177[0m - [34m[1m[YOLO] camera=1a32cb23-0820-4385-9ab5-de8e472e2c04 frame=579 detections=3 tracks=2[0m
[32m2026-08-22 10:23:11.686[0m | [34m[1mDEBUG   [0m | [36mai_engine.vision.stream_manager[0m:[36m_camera_loop[0m:[36m177[0m - [34m[1m[YOLO] camera=1a32cb23-0820-4385-9ab5-de8e472e2c04 frame=582 detections=3 tracks=3[0m
[32m2026-08-22 10:23:12.079[0m | [34m[1mDEBUG   [0m | [36mai_engine.vision.stream_manager[0m:[36m_camera_loop[0m:[36m177[0m - [34m[1m[YOLO] camera=1a32cb23-0820-4385-9ab5-de8e472e2c04 frame=585 detections=2 tracks=3[0m
[32m2026-08-22 10:23:12.450[0m | [34m[1mDEBUG   [0m | [36mai_engine.vision.stream_manager[0m:[36m_camera_loop[0m:[36m177[0m - [34m[1m[YOLO] camera=1a32cb23-0820-4385-9ab5-de8e472e2c04 frame=588 detections=2 tracks=3[0m
[32m2026-08-22 10:23:12.691[0m | [31m[1mERROR   [0m | [36mai_engine.vision.camera_manager[0m:[36mopen[0m:[36m82[0m - [31m[1m[6cf7815f-009b-48e6-bf71-a7548a5e75b0] Cannot open configured source (http://10.179.77.183:8080/video)[0m
[32m2026-08-22 10:23:12.692[0m | [33m[1mWARNING [0m | [36mai_engine.vision.stream_manager[0m:[36m_camera_loop[0m:[36m148[0m - [33m[1mCannot open stream 6cf7815f-009b-48e6-bf71-a7548a5e75b0 (source=http://10.179.77.183:8080/video)[0m
[32m2026-08-22 10:23:12.809[0m | [34m[1mDEBUG   [0m | [36mai_engine.vision.stream_manager[0m:[36m_camera_loop[0m:[36m177[0m - [34m[1m[YOLO] camera=1a32cb23-0820-4385-9ab5-de8e472e2c04 frame=591 detections=2 tracks=3[0m
[32m2026-08-22 10:23:13.176[0m | [34m[1mDEBUG   [0m | [36mai_engine.vision.stream_manager[0m:[36m_camera_loop[0m:[36m177[0m - [34m[1m[YOLO] camera=1a32cb23-0820-4385-9ab5-de8e472e2c04 frame=594 detections=2 tracks=3[0m
[32m2026-08-22 10:23:13.581[0m | [34m[1mDEBUG   [0m | [36mai_engine.vision.stream_manager[0m:[36m_camera_loop[0m:[36m177[0m - [34m[1m[YOLO] camera=1a32cb23-0820-4385-9ab5-de8e472e2c04 frame=597 detections=2 tracks=3[0m
[32m2026-08-22 10:23:13.983[0m | [34m[1mDEBUG   [0m | [36mai_engine.vision.stream_manager[0m:[36m_camera_loop[0m:[36m177[0m - [34m[1m[YOLO] camera=1a32cb23-0820-4385-9ab5-de8e472e2c04 frame=600 detections=2 tracks=3[0m
[32m2026-08-22 10:23:14.118[0m | [34m[1mDEBUG   [0m | [36magents.behavior_agent.agent[0m:[36m_on_tracks[0m:[36m34[0m - [34m[1m[BEHAVIOR] camera=1a32cb23-0820-4385-9ab5-de8e472e2c04 received 3 tracks for analysis[0m
[32m2026-08-22 10:23:14.119[0m | [34m[1mDEBUG   [0m | [36magents.behavior_agent.agent[0m:[36m_on_tracks[0m:[36m42[0m - [34m[1m[BEHAVIOR] camera=1a32cb23-0820-4385-9ab5-de8e472e2c04 0 behavior(s) flagged by analyzers[0m
[32m2026-08-22 10:23:14.121[0m | [34m[1mDEBUG   [0m | [36magents.behavior_agent.agent[0m:[36m_run_abd[0m:[36m107[0m - [34m[1m[ABD] camera=1a32cb23-0820-4385-9ab5-de8e472e2c04 feature_vec=[2, 0.0, 0.0, 0.0, 0.0] score=0.000[0m
[32m2026-08-22 10:23:14.121[0m | [34m[1mDEBUG   [0m | [36magents.behavior_agent.agent[0m:[36m_on_tracks[0m:[36m46[0m - [34m[1m[ABD] camera=1a32cb23-0820-4385-9ab5-de8e472e2c04 anomaly_score=0.000[0m
[32m2026-08-22 10:23:14.128[0m | [34m[1mDEBUG   [0m | [36magents.prediction_agent.agent[0m:[36m_on_behavior_state[0m:[36m24[0m - [34m[1m[THREAT_SCORE] camera=1a32cb23-0820-4385-9ab5-de8e472e2c04 {}[0m
[32m2026-08-22 10:23:14.455[0m | [34m[1mDEBUG   [0m | [36mai_engine.vision.stream_manager[0m:[36m_camera_loop[0m:[36m177[0m - [34m[1m[YOLO] camera=1a32cb23-0820-4385-9ab5-de8e472e2c04 frame=603 detections=3 tracks=3[0m
[32m2026-08-22 10:23:14.806[0m | [34m[1mDEBUG   [0m | [36mai_engine.vision.stream_manager[0m:[36m_camera_loop[0m:[36m177[0m - [34m[1m[YOLO] camera=1a32cb23-0820-4385-9ab5-de8e472e2c04 frame=606 detections=3 tracks=3[0m
[32m2026-08-22 10:23:15.181[0m | [34m[1mDEBUG   [0m | [36mai_engine.vision.stream_manager[0m:[36m_camera_loop[0m:[36m177[0m - [34m[1m[YOLO] camera=1a32cb23-0820-4385-9ab5-de8e472e2c04 frame=609 detections=2 tracks=3[0m
[32m2026-08-22 10:23:15.577[0m | [34m[1mDEBUG   [0m | [36mai_engine.vision.stream_manager[0m:[36m_camera_loop[0m:[36m177[0m - [34m[1m[YOLO] camera=1a32cb23-0820-4385-9ab5-de8e472e2c04 frame=612 detections=1 tracks=3[0m
[32m2026-08-22 10:23:15.984[0m | [34m[1mDEBUG   [0m | [36mai_engine.vision.stream_manager[0m:[36m_camera_loop[0m:[36m177[0m - [34m[1m[YOLO] camera=1a32cb23-0820-4385-9ab5-de8e472e2c04 frame=615 detections=1 tracks=3[0m
[32m2026-08-22 10:23:16.375[0m | [34m[1mDEBUG   [0m | [36mai_engine.vision.stream_manager[0m:[36m_camera_loop[0m:[36m177[0m - [34m[1m[YOLO] camera=1a32cb23-0820-4385-9ab5-de8e472e2c04 frame=618 detections=2 tracks=3[0m
[32m2026-08-22 10:23:16.784[0m | [34m[1mDEBUG   [0m | [36mai_engine.vision.stream_manager[0m:[36m_camera_loop[0m:[36m177[0m - [34m[1m[YOLO] camera=1a32cb23-0820-4385-9ab5-de8e472e2c04 frame=621 detections=2 tracks=3[0m
[32m2026-08-22 10:23:17.148[0m | [34m[1mDEBUG   [0m | [36mai_engine.vision.stream_manager[0m:[36m_camera_loop[0m:[36m177[0m - [34m[1m[YOLO] camera=1a32cb23-0820-4385-9ab5-de8e472e2c04 frame=624 detections=3 tracks=3[0m
INFO:     127.0.0.1:63658 - "GET /api/v1/cameras/ HTTP/1.1" 200 OK
[32m2026-08-22 10:23:17.549[0m | [34m[1mDEBUG   [0m | [36mai_engine.vision.stream_manager[0m:[36m_camera_loop[0m:[36m177[0m - [34m[1m[YOLO] camera=1a32cb23-0820-4385-9ab5-de8e472e2c04 frame=627 detections=2 tracks=3[0m
[32m2026-08-22 10:23:17.943[0m | [34m[1mDEBUG   [0m | [36mai_engine.vision.stream_manager[0m:[36m_camera_loop[0m:[36m177[0m - [34m[1m[YOLO] camera=1a32cb23-0820-4385-9ab5-de8e472e2c04 frame=630 detections=2 tracks=3[0m
[32m2026-08-22 10:23:18.079[0m | [34m[1mDEBUG   [0m | [36magents.behavior_agent.agent[0m:[36m_on_tracks[0m:[36m34[0m - [34m[1m[BEHAVIOR] camera=1a32cb23-0820-4385-9ab5-de8e472e2c04 received 3 tracks for analysis[0m
[32m2026-08-22 10:23:18.079[0m | [34m[1mDEBUG   [0m | [36magents.behavior_agent.agent[0m:[36m_on_tracks[0m:[36m42[0m - [34m[1m[BEHAVIOR] camera=1a32cb23-0820-4385-9ab5-de8e472e2c04 0 behavior(s) flagged by analyzers[0m
[32m2026-08-22 10:23:18.080[0m | [34m[1mDEBUG   [0m | [36magents.behavior_agent.agent[0m:[36m_run_abd[0m:[36m107[0m - [34m[1m[ABD] camera=1a32cb23-0820-4385-9ab5-de8e472e2c04 feature_vec=[2, 0.0, 0.0, 0.0, 0.0] score=0.000[0m
[32m2026-08-22 10:23:18.080[0m | [34m[1mDEBUG   [0m | [36magents.behavior_agent.agent[0m:[36m_on_tracks[0m:[36m46[0m - [34m[1m[ABD] camera=1a32cb23-0820-4385-9ab5-de8e472e2c04 anomaly_score=0.000[0m
[32m2026-08-22 10:23:18.092[0m | [34m[1mDEBUG   [0m | [36magents.prediction_agent.agent[0m:[36m_on_behavior_state[0m:[36m24[0m - [34m[1m[THREAT_SCORE] camera=1a32cb23-0820-4385-9ab5-de8e472e2c04 {}[0m
[32m2026-08-22 10:23:18.385[0m | [34m[1mDEBUG   [0m | [36mai_engine.vision.stream_manager[0m:[36m_camera_loop[0m:[36m177[0m - [34m[1m[YOLO] camera=1a32cb23-0820-4385-9ab5-de8e472e2c04 frame=633 detections=2 tracks=3[0m
[32m2026-08-22 10:23:18.745[0m | [34m[1mDEBUG   [0m | [36mai_engine.vision.stream_manager[0m:[36m_camera_loop[0m:[36m177[0m - [34m[1m[YOLO] camera=1a32cb23-0820-4385-9ab5-de8e472e2c04 frame=636 detections=3 tracks=3[0m
[32m2026-08-22 10:23:19.140[0m | [34m[1mDEBUG   [0m | [36mai_engine.vision.stream_manager[0m:[36m_camera_loop[0m:[36m177[0m - [34m[1m[YOLO] camera=1a32cb23-0820-4385-9ab5-de8e472e2c04 frame=639 detections=3 tracks=3[0m
[32m2026-08-22 10:23:19.555[0m | [34m[1mDEBUG   [0m | [36mai_engine.vision.stream_manager[0m:[36m_camera_loop[0m:[36m177[0m - [34m[1m[YOLO] camera=1a32cb23-0820-4385-9ab5-de8e472e2c04 frame=642 detections=2 tracks=3[0m
[32m2026-08-22 10:23:19.949[0m | [34m[1mDEBUG   [0m | [36mai_engine.vision.stream_manager[0m:[36m_camera_loop[0m:[36m177[0m - [34m[1m[YOLO] camera=1a32cb23-0820-4385-9ab5-de8e472e2c04 frame=645 detections=3 tracks=3[0m
[32m2026-08-22 10:23:20.350[0m | [34m[1mDEBUG   [0m | [36mai_engine.vision.stream_manager[0m:[36m_camera_loop[0m:[36m177[0m - [34m[1m[YOLO] camera=1a32cb23-0820-4385-9ab5-de8e472e2c04 frame=648 detections=3 tracks=3[0m
[32m2026-08-22 10:23:20.700[0m | [34m[1mDEBUG   [0m | [36mai_engine.vision.stream_manager[0m:[36m_camera_loop[0m:[36m177[0m - [34m[1m[YOLO] camera=1a32cb23-0820-4385-9ab5-de8e472e2c04 frame=651 detections=2 tracks=3[0m
[32m2026-08-22 10:23:21.021[0m | [34m[1mDEBUG   [0m | [36mai_engine.vision.stream_manager[0m:[36m_camera_loop[0m:[36m177[0m - [34m[1m[YOLO] camera=1a32cb23-0820-4385-9ab5-de8e472e2c04 frame=654 detections=2 tracks=3[0m
[32m2026-08-22 10:23:21.360[0m | [34m[1mDEBUG   [0m | [36mai_engine.vision.stream_manager[0m:[36m_camera_loop[0m:[36m177[0m - [34m[1m[YOLO] camera=1a32cb23-0820-4385-9ab5-de8e472e2c04 frame=657 detections=2 tracks=3[0m
[32m2026-08-22 10:23:21.694[0m | [34m[1mDEBUG   [0m | [36mai_engine.vision.stream_manager[0m:[36m_camera_loop[0m:[36m177[0m - [34m[1m[YOLO] camera=1a32cb23-0820-4385-9ab5-de8e472e2c04 frame=660 detections=2 tracks=3[0m
[32m2026-08-22 10:23:21.816[0m | [34m[1mDEBUG   [0m | [36magents.behavior_agent.agent[0m:[36m_on_tracks[0m:[36m34[0m - [34m[1m[BEHAVIOR] camera=1a32cb23-0820-4385-9ab5-de8e472e2c04 received 3 tracks for analysis[0m
[32m2026-08-22 10:23:21.817[0m | [34m[1mDEBUG   [0m | [36magents.behavior_agent.agent[0m:[36m_on_tracks[0m:[36m42[0m - [34m[1m[BEHAVIOR] camera=1a32cb23-0820-4385-9ab5-de8e472e2c04 0 behavior(s) flagged by analyzers[0m
[32m2026-08-22 10:23:21.817[0m | [34m[1mDEBUG   [0m | [36magents.behavior_agent.agent[0m:[36m_run_abd[0m:[36m107[0m - [34m[1m[ABD] camera=1a32cb23-0820-4385-9ab5-de8e472e2c04 feature_vec=[2, 0.0, 0.0, 0.0, 0.0] score=0.000[0m
[32m2026-08-22 10:23:21.817[0m | [34m[1mDEBUG   [0m | [36magents.behavior_agent.agent[0m:[36m_on_tracks[0m:[36m46[0m - [34m[1m[ABD] camera=1a32cb23-0820-4385-9ab5-de8e472e2c04 anomaly_score=0.000[0m
[32m2026-08-22 10:23:21.823[0m | [34m[1mDEBUG   [0m | [36magents.prediction_agent.agent[0m:[36m_on_behavior_state[0m:[36m24[0m - [34m[1m[THREAT_SCORE] camera=1a32cb23-0820-4385-9ab5-de8e472e2c04 {}[0m
[32m2026-08-22 10:23:22.098[0m | [34m[1mDEBUG   [0m | [36mai_engine.vision.stream_manager[0m:[36m_camera_loop[0m:[36m177[0m - [34m[1m[YOLO] camera=1a32cb23-0820-4385-9ab5-de8e472e2c04 frame=663 detections=2 tracks=3[0m
[32m2026-08-22 10:23:22.420[0m | [34m[1mDEBUG   [0m | [36mai_engine.vision.stream_manager[0m:[36m_camera_loop[0m:[36m177[0m - [34m[1m[YOLO] camera=1a32cb23-0820-4385-9ab5-de8e472e2c04 frame=666 detections=1 tracks=3[0m
[32m2026-08-22 10:23:22.736[0m | [34m[1mDEBUG   [0m | [36mai_engine.vision.stream_manager[0m:[36m_camera_loop[0m:[36m177[0m - [34m[1m[YOLO] camera=1a32cb23-0820-4385-9ab5-de8e472e2c04 frame=669 detections=3 tracks=3[0m
[32m2026-08-22 10:23:23.077[0m | [34m[1mDEBUG   [0m | [36mai_engine.vision.stream_manager[0m:[36m_camera_loop[0m:[36m177[0m - [34m[1m[YOLO] camera=1a32cb23-0820-4385-9ab5-de8e472e2c04 frame=672 detections=3 tracks=3[0m
[32m2026-08-22 10:23:23.388[0m | [34m[1mDEBUG   [0m | [36mai_engine.vision.stream_manager[0m:[36m_camera_loop[0m:[36m177[0m - [34m[1m[YOLO] camera=1a32cb23-0820-4385-9ab5-de8e472e2c04 frame=675 detections=1 tracks=3[0m
[32m2026-08-22 10:23:23.726[0m | [34m[1mDEBUG   [0m | [36mai_engine.vision.stream_manager[0m:[36m_camera_loop[0m:[36m177[0m - [34m[1m[YOLO] camera=1a32cb23-0820-4385-9ab5-de8e472e2c04 frame=678 detections=2 tracks=3[0m
[32m2026-08-22 10:23:24.067[0m | [34m[1mDEBUG   [0m | [36mai_engine.vision.stream_manager[0m:[36m_camera_loop[0m:[36m177[0m - [34m[1m[YOLO] camera=1a32cb23-0820-4385-9ab5-de8e472e2c04 frame=681 detections=2 tracks=3[0m
[32m2026-08-22 10:23:24.399[0m | [34m[1mDEBUG   [0m | [36mai_engine.vision.stream_manager[0m:[36m_camera_loop[0m:[36m177[0m - [34m[1m[YOLO] camera=1a32cb23-0820-4385-9ab5-de8e472e2c04 frame=684 detections=3 tracks=3[0m
[32m2026-08-22 10:23:24.740[0m | [34m[1mDEBUG   [0m | [36mai_engine.vision.stream_manager[0m:[36m_camera_loop[0m:[36m177[0m - [34m[1m[YOLO] camera=1a32cb23-0820-4385-9ab5-de8e472e2c04 frame=687 detections=2 tracks=3[0m
[32m2026-08-22 10:23:25.075[0m | [34m[1mDEBUG   [0m | [36mai_engine.vision.stream_manager[0m:[36m_camera_loop[0m:[36m177[0m - [34m[1m[YOLO] camera=1a32cb23-0820-4385-9ab5-de8e472e2c04 frame=690 detections=3 tracks=3[0m
[32m2026-08-22 10:23:25.195[0m | [34m[1mDEBUG   [0m | [36magents.behavior_agent.agent[0m:[36m_on_tracks[0m:[36m34[0m - [34m[1m[BEHAVIOR] camera=1a32cb23-0820-4385-9ab5-de8e472e2c04 received 3 tracks for analysis[0m
[32m2026-08-22 10:23:25.196[0m | [34m[1mDEBUG   [0m | [36magents.behavior_agent.agent[0m:[36m_on_tracks[0m:[36m42[0m - [34m[1m[BEHAVIOR] camera=1a32cb23-0820-4385-9ab5-de8e472e2c04 1 behavior(s) flagged by analyzers[0m
[32m2026-08-22 10:23:25.196[0m | [34m[1mDEBUG   [0m | [36magents.behavior_agent.agent[0m:[36m_run_abd[0m:[36m107[0m - [34m[1m[ABD] camera=1a32cb23-0820-4385-9ab5-de8e472e2c04 feature_vec=[2, 0.0, 0.0, 0.0, 0.0] score=0.000[0m
[32m2026-08-22 10:23:25.196[0m | [34m[1mDEBUG   [0m | [36magents.behavior_agent.agent[0m:[36m_on_tracks[0m:[36m46[0m - [34m[1m[ABD] camera=1a32cb23-0820-4385-9ab5-de8e472e2c04 anomaly_score=0.000[0m
[32m2026-08-22 10:23:25.213[0m | [1mINFO    [0m | [36magents.behavior_agent.agent[0m:[36m_on_tracks[0m:[36m70[0m - [1mBehaviorAgent: 1 behaviors detected on camera 1a32cb23-0820-4385-9ab5-de8e472e2c04[0m
[32m2026-08-22 10:23:25.213[0m | [34m[1mDEBUG   [0m | [36magents.prediction_agent.agent[0m:[36m_on_behavior_state[0m:[36m24[0m - [34m[1m[THREAT_SCORE] camera=1a32cb23-0820-4385-9ab5-de8e472e2c04 {}[0m
[32m2026-08-22 10:23:25.472[0m | [34m[1mDEBUG   [0m | [36mai_engine.vision.stream_manager[0m:[36m_camera_loop[0m:[36m177[0m - [34m[1m[YOLO] camera=1a32cb23-0820-4385-9ab5-de8e472e2c04 frame=693 detections=2 tracks=3[0m
[32m2026-08-22 10:23:25.789[0m | [34m[1mDEBUG   [0m | [36mai_engine.vision.stream_manager[0m:[36m_camera_loop[0m:[36m177[0m - [34m[1m[YOLO] camera=1a32cb23-0820-4385-9ab5-de8e472e2c04 frame=696 detections=2 tracks=3[0m
[32m2026-08-22 10:23:26.133[0m | [34m[1mDEBUG   [0m | [36mai_engine.vision.stream_manager[0m:[36m_camera_loop[0m:[36m177[0m - [34m[1m[YOLO] camera=1a32cb23-0820-4385-9ab5-de8e472e2c04 frame=699 detections=4 tracks=3[0m
[32m2026-08-22 10:23:26.473[0m | [34m[1mDEBUG   [0m | [36mai_engine.vision.stream_manager[0m:[36m_camera_loop[0m:[36m177[0m - [34m[1m[YOLO] camera=1a32cb23-0820-4385-9ab5-de8e472e2c04 frame=702 detections=3 tracks=3[0m
[32m2026-08-22 10:23:26.788[0m | [34m[1mDEBUG   [0m | [36mai_engine.vision.stream_manager[0m:[36m_camera_loop[0m:[36m177[0m - [34m[1m[YOLO] camera=1a32cb23-0820-4385-9ab5-de8e472e2c04 frame=705 detections=3 tracks=4[0m
[32m2026-08-22 10:23:27.094[0m | [34m[1mDEBUG   [0m | [36mai_engine.vision.stream_manager[0m:[36m_camera_loop[0m:[36m177[0m - [34m[1m[YOLO] camera=1a32cb23-0820-4385-9ab5-de8e472e2c04 frame=708 detections=4 tracks=4[0m
INFO:     127.0.0.1:61815 - "GET /api/v1/cameras/ HTTP/1.1" 200 OK
[32m2026-08-22 10:23:27.437[0m | [34m[1mDEBUG   [0m | [36mai_engine.vision.stream_manager[0m:[36m_camera_loop[0m:[36m177[0m - [34m[1m[YOLO] camera=1a32cb23-0820-4385-9ab5-de8e472e2c04 frame=711 detections=0 tracks=4[0m
[32m2026-08-22 10:23:27.753[0m | [34m[1mDEBUG   [0m | [36mai_engine.vision.stream_manager[0m:[36m_camera_loop[0m:[36m177[0m - [34m[1m[YOLO] camera=1a32cb23-0820-4385-9ab5-de8e472e2c04 frame=714 detections=0 tracks=4[0m
[32m2026-08-22 10:23:28.165[0m | [34m[1mDEBUG   [0m | [36mai_engine.vision.stream_manager[0m:[36m_camera_loop[0m:[36m177[0m - [34m[1m[YOLO] camera=1a32cb23-0820-4385-9ab5-de8e472e2c04 frame=717 detections=1 tracks=4[0m
[32m2026-08-22 10:23:28.281[0m | [31m[1mERROR   [0m | [36mai_engine.vision.camera_manager[0m:[36mopen[0m:[36m82[0m - [31m[1m[6cf7815f-009b-48e6-bf71-a7548a5e75b0] Cannot open configured source (http://10.179.77.183:8080/video)[0m
[32m2026-08-22 10:23:28.282[0m | [33m[1mWARNING [0m | [36mai_engine.vision.stream_manager[0m:[36m_camera_loop[0m:[36m148[0m - [33m[1mCannot open stream 6cf7815f-009b-48e6-bf71-a7548a5e75b0 (source=http://10.179.77.183:8080/video)[0m
[32m2026-08-22 10:23:28.484[0m | [34m[1mDEBUG   [0m | [36mai_engine.vision.stream_manager[0m:[36m_camera_loop[0m:[36m177[0m - [34m[1m[YOLO] camera=1a32cb23-0820-4385-9ab5-de8e472e2c04 frame=720 detections=2 tracks=4[0m
[32m2026-08-22 10:23:28.613[0m | [34m[1mDEBUG   [0m | [36magents.behavior_agent.agent[0m:[36m_on_tracks[0m:[36m34[0m - [34m[1m[BEHAVIOR] camera=1a32cb23-0820-4385-9ab5-de8e472e2c04 received 4 tracks for analysis[0m
[32m2026-08-22 10:23:28.613[0m | [34m[1mDEBUG   [0m | [36magents.behavior_agent.agent[0m:[36m_on_tracks[0m:[36m42[0m - [34m[1m[BEHAVIOR] camera=1a32cb23-0820-4385-9ab5-de8e472e2c04 0 behavior(s) flagged by analyzers[0m
[32m2026-08-22 10:23:28.614[0m | [34m[1mDEBUG   [0m | [36magents.behavior_agent.agent[0m:[36m_run_abd[0m:[36m107[0m - [34m[1m[ABD] camera=1a32cb23-0820-4385-9ab5-de8e472e2c04 feature_vec=[3, 0.0, 0.0, 0.0, 0.0] score=0.000[0m
[32m2026-08-22 10:23:28.614[0m | [34m[1mDEBUG   [0m | [36magents.behavior_agent.agent[0m:[36m_on_tracks[0m:[36m46[0m - [34m[1m[ABD] camera=1a32cb23-0820-4385-9ab5-de8e472e2c04 anomaly_score=0.000[0m
[32m2026-08-22 10:23:28.622[0m | [34m[1mDEBUG   [0m | [36magents.prediction_agent.agent[0m:[36m_on_behavior_state[0m:[36m24[0m - [34m[1m[THREAT_SCORE] camera=1a32cb23-0820-4385-9ab5-de8e472e2c04 {}[0m
[32m2026-08-22 10:23:28.858[0m | [34m[1mDEBUG   [0m | [36mai_engine.vision.stream_manager[0m:[36m_camera_loop[0m:[36m177[0m - [34m[1m[YOLO] camera=1a32cb23-0820-4385-9ab5-de8e472e2c04 frame=723 detections=2 tracks=4[0m
[32m2026-08-22 10:23:29.177[0m | [34m[1mDEBUG   [0m | [36mai_engine.vision.stream_manager[0m:[36m_camera_loop[0m:[36m177[0m - [34m[1m[YOLO] camera=1a32cb23-0820-4385-9ab5-de8e472e2c04 frame=726 detections=2 tracks=4[0m
[32m2026-08-22 10:23:29.502[0m | [34m[1mDEBUG   [0m | [36mai_engine.vision.stream_manager[0m:[36m_camera_loop[0m:[36m177[0m - [34m[1m[YOLO] camera=1a32cb23-0820-4385-9ab5-de8e472e2c04 frame=729 detections=2 tracks=4[0m
[32m2026-08-22 10:23:29.820[0m | [34m[1mDEBUG   [0m | [36mai_engine.vision.stream_manager[0m:[36m_camera_loop[0m:[36m177[0m - [34m[1m[YOLO] camera=1a32cb23-0820-4385-9ab5-de8e472e2c04 frame=732 detections=2 tracks=4[0m
[32m2026-08-22 10:23:30.136[0m | [34m[1mDEBUG   [0m | [36mai_engine.vision.stream_manager[0m:[36m_camera_loop[0m:[36m177[0m - [34m[1m[YOLO] camera=1a32cb23-0820-4385-9ab5-de8e472e2c04 frame=735 detections=2 tracks=4[0m
[32m2026-08-22 10:23:30.447[0m | [34m[1mDEBUG   [0m | [36mai_engine.vision.stream_manager[0m:[36m_camera_loop[0m:[36m177[0m - [34m[1m[YOLO] camera=1a32cb23-0820-4385-9ab5-de8e472e2c04 frame=738 detections=2 tracks=4[0m
[32m2026-08-22 10:23:30.743[0m | [34m[1mDEBUG   [0m | [36mai_engine.vision.stream_manager[0m:[36m_camera_loop[0m:[36m177[0m - [34m[1m[YOLO] camera=1a32cb23-0820-4385-9ab5-de8e472e2c04 frame=741 detections=3 tracks=4[0m
[32m2026-08-22 10:23:31.060[0m | [34m[1mDEBUG   [0m | [36mai_engine.vision.stream_manager[0m:[36m_camera_loop[0m:[36m177[0m - [34m[1m[YOLO] camera=1a32cb23-0820-4385-9ab5-de8e472e2c04 frame=744 detections=2 tracks=4[0m
[32m2026-08-22 10:23:31.394[0m | [34m[1mDEBUG   [0m | [36mai_engine.vision.stream_manager[0m:[36m_camera_loop[0m:[36m177[0m - [34m[1m[YOLO] camera=1a32cb23-0820-4385-9ab5-de8e472e2c04 frame=747 detections=2 tracks=4[0m
[32m2026-08-22 10:23:31.731[0m | [34m[1mDEBUG   [0m | [36mai_engine.vision.stream_manager[0m:[36m_camera_loop[0m:[36m177[0m - [34m[1m[YOLO] camera=1a32cb23-0820-4385-9ab5-de8e472e2c04 frame=750 detections=2 tracks=4[0m
[32m2026-08-22 10:23:31.856[0m | [34m[1mDEBUG   [0m | [36magents.behavior_agent.agent[0m:[36m_on_tracks[0m:[36m34[0m - [34m[1m[BEHAVIOR] camera=1a32cb23-0820-4385-9ab5-de8e472e2c04 received 4 tracks for analysis[0m
[32m2026-08-22 10:23:31.856[0m | [34m[1mDEBUG   [0m | [36magents.behavior_agent.agent[0m:[36m_on_tracks[0m:[36m42[0m - [34m[1m[BEHAVIOR] camera=1a32cb23-0820-4385-9ab5-de8e472e2c04 0 behavior(s) flagged by analyzers[0m
[32m2026-08-22 10:23:31.857[0m | [34m[1mDEBUG   [0m | [36magents.behavior_agent.agent[0m:[36m_run_abd[0m:[36m107[0m - [34m[1m[ABD] camera=1a32cb23-0820-4385-9ab5-de8e472e2c04 feature_vec=[3, 0.0, 0.0, 0.0, 0.0] score=0.000[0m
[32m2026-08-22 10:23:31.857[0m | [34m[1mDEBUG   [0m | [36magents.behavior_agent.agent[0m:[36m_on_tracks[0m:[36m46[0m - [34m[1m[ABD] camera=1a32cb23-0820-4385-9ab5-de8e472e2c04 anomaly_score=0.000[0m
[32m2026-08-22 10:23:31.863[0m | [34m[1mDEBUG   [0m | [36magents.prediction_agent.agent[0m:[36m_on_behavior_state[0m:[36m24[0m - [34m[1m[THREAT_SCORE] camera=1a32cb23-0820-4385-9ab5-de8e472e2c04 {}[0m
[32m2026-08-22 10:23:32.136[0m | [34m[1mDEBUG   [0m | [36mai_engine.vision.stream_manager[0m:[36m_camera_loop[0m:[36m177[0m - [34m[1m[YOLO] camera=1a32cb23-0820-4385-9ab5-de8e472e2c04 frame=753 detections=1 tracks=4[0m
[32m2026-08-22 10:23:32.458[0m | [34m[1mDEBUG   [0m | [36mai_engine.vision.stream_manager[0m:[36m_camera_loop[0m:[36m177[0m - [34m[1m[YOLO] camera=1a32cb23-0820-4385-9ab5-de8e472e2c04 frame=756 detections=2 tracks=4[0m
[32m2026-08-22 10:23:32.771[0m | [34m[1mDEBUG   [0m | [36mai_engine.vision.stream_manager[0m:[36m_camera_loop[0m:[36m177[0m - [34m[1m[YOLO] camera=1a32cb23-0820-4385-9ab5-de8e472e2c04 frame=759 detections=2 tracks=4[0m
[32m2026-08-22 10:23:33.106[0m | [34m[1mDEBUG   [0m | [36mai_engine.vision.stream_manager[0m:[36m_camera_loop[0m:[36m177[0m - [34m[1m[YOLO] camera=1a32cb23-0820-4385-9ab5-de8e472e2c04 frame=762 detections=2 tracks=4[0m
[32m2026-08-22 10:23:33.443[0m | [34m[1mDEBUG   [0m | [36mai_engine.vision.stream_manager[0m:[36m_camera_loop[0m:[36m177[0m - [34m[1m[YOLO] camera=1a32cb23-0820-4385-9ab5-de8e472e2c04 frame=765 detections=3 tracks=5[0m
[32m2026-08-22 10:23:33.758[0m | [34m[1mDEBUG   [0m | [36mai_engine.vision.stream_manager[0m:[36m_camera_loop[0m:[36m177[0m - [34m[1m[YOLO] camera=1a32cb23-0820-4385-9ab5-de8e472e2c04 frame=768 detections=2 tracks=5[0m
[32m2026-08-22 10:23:34.055[0m | [34m[1mDEBUG   [0m | [36mai_engine.vision.stream_manager[0m:[36m_camera_loop[0m:[36m177[0m - [34m[1m[YOLO] camera=1a32cb23-0820-4385-9ab5-de8e472e2c04 frame=771 detections=1 tracks=5[0m
[32m2026-08-22 10:23:34.374[0m | [34m[1mDEBUG   [0m | [36mai_engine.vision.stream_manager[0m:[36m_camera_loop[0m:[36m177[0m - [34m[1m[YOLO] camera=1a32cb23-0820-4385-9ab5-de8e472e2c04 frame=774 detections=2 tracks=5[0m
[32m2026-08-22 10:23:34.708[0m | [34m[1mDEBUG   [0m | [36mai_engine.vision.stream_manager[0m:[36m_camera_loop[0m:[36m177[0m - [34m[1m[YOLO] camera=1a32cb23-0820-4385-9ab5-de8e472e2c04 frame=777 detections=2 tracks=5[0m
[32m2026-08-22 10:23:35.034[0m | [34m[1mDEBUG   [0m | [36mai_engine.vision.stream_manager[0m:[36m_camera_loop[0m:[36m177[0m - [34m[1m[YOLO] camera=1a32cb23-0820-4385-9ab5-de8e472e2c04 frame=780 detections=2 tracks=5[0m
[32m2026-08-22 10:23:35.172[0m | [34m[1mDEBUG   [0m | [36magents.behavior_agent.agent[0m:[36m_on_tracks[0m:[36m34[0m - [34m[1m[BEHAVIOR] camera=1a32cb23-0820-4385-9ab5-de8e472e2c04 received 5 tracks for analysis[0m
[32m2026-08-22 10:23:35.172[0m | [34m[1mDEBUG   [0m | [36magents.behavior_agent.agent[0m:[36m_on_tracks[0m:[36m42[0m - [34m[1m[BEHAVIOR] camera=1a32cb23-0820-4385-9ab5-de8e472e2c04 0 behavior(s) flagged by analyzers[0m
[32m2026-08-22 10:23:35.173[0m | [34m[1mDEBUG   [0m | [36magents.behavior_agent.agent[0m:[36m_run_abd[0m:[36m107[0m - [34m[1m[ABD] camera=1a32cb23-0820-4385-9ab5-de8e472e2c04 feature_vec=[4, 0.0, 0.0, 0.0, 0.0] score=0.000[0m
[32m2026-08-22 10:23:35.173[0m | [34m[1mDEBUG   [0m | [36magents.behavior_agent.agent[0m:[36m_on_tracks[0m:[36m46[0m - [34m[1m[ABD] camera=1a32cb23-0820-4385-9ab5-de8e472e2c04 anomaly_score=0.000[0m
[32m2026-08-22 10:23:35.181[0m | [34m[1mDEBUG   [0m | [36magents.prediction_agent.agent[0m:[36m_on_behavior_state[0m:[36m24[0m - [34m[1m[THREAT_SCORE] camera=1a32cb23-0820-4385-9ab5-de8e472e2c04 {}[0m
[32m2026-08-22 10:23:35.440[0m | [34m[1mDEBUG   [0m | [36mai_engine.vision.stream_manager[0m:[36m_camera_loop[0m:[36m177[0m - [34m[1m[YOLO] camera=1a32cb23-0820-4385-9ab5-de8e472e2c04 frame=783 detections=2 tracks=5[0m
[32m2026-08-22 10:23:35.768[0m | [34m[1mDEBUG   [0m | [36mai_engine.vision.stream_manager[0m:[36m_camera_loop[0m:[36m177[0m - [34m[1m[YOLO] camera=1a32cb23-0820-4385-9ab5-de8e472e2c04 frame=786 detections=2 tracks=5[0m
[32m2026-08-22 10:23:36.105[0m | [34m[1mDEBUG   [0m | [36mai_engine.vision.stream_manager[0m:[36m_camera_loop[0m:[36m177[0m - [34m[1m[YOLO] camera=1a32cb23-0820-4385-9ab5-de8e472e2c04 frame=789 detections=2 tracks=5[0m
[32m2026-08-22 10:23:36.434[0m | [34m[1mDEBUG   [0m | [36mai_engine.vision.stream_manager[0m:[36m_camera_loop[0m:[36m177[0m - [34m[1m[YOLO] camera=1a32cb23-0820-4385-9ab5-de8e472e2c04 frame=792 detections=2 tracks=5[0m
[32m2026-08-22 10:23:36.772[0m | [34m[1mDEBUG   [0m | [36mai_engine.vision.stream_manager[0m:[36m_camera_loop[0m:[36m177[0m - [34m[1m[YOLO] camera=1a32cb23-0820-4385-9ab5-de8e472e2c04 frame=795 detections=2 tracks=5[0m
[32m2026-08-22 10:23:37.109[0m | [34m[1mDEBUG   [0m | [36mai_engine.vision.stream_manager[0m:[36m_camera_loop[0m:[36m177[0m - [34m[1m[YOLO] camera=1a32cb23-0820-4385-9ab5-de8e472e2c04 frame=798 detections=2 tracks=5[0m
[32m2026-08-22 10:23:37.438[0m | [34m[1mDEBUG   [0m | [36mai_engine.vision.stream_manager[0m:[36m_camera_loop[0m:[36m177[0m - [34m[1m[YOLO] camera=1a32cb23-0820-4385-9ab5-de8e472e2c04 frame=801 detections=2 tracks=3[0m
INFO:     127.0.0.1:62461 - "GET /api/v1/cameras/ HTTP/1.1" 200 OK
INFO:     127.0.0.1:52210 - "GET /api/v1/csi/latest HTTP/1.1" 200 OK
INFO:     127.0.0.1:63340 - "GET /api/v1/predictions/?hours=1 HTTP/1.1" 200 OK
INFO:     127.0.0.1:52095 - "GET /api/v1/analytics/behavior/distribution?hours=24 HTTP/1.1" 200 OK
INFO:     127.0.0.1:58231 - "GET /api/v1/analytics/summary?hours=24 HTTP/1.1" 200 OK
[32m2026-08-22 10:23:37.918[0m | [34m[1mDEBUG   [0m | [36mai_engine.vision.stream_manager[0m:[36m_camera_loop[0m:[36m177[0m - [34m[1m[YOLO] camera=1a32cb23-0820-4385-9ab5-de8e472e2c04 frame=804 detections=2 tracks=3[0m
[32m2026-08-22 10:23:38.240[0m | [34m[1mDEBUG   [0m | [36mai_engine.vision.stream_manager[0m:[36m_camera_loop[0m:[36m177[0m - [34m[1m[YOLO] camera=1a32cb23-0820-4385-9ab5-de8e472e2c04 frame=807 detections=2 tracks=3[0m
[32m2026-08-22 10:23:38.555[0m | [34m[1mDEBUG   [0m | [36mai_engine.vision.stream_manager[0m:[36m_camera_loop[0m:[36m177[0m - [34m[1m[YOLO] camera=1a32cb23-0820-4385-9ab5-de8e472e2c04 frame=810 detections=1 tracks=3[0m
[32m2026-08-22 10:23:38.690[0m | [34m[1mDEBUG   [0m | [36magents.behavior_agent.agent[0m:[36m_on_tracks[0m:[36m34[0m - [34m[1m[BEHAVIOR] camera=1a32cb23-0820-4385-9ab5-de8e472e2c04 received 3 tracks for analysis[0m
[32m2026-08-22 10:23:38.691[0m | [34m[1mDEBUG   [0m | [36magents.behavior_agent.agent[0m:[36m_on_tracks[0m:[36m42[0m - [34m[1m[BEHAVIOR] camera=1a32cb23-0820-4385-9ab5-de8e472e2c04 0 behavior(s) flagged by analyzers[0m
[32m2026-08-22 10:23:38.691[0m | [34m[1mDEBUG   [0m | [36magents.behavior_agent.agent[0m:[36m_run_abd[0m:[36m107[0m - [34m[1m[ABD] camera=1a32cb23-0820-4385-9ab5-de8e472e2c04 feature_vec=[3, 0.0, 0.0, 0.0, 0.0] score=0.000[0m
[32m2026-08-22 10:23:38.691[0m | [34m[1mDEBUG   [0m | [36magents.behavior_agent.agent[0m:[36m_on_tracks[0m:[36m46[0m - [34m[1m[ABD] camera=1a32cb23-0820-4385-9ab5-de8e472e2c04 anomaly_score=0.000[0m
[32m2026-08-22 10:23:38.699[0m | [34m[1mDEBUG   [0m | [36magents.prediction_agent.agent[0m:[36m_on_behavior_state[0m:[36m24[0m - [34m[1m[THREAT_SCORE] camera=1a32cb23-0820-4385-9ab5-de8e472e2c04 {}[0m
[32m2026-08-22 10:23:38.957[0m | [34m[1mDEBUG   [0m | [36mai_engine.vision.stream_manager[0m:[36m_camera_loop[0m:[36m177[0m - [34m[1m[YOLO] camera=1a32cb23-0820-4385-9ab5-de8e472e2c04 frame=813 detections=2 tracks=3[0m
[32m2026-08-22 10:23:39.298[0m | [34m[1mDEBUG   [0m | [36mai_engine.vision.stream_manager[0m:[36m_camera_loop[0m:[36m177[0m - [34m[1m[YOLO] camera=1a32cb23-0820-4385-9ab5-de8e472e2c04 frame=816 detections=1 tracks=3[0m
[32m2026-08-22 10:23:39.639[0m | [34m[1mDEBUG   [0m | [36mai_engine.vision.stream_manager[0m:[36m_camera_loop[0m:[36m177[0m - [34m[1m[YOLO] camera=1a32cb23-0820-4385-9ab5-de8e472e2c04 frame=819 detections=0 tracks=3[0m
[32m2026-08-22 10:23:39.967[0m | [34m[1mDEBUG   [0m | [36mai_engine.vision.stream_manager[0m:[36m_camera_loop[0m:[36m177[0m - [34m[1m[YOLO] camera=1a32cb23-0820-4385-9ab5-de8e472e2c04 frame=822 detections=0 tracks=3[0m
[32m2026-08-22 10:23:40.369[0m | [34m[1mDEBUG   [0m | [36mai_engine.vision.stream_manager[0m:[36m_camera_loop[0m:[36m177[0m - [34m[1m[YOLO] camera=1a32cb23-0820-4385-9ab5-de8e472e2c04 frame=825 detections=0 tracks=3[0m
[32m2026-08-22 10:23:40.828[0m | [34m[1mDEBUG   [0m | [36mai_engine.vision.stream_manager[0m:[36m_camera_loop[0m:[36m177[0m - [34m[1m[YOLO] camera=1a32cb23-0820-4385-9ab5-de8e472e2c04 frame=828 detections=1 tracks=3[0m
[32m2026-08-22 10:23:41.131[0m | [34m[1mDEBUG   [0m | [36mai_engine.vision.stream_manager[0m:[36m_camera_loop[0m:[36m177[0m - [34m[1m[YOLO] camera=1a32cb23-0820-4385-9ab5-de8e472e2c04 frame=831 detections=2 tracks=3[0m
[32m2026-08-22 10:23:41.447[0m | [34m[1mDEBUG   [0m | [36mai_engine.vision.stream_manager[0m:[36m_camera_loop[0m:[36m177[0m - [34m[1m[YOLO] camera=1a32cb23-0820-4385-9ab5-de8e472e2c04 frame=834 detections=1 tracks=3[0m
[32m2026-08-22 10:23:41.762[0m | [34m[1mDEBUG   [0m | [36mai_engine.vision.stream_manager[0m:[36m_camera_loop[0m:[36m177[0m - [34m[1m[YOLO] camera=1a32cb23-0820-4385-9ab5-de8e472e2c04 frame=837 detections=1 tracks=3[0m
[32m2026-08-22 10:23:42.098[0m | [34m[1mDEBUG   [0m | [36mai_engine.vision.stream_manager[0m:[36m_camera_loop[0m:[36m177[0m - [34m[1m[YOLO] camera=1a32cb23-0820-4385-9ab5-de8e472e2c04 frame=840 detections=2 tracks=3[0m
[32m2026-08-22 10:23:42.227[0m | [34m[1mDEBUG   [0m | [36magents.behavior_agent.agent[0m:[36m_on_tracks[0m:[36m34[0m - [34m[1m[BEHAVIOR] camera=1a32cb23-0820-4385-9ab5-de8e472e2c04 received 3 tracks for analysis[0m
[32m2026-08-22 10:23:42.227[0m | [34m[1mDEBUG   [0m | [36magents.behavior_agent.agent[0m:[36m_on_tracks[0m:[36m42[0m - [34m[1m[BEHAVIOR] camera=1a32cb23-0820-4385-9ab5-de8e472e2c04 0 behavior(s) flagged by analyzers[0m
[32m2026-08-22 10:23:42.228[0m | [34m[1mDEBUG   [0m | [36magents.behavior_agent.agent[0m:[36m_run_abd[0m:[36m107[0m - [34m[1m[ABD] camera=1a32cb23-0820-4385-9ab5-de8e472e2c04 feature_vec=[3, 0.0, 0.0, 0.0, 0.0] score=0.000[0m
[32m2026-08-22 10:23:42.228[0m | [34m[1mDEBUG   [0m | [36magents.behavior_agent.agent[0m:[36m_on_tracks[0m:[36m46[0m - [34m[1m[ABD] camera=1a32cb23-0820-4385-9ab5-de8e472e2c04 anomaly_score=0.000[0m
[32m2026-08-22 10:23:42.236[0m | [34m[1mDEBUG   [0m | [36magents.prediction_agent.agent[0m:[36m_on_behavior_state[0m:[36m24[0m - [34m[1m[THREAT_SCORE] camera=1a32cb23-0820-4385-9ab5-de8e472e2c04 {}[0m
[32m2026-08-22 10:23:42.497[0m | [34m[1mDEBUG   [0m | [36mai_engine.vision.stream_manager[0m:[36m_camera_loop[0m:[36m177[0m - [34m[1m[YOLO] camera=1a32cb23-0820-4385-9ab5-de8e472e2c04 frame=843 detections=2 tracks=3[0m
[32m2026-08-22 10:23:42.834[0m | [34m[1mDEBUG   [0m | [36mai_engine.vision.stream_manager[0m:[36m_camera_loop[0m:[36m177[0m - [34m[1m[YOLO] camera=1a32cb23-0820-4385-9ab5-de8e472e2c04 frame=846 detections=2 tracks=3[0m
[32m2026-08-22 10:23:43.165[0m | [34m[1mDEBUG   [0m | [36mai_engine.vision.stream_manager[0m:[36m_camera_loop[0m:[36m177[0m - [34m[1m[YOLO] camera=1a32cb23-0820-4385-9ab5-de8e472e2c04 frame=849 detections=2 tracks=3[0m
[32m2026-08-22 10:23:43.499[0m | [34m[1mDEBUG   [0m | [36mai_engine.vision.stream_manager[0m:[36m_camera_loop[0m:[36m177[0m - [34m[1m[YOLO] camera=1a32cb23-0820-4385-9ab5-de8e472e2c04 frame=852 detections=3 tracks=3[0m
[32m2026-08-22 10:23:43.835[0m | [34m[1mDEBUG   [0m | [36mai_engine.vision.stream_manager[0m:[36m_camera_loop[0m:[36m177[0m - [34m[1m[YOLO] camera=1a32cb23-0820-4385-9ab5-de8e472e2c04 frame=855 detections=4 tracks=3[0m
[32m2026-08-22 10:23:43.850[0m | [31m[1mERROR   [0m | [36mai_engine.vision.camera_manager[0m:[36mopen[0m:[36m82[0m - [31m[1m[6cf7815f-009b-48e6-bf71-a7548a5e75b0] Cannot open configured source (http://10.179.77.183:8080/video)[0m
[32m2026-08-22 10:23:43.850[0m | [33m[1mWARNING [0m | [36mai_engine.vision.stream_manager[0m:[36m_camera_loop[0m:[36m148[0m - [33m[1mCannot open stream 6cf7815f-009b-48e6-bf71-a7548a5e75b0 (source=http://10.179.77.183:8080/video)[0m
[32m2026-08-22 10:23:44.157[0m | [34m[1mDEBUG   [0m | [36mai_engine.vision.stream_manager[0m:[36m_camera_loop[0m:[36m177[0m - [34m[1m[YOLO] camera=1a32cb23-0820-4385-9ab5-de8e472e2c04 frame=858 detections=2 tracks=3[0m
[32m2026-08-22 10:23:44.461[0m | [34m[1mDEBUG   [0m | [36mai_engine.vision.stream_manager[0m:[36m_camera_loop[0m:[36m177[0m - [34m[1m[YOLO] camera=1a32cb23-0820-4385-9ab5-de8e472e2c04 frame=861 detections=2 tracks=3[0m
[32m2026-08-22 10:23:44.797[0m | [34m[1mDEBUG   [0m | [36mai_engine.vision.stream_manager[0m:[36m_camera_loop[0m:[36m177[0m - [34m[1m[YOLO] camera=1a32cb23-0820-4385-9ab5-de8e472e2c04 frame=864 detections=2 tracks=4[0m
[32m2026-08-22 10:23:45.134[0m | [34m[1mDEBUG   [0m | [36mai_engine.vision.stream_manager[0m:[36m_camera_loop[0m:[36m177[0m - [34m[1m[YOLO] camera=1a32cb23-0820-4385-9ab5-de8e472e2c04 frame=867 detections=1 tracks=4[0m
[32m2026-08-22 10:23:45.467[0m | [34m[1mDEBUG   [0m | [36mai_engine.vision.stream_manager[0m:[36m_camera_loop[0m:[36m177[0m - [34m[1m[YOLO] camera=1a32cb23-0820-4385-9ab5-de8e472e2c04 frame=870 detections=1 tracks=4[0m
[32m2026-08-22 10:23:45.589[0m | [34m[1mDEBUG   [0m | [36magents.behavior_agent.agent[0m:[36m_on_tracks[0m:[36m34[0m - [34m[1m[BEHAVIOR] camera=1a32cb23-0820-4385-9ab5-de8e472e2c04 received 4 tracks for analysis[0m
[32m2026-08-22 10:23:45.589[0m | [34m[1mDEBUG   [0m | [36magents.behavior_agent.agent[0m:[36m_on_tracks[0m:[36m42[0m - [34m[1m[BEHAVIOR] camera=1a32cb23-0820-4385-9ab5-de8e472e2c04 0 behavior(s) flagged by analyzers[0m
[32m2026-08-22 10:23:45.590[0m | [34m[1mDEBUG   [0m | [36magents.behavior_agent.agent[0m:[36m_run_abd[0m:[36m107[0m - [34m[1m[ABD] camera=1a32cb23-0820-4385-9ab5-de8e472e2c04 feature_vec=[4, 0.0, 0.0, 0.0, 0.0] score=0.000[0m
[32m2026-08-22 10:23:45.590[0m | [34m[1mDEBUG   [0m | [36magents.behavior_agent.agent[0m:[36m_on_tracks[0m:[36m46[0m - [34m[1m[ABD] camera=1a32cb23-0820-4385-9ab5-de8e472e2c04 anomaly_score=0.000[0m
[32m2026-08-22 10:23:45.596[0m | [34m[1mDEBUG   [0m | [36magents.prediction_agent.agent[0m:[36m_on_behavior_state[0m:[36m24[0m - [34m[1m[THREAT_SCORE] camera=1a32cb23-0820-4385-9ab5-de8e472e2c04 {}[0m
[32m2026-08-22 10:23:45.837[0m | [34m[1mDEBUG   [0m | [36mai_engine.vision.stream_manager[0m:[36m_camera_loop[0m:[36m177[0m - [34m[1m[YOLO] camera=1a32cb23-0820-4385-9ab5-de8e472e2c04 frame=873 detections=3 tracks=4[0m
[32m2026-08-22 10:23:46.156[0m | [34m[1mDEBUG   [0m | [36mai_engine.vision.stream_manager[0m:[36m_camera_loop[0m:[36m177[0m - [34m[1m[YOLO] camera=1a32cb23-0820-4385-9ab5-de8e472e2c04 frame=876 detections=3 tracks=4[0m
[32m2026-08-22 10:23:46.457[0m | [34m[1mDEBUG   [0m | [36mai_engine.vision.stream_manager[0m:[36m_camera_loop[0m:[36m177[0m - [34m[1m[YOLO] camera=1a32cb23-0820-4385-9ab5-de8e472e2c04 frame=879 detections=3 tracks=5[0m
[32m2026-08-22 10:23:46.765[0m | [34m[1mDEBUG   [0m | [36mai_engine.vision.stream_manager[0m:[36m_camera_loop[0m:[36m177[0m - [34m[1m[YOLO] camera=1a32cb23-0820-4385-9ab5-de8e472e2c04 frame=882 detections=2 tracks=5[0m
[32m2026-08-22 10:23:47.100[0m | [34m[1mDEBUG   [0m | [36mai_engine.vision.stream_manager[0m:[36m_camera_loop[0m:[36m177[0m - [34m[1m[YOLO] camera=1a32cb23-0820-4385-9ab5-de8e472e2c04 frame=885 detections=2 tracks=5[0m
INFO:     127.0.0.1:64710 - "GET /api/v1/cameras/ HTTP/1.1" 200 OK
[32m2026-08-22 10:23:47.441[0m | [34m[1mDEBUG   [0m | [36mai_engine.vision.stream_manager[0m:[36m_camera_loop[0m:[36m177[0m - [34m[1m[YOLO] camera=1a32cb23-0820-4385-9ab5-de8e472e2c04 frame=888 detections=3 tracks=5[0m
[32m2026-08-22 10:23:47.775[0m | [34m[1mDEBUG   [0m | [36mai_engine.vision.stream_manager[0m:[36m_camera_loop[0m:[36m177[0m - [34m[1m[YOLO] camera=1a32cb23-0820-4385-9ab5-de8e472e2c04 frame=891 detections=3 tracks=5[0m
[32m2026-08-22 10:23:48.100[0m | [34m[1mDEBUG   [0m | [36mai_engine.vision.stream_manager[0m:[36m_camera_loop[0m:[36m177[0m - [34m[1m[YOLO] camera=1a32cb23-0820-4385-9ab5-de8e472e2c04 frame=894 detections=3 tracks=5[0m
[32m2026-08-22 10:23:48.442[0m | [34m[1mDEBUG   [0m | [36mai_engine.vision.stream_manager[0m:[36m_camera_loop[0m:[36m177[0m - [34m[1m[YOLO] camera=1a32cb23-0820-4385-9ab5-de8e472e2c04 frame=897 detections=3 tracks=5[0m
[32m2026-08-22 10:23:48.771[0m | [34m[1mDEBUG   [0m | [36mai_engine.vision.stream_manager[0m:[36m_camera_loop[0m:[36m177[0m - [34m[1m[YOLO] camera=1a32cb23-0820-4385-9ab5-de8e472e2c04 frame=900 detections=3 tracks=5[0m
[32m2026-08-22 10:23:48.892[0m | [34m[1mDEBUG   [0m | [36magents.behavior_agent.agent[0m:[36m_on_tracks[0m:[36m34[0m - [34m[1m[BEHAVIOR] camera=1a32cb23-0820-4385-9ab5-de8e472e2c04 received 5 tracks for analysis[0m
[32m2026-08-22 10:23:48.892[0m | [34m[1mDEBUG   [0m | [36magents.behavior_agent.agent[0m:[36m_on_tracks[0m:[36m42[0m - [34m[1m[BEHAVIOR] camera=1a32cb23-0820-4385-9ab5-de8e472e2c04 0 behavior(s) flagged by analyzers[0m
[32m2026-08-22 10:23:48.893[0m | [34m[1mDEBUG   [0m | [36magents.behavior_agent.agent[0m:[36m_run_abd[0m:[36m107[0m - [34m[1m[ABD] camera=1a32cb23-0820-4385-9ab5-de8e472e2c04 feature_vec=[4, 0.0, 0.0, 0.0, 0.0] score=0.000[0m
[32m2026-08-22 10:23:48.893[0m | [34m[1mDEBUG   [0m | [36magents.behavior_agent.agent[0m:[36m_on_tracks[0m:[36m46[0m - [34m[1m[ABD] camera=1a32cb23-0820-4385-9ab5-de8e472e2c04 anomaly_score=0.000[0m
[32m2026-08-22 10:23:48.899[0m | [34m[1mDEBUG   [0m | [36magents.prediction_agent.agent[0m:[36m_on_behavior_state[0m:[36m24[0m - [34m[1m[THREAT_SCORE] camera=1a32cb23-0820-4385-9ab5-de8e472e2c04 {}[0m
[32m2026-08-22 10:23:49.172[0m | [34m[1mDEBUG   [0m | [36mai_engine.vision.stream_manager[0m:[36m_camera_loop[0m:[36m177[0m - [34m[1m[YOLO] camera=1a32cb23-0820-4385-9ab5-de8e472e2c04 frame=903 detections=3 tracks=5[0m
[32m2026-08-22 10:23:49.507[0m | [34m[1mDEBUG   [0m | [36mai_engine.vision.stream_manager[0m:[36m_camera_loop[0m:[36m177[0m - [34m[1m[YOLO] camera=1a32cb23-0820-4385-9ab5-de8e472e2c04 frame=906 detections=3 tracks=5[0m
[32m2026-08-22 10:23:49.840[0m | [34m[1mDEBUG   [0m | [36mai_engine.vision.stream_manager[0m:[36m_camera_loop[0m:[36m177[0m - [34m[1m[YOLO] camera=1a32cb23-0820-4385-9ab5-de8e472e2c04 frame=909 detections=3 tracks=5[0m
[32m2026-08-22 10:23:50.184[0m | [34m[1mDEBUG   [0m | [36mai_engine.vision.stream_manager[0m:[36m_camera_loop[0m:[36m177[0m - [34m[1m[YOLO] camera=1a32cb23-0820-4385-9ab5-de8e472e2c04 frame=912 detections=3 tracks=5[0m
[32m2026-08-22 10:23:50.530[0m | [34m[1mDEBUG   [0m | [36mai_engine.vision.stream_manager[0m:[36m_camera_loop[0m:[36m177[0m - [34m[1m[YOLO] camera=1a32cb23-0820-4385-9ab5-de8e472e2c04 frame=915 detections=5 tracks=5[0m
[32m2026-08-22 10:23:50.852[0m | [34m[1mDEBUG   [0m | [36mai_engine.vision.stream_manager[0m:[36m_camera_loop[0m:[36m177[0m - [34m[1m[YOLO] camera=1a32cb23-0820-4385-9ab5-de8e472e2c04 frame=918 detections=4 tracks=5[0m
[32m2026-08-22 10:23:51.158[0m | [34m[1mDEBUG   [0m | [36mai_engine.vision.stream_manager[0m:[36m_camera_loop[0m:[36m177[0m - [34m[1m[YOLO] camera=1a32cb23-0820-4385-9ab5-de8e472e2c04 frame=921 detections=2 tracks=5[0m
[32m2026-08-22 10:23:51.461[0m | [34m[1mDEBUG   [0m | [36mai_engine.vision.stream_manager[0m:[36m_camera_loop[0m:[36m177[0m - [34m[1m[YOLO] camera=1a32cb23-0820-4385-9ab5-de8e472e2c04 frame=924 detections=2 tracks=5[0m
[32m2026-08-22 10:23:51.802[0m | [34m[1mDEBUG   [0m | [36mai_engine.vision.stream_manager[0m:[36m_camera_loop[0m:[36m177[0m - [34m[1m[YOLO] camera=1a32cb23-0820-4385-9ab5-de8e472e2c04 frame=927 detections=2 tracks=5[0m
[32m2026-08-22 10:23:52.123[0m | [34m[1mDEBUG   [0m | [36mai_engine.vision.stream_manager[0m:[36m_camera_loop[0m:[36m177[0m - [34m[1m[YOLO] camera=1a32cb23-0820-4385-9ab5-de8e472e2c04 frame=930 detections=2 tracks=4[0m
[32m2026-08-22 10:23:52.256[0m | [34m[1mDEBUG   [0m | [36magents.behavior_agent.agent[0m:[36m_on_tracks[0m:[36m34[0m - [34m[1m[BEHAVIOR] camera=1a32cb23-0820-4385-9ab5-de8e472e2c04 received 4 tracks for analysis[0m
[32m2026-08-22 10:23:52.257[0m | [34m[1mDEBUG   [0m | [36magents.behavior_agent.agent[0m:[36m_on_tracks[0m:[36m42[0m - [34m[1m[BEHAVIOR] camera=1a32cb23-0820-4385-9ab5-de8e472e2c04 0 behavior(s) flagged by analyzers[0m
[32m2026-08-22 10:23:52.257[0m | [34m[1mDEBUG   [0m | [36magents.behavior_agent.agent[0m:[36m_run_abd[0m:[36m107[0m - [34m[1m[ABD] camera=1a32cb23-0820-4385-9ab5-de8e472e2c04 feature_vec=[3, 0.0, 0.0, 0.0, 0.0] score=0.000[0m
[32m2026-08-22 10:23:52.258[0m | [34m[1mDEBUG   [0m | [36magents.behavior_agent.agent[0m:[36m_on_tracks[0m:[36m46[0m - [34m[1m[ABD] camera=1a32cb23-0820-4385-9ab5-de8e472e2c04 anomaly_score=0.000[0m
[32m2026-08-22 10:23:52.265[0m | [34m[1mDEBUG   [0m | [36magents.prediction_agent.agent[0m:[36m_on_behavior_state[0m:[36m24[0m - [34m[1m[THREAT_SCORE] camera=1a32cb23-0820-4385-9ab5-de8e472e2c04 {}[0m
[32m2026-08-22 10:23:52.527[0m | [34m[1mDEBUG   [0m | [36mai_engine.vision.stream_manager[0m:[36m_camera_loop[0m:[36m177[0m - [34m[1m[YOLO] camera=1a32cb23-0820-4385-9ab5-de8e472e2c04 frame=933 detections=2 tracks=4[0m
[32m2026-08-22 10:23:52.860[0m | [34m[1mDEBUG   [0m | [36mai_engine.vision.stream_manager[0m:[36m_camera_loop[0m:[36m177[0m - [34m[1m[YOLO] camera=1a32cb23-0820-4385-9ab5-de8e472e2c04 frame=936 detections=2 tracks=4[0m
[32m2026-08-22 10:23:53.205[0m | [34m[1mDEBUG   [0m | [36mai_engine.vision.stream_manager[0m:[36m_camera_loop[0m:[36m177[0m - [34m[1m[YOLO] camera=1a32cb23-0820-4385-9ab5-de8e472e2c04 frame=939 detections=1 tracks=4[0m
[32m2026-08-22 10:23:53.538[0m | [34m[1mDEBUG   [0m | [36mai_engine.vision.stream_manager[0m:[36m_camera_loop[0m:[36m177[0m - [34m[1m[YOLO] camera=1a32cb23-0820-4385-9ab5-de8e472e2c04 frame=942 detections=3 tracks=4[0m
[32m2026-08-22 10:23:53.883[0m | [34m[1mDEBUG   [0m | [36mai_engine.vision.stream_manager[0m:[36m_camera_loop[0m:[36m177[0m - [34m[1m[YOLO] camera=1a32cb23-0820-4385-9ab5-de8e472e2c04 frame=945 detections=2 tracks=4[0m
[32m2026-08-22 10:23:54.208[0m | [34m[1mDEBUG   [0m | [36mai_engine.vision.stream_manager[0m:[36m_camera_loop[0m:[36m177[0m - [34m[1m[YOLO] camera=1a32cb23-0820-4385-9ab5-de8e472e2c04 frame=948 detections=3 tracks=5[0m
[32m2026-08-22 10:23:54.529[0m | [34m[1mDEBUG   [0m | [36mai_engine.vision.stream_manager[0m:[36m_camera_loop[0m:[36m177[0m - [34m[1m[YOLO] camera=1a32cb23-0820-4385-9ab5-de8e472e2c04 frame=951 detections=4 tracks=6[0m
[32m2026-08-22 10:23:54.827[0m | [34m[1mDEBUG   [0m | [36mai_engine.vision.stream_manager[0m:[36m_camera_loop[0m:[36m177[0m - [34m[1m[YOLO] camera=1a32cb23-0820-4385-9ab5-de8e472e2c04 frame=954 detections=4 tracks=6[0m
[32m2026-08-22 10:23:55.174[0m | [34m[1mDEBUG   [0m | [36mai_engine.vision.stream_manager[0m:[36m_camera_loop[0m:[36m177[0m - [34m[1m[YOLO] camera=1a32cb23-0820-4385-9ab5-de8e472e2c04 frame=957 detections=5 tracks=5[0m
[32m2026-08-22 10:23:55.500[0m | [34m[1mDEBUG   [0m | [36mai_engine.vision.stream_manager[0m:[36m_camera_loop[0m:[36m177[0m - [34m[1m[YOLO] camera=1a32cb23-0820-4385-9ab5-de8e472e2c04 frame=960 detections=3 tracks=5[0m
[32m2026-08-22 10:23:55.628[0m | [34m[1mDEBUG   [0m | [36magents.behavior_agent.agent[0m:[36m_on_tracks[0m:[36m34[0m - [34m[1m[BEHAVIOR] camera=1a32cb23-0820-4385-9ab5-de8e472e2c04 received 5 tracks for analysis[0m
[32m2026-08-22 10:23:55.628[0m | [34m[1mDEBUG   [0m | [36magents.behavior_agent.agent[0m:[36m_on_tracks[0m:[36m42[0m - [34m[1m[BEHAVIOR] camera=1a32cb23-0820-4385-9ab5-de8e472e2c04 0 behavior(s) flagged by analyzers[0m
[32m2026-08-22 10:23:55.628[0m | [34m[1mDEBUG   [0m | [36magents.behavior_agent.agent[0m:[36m_run_abd[0m:[36m107[0m - [34m[1m[ABD] camera=1a32cb23-0820-4385-9ab5-de8e472e2c04 feature_vec=[4, 0.0, 0.0, 0.0, 0.0] score=0.000[0m
[32m2026-08-22 10:23:55.629[0m | [34m[1mDEBUG   [0m | [36magents.behavior_agent.agent[0m:[36m_on_tracks[0m:[36m46[0m - [34m[1m[ABD] camera=1a32cb23-0820-4385-9ab5-de8e472e2c04 anomaly_score=0.000[0m
[32m2026-08-22 10:23:55.636[0m | [34m[1mDEBUG   [0m | [36magents.prediction_agent.agent[0m:[36m_on_behavior_state[0m:[36m24[0m - [34m[1m[THREAT_SCORE] camera=1a32cb23-0820-4385-9ab5-de8e472e2c04 {}[0m
[32m2026-08-22 10:23:55.915[0m | [34m[1mDEBUG   [0m | [36mai_engine.vision.stream_manager[0m:[36m_camera_loop[0m:[36m177[0m - [34m[1m[YOLO] camera=1a32cb23-0820-4385-9ab5-de8e472e2c04 frame=963 detections=3 tracks=6[0m
[32m2026-08-22 10:23:56.235[0m | [34m[1mDEBUG   [0m | [36mai_engine.vision.stream_manager[0m:[36m_camera_loop[0m:[36m177[0m - [34m[1m[YOLO] camera=1a32cb23-0820-4385-9ab5-de8e472e2c04 frame=966 detections=3 tracks=6[0m
[32m2026-08-22 10:23:56.585[0m | [34m[1mDEBUG   [0m | [36mai_engine.vision.stream_manager[0m:[36m_camera_loop[0m:[36m177[0m - [34m[1m[YOLO] camera=1a32cb23-0820-4385-9ab5-de8e472e2c04 frame=969 detections=3 tracks=6[0m
[32m2026-08-22 10:23:56.900[0m | [34m[1mDEBUG   [0m | [36mai_engine.vision.stream_manager[0m:[36m_camera_loop[0m:[36m177[0m - [34m[1m[YOLO] camera=1a32cb23-0820-4385-9ab5-de8e472e2c04 frame=972 detections=3 tracks=6[0m
[32m2026-08-22 10:23:57.233[0m | [34m[1mDEBUG   [0m | [36mai_engine.vision.stream_manager[0m:[36m_camera_loop[0m:[36m177[0m - [34m[1m[YOLO] camera=1a32cb23-0820-4385-9ab5-de8e472e2c04 frame=975 detections=3 tracks=6[0m
INFO:     127.0.0.1:50850 - "GET /api/v1/cameras/ HTTP/1.1" 200 OK
[32m2026-08-22 10:23:57.573[0m | [34m[1mDEBUG   [0m | [36mai_engine.vision.stream_manager[0m:[36m_camera_loop[0m:[36m177[0m - [34m[1m[YOLO] camera=1a32cb23-0820-4385-9ab5-de8e472e2c04 frame=978 detections=3 tracks=6[0m
[32m2026-08-22 10:23:57.940[0m | [34m[1mDEBUG   [0m | [36mai_engine.vision.stream_manager[0m:[36m_camera_loop[0m:[36m177[0m - [34m[1m[YOLO] camera=1a32cb23-0820-4385-9ab5-de8e472e2c04 frame=981 detections=1 tracks=6[0m
[32m2026-08-22 10:23:58.314[0m | [34m[1mDEBUG   [0m | [36mai_engine.vision.stream_manager[0m:[36m_camera_loop[0m:[36m177[0m - [34m[1m[YOLO] camera=1a32cb23-0820-4385-9ab5-de8e472e2c04 frame=984 detections=3 tracks=6[0m
[32m2026-08-22 10:23:58.675[0m | [34m[1mDEBUG   [0m | [36mai_engine.vision.stream_manager[0m:[36m_camera_loop[0m:[36m177[0m - [34m[1m[YOLO] camera=1a32cb23-0820-4385-9ab5-de8e472e2c04 frame=987 detections=2 tracks=6[0m
[32m2026-08-22 10:23:59.045[0m | [34m[1mDEBUG   [0m | [36mai_engine.vision.stream_manager[0m:[36m_camera_loop[0m:[36m177[0m - [34m[1m[YOLO] camera=1a32cb23-0820-4385-9ab5-de8e472e2c04 frame=990 detections=2 tracks=6[0m
[32m2026-08-22 10:23:59.181[0m | [34m[1mDEBUG   [0m | [36magents.behavior_agent.agent[0m:[36m_on_tracks[0m:[36m34[0m - [34m[1m[BEHAVIOR] camera=1a32cb23-0820-4385-9ab5-de8e472e2c04 received 6 tracks for analysis[0m
[32m2026-08-22 10:23:59.182[0m | [34m[1mDEBUG   [0m | [36magents.behavior_agent.agent[0m:[36m_on_tracks[0m:[36m42[0m - [34m[1m[BEHAVIOR] camera=1a32cb23-0820-4385-9ab5-de8e472e2c04 0 behavior(s) flagged by analyzers[0m
[32m2026-08-22 10:23:59.182[0m | [34m[1mDEBUG   [0m | [36magents.behavior_agent.agent[0m:[36m_run_abd[0m:[36m107[0m - [34m[1m[ABD] camera=1a32cb23-0820-4385-9ab5-de8e472e2c04 feature_vec=[5, 0.0, 0.0, 0.0, 0.0] score=0.000[0m
[32m2026-08-22 10:23:59.182[0m | [34m[1mDEBUG   [0m | [36magents.behavior_agent.agent[0m:[36m_on_tracks[0m:[36m46[0m - [34m[1m[ABD] camera=1a32cb23-0820-4385-9ab5-de8e472e2c04 anomaly_score=0.000[0m
[32m2026-08-22 10:23:59.193[0m | [34m[1mDEBUG   [0m | [36magents.prediction_agent.agent[0m:[36m_on_behavior_state[0m:[36m24[0m - [34m[1m[THREAT_SCORE] camera=1a32cb23-0820-4385-9ab5-de8e472e2c04 {}[0m
[32m2026-08-22 10:23:59.406[0m | [31m[1mERROR   [0m | [36mai_engine.vision.camera_manager[0m:[36mopen[0m:[36m82[0m - [31m[1m[6cf7815f-009b-48e6-bf71-a7548a5e75b0] Cannot open configured source (http://10.179.77.183:8080/video)[0m
[32m2026-08-22 10:23:59.407[0m | [33m[1mWARNING [0m | [36mai_engine.vision.stream_manager[0m:[36m_camera_loop[0m:[36m148[0m - [33m[1mCannot open stream 6cf7815f-009b-48e6-bf71-a7548a5e75b0 (source=http://10.179.77.183:8080/video)[0m
[32m2026-08-22 10:23:59.481[0m | [34m[1mDEBUG   [0m | [36mai_engine.vision.stream_manager[0m:[36m_camera_loop[0m:[36m177[0m - [34m[1m[YOLO] camera=1a32cb23-0820-4385-9ab5-de8e472e2c04 frame=993 detections=1 tracks=6[0m
[32m2026-08-22 10:23:59.844[0m | [34m[1mDEBUG   [0m | [36mai_engine.vision.stream_manager[0m:[36m_camera_loop[0m:[36m177[0m - [34m[1m[YOLO] camera=1a32cb23-0820-4385-9ab5-de8e472e2c04 frame=996 detections=1 tracks=6[0m
[32m2026-08-22 10:24:00.227[0m | [34m[1mDEBUG   [0m | [36mai_engine.vision.stream_manager[0m:[36m_camera_loop[0m:[36m177[0m - [34m[1m[YOLO] camera=1a32cb23-0820-4385-9ab5-de8e472e2c04 frame=999 detections=2 tracks=6[0m
[32m2026-08-22 10:24:00.613[0m | [34m[1mDEBUG   [0m | [36mai_engine.vision.stream_manager[0m:[36m_camera_loop[0m:[36m177[0m - [34m[1m[YOLO] camera=1a32cb23-0820-4385-9ab5-de8e472e2c04 frame=1002 detections=1 tracks=6[0m
[32m2026-08-22 10:24:00.988[0m | [34m[1mDEBUG   [0m | [36mai_engine.vision.stream_manager[0m:[36m_camera_loop[0m:[36m177[0m - [34m[1m[YOLO] camera=1a32cb23-0820-4385-9ab5-de8e472e2c04 frame=1005 detections=2 tracks=6[0m
[32m2026-08-22 10:24:01.365[0m | [34m[1mDEBUG   [0m | [36mai_engine.vision.stream_manager[0m:[36m_camera_loop[0m:[36m177[0m - [34m[1m[YOLO] camera=1a32cb23-0820-4385-9ab5-de8e472e2c04 frame=1008 detections=2 tracks=5[0m
[32m2026-08-22 10:24:01.750[0m | [34m[1mDEBUG   [0m | [36mai_engine.vision.stream_manager[0m:[36m_camera_loop[0m:[36m177[0m - [34m[1m[YOLO] camera=1a32cb23-0820-4385-9ab5-de8e472e2c04 frame=1011 detections=2 tracks=5[0m
[32m2026-08-22 10:24:02.109[0m | [34m[1mDEBUG   [0m | [36mai_engine.vision.stream_manager[0m:[36m_camera_loop[0m:[36m177[0m - [34m[1m[YOLO] camera=1a32cb23-0820-4385-9ab5-de8e472e2c04 frame=1014 detections=1 tracks=5[0m
[32m2026-08-22 10:24:02.466[0m | [34m[1mDEBUG   [0m | [36mai_engine.vision.stream_manager[0m:[36m_camera_loop[0m:[36m177[0m - [34m[1m[YOLO] camera=1a32cb23-0820-4385-9ab5-de8e472e2c04 frame=1017 detections=2 tracks=5[0m
[32m2026-08-22 10:24:02.847[0m | [34m[1mDEBUG   [0m | [36mai_engine.vision.stream_manager[0m:[36m_camera_loop[0m:[36m177[0m - [34m[1m[YOLO] camera=1a32cb23-0820-4385-9ab5-de8e472e2c04 frame=1020 detections=1 tracks=5[0m
[32m2026-08-22 10:24:02.983[0m | [34m[1mDEBUG   [0m | [36magents.behavior_agent.agent[0m:[36m_on_tracks[0m:[36m34[0m - [34m[1m[BEHAVIOR] camera=1a32cb23-0820-4385-9ab5-de8e472e2c04 received 5 tracks for analysis[0m
[32m2026-08-22 10:24:02.983[0m | [34m[1mDEBUG   [0m | [36magents.behavior_agent.agent[0m:[36m_on_tracks[0m:[36m42[0m - [34m[1m[BEHAVIOR] camera=1a32cb23-0820-4385-9ab5-de8e472e2c04 0 behavior(s) flagged by analyzers[0m
[32m2026-08-22 10:24:02.984[0m | [34m[1mDEBUG   [0m | [36magents.behavior_agent.agent[0m:[36m_run_abd[0m:[36m107[0m - [34m[1m[ABD] camera=1a32cb23-0820-4385-9ab5-de8e472e2c04 feature_vec=[5, 0.0, 0.0, 0.0, 0.0] score=0.000[0m
[32m2026-08-22 10:24:02.985[0m | [34m[1mDEBUG   [0m | [36magents.behavior_agent.agent[0m:[36m_on_tracks[0m:[36m46[0m - [34m[1m[ABD] camera=1a32cb23-0820-4385-9ab5-de8e472e2c04 anomaly_score=0.000[0m
[32m2026-08-22 10:24:02.995[0m | [34m[1mDEBUG   [0m | [36magents.prediction_agent.agent[0m:[36m_on_behavior_state[0m:[36m24[0m - [34m[1m[THREAT_SCORE] camera=1a32cb23-0820-4385-9ab5-de8e472e2c04 {}[0m
[32m2026-08-22 10:24:03.309[0m | [34m[1mDEBUG   [0m | [36mai_engine.vision.stream_manager[0m:[36m_camera_loop[0m:[36m177[0m - [34m[1m[YOLO] camera=1a32cb23-0820-4385-9ab5-de8e472e2c04 frame=1023 detections=1 tracks=5[0m
[32m2026-08-22 10:24:03.674[0m | [34m[1mDEBUG   [0m | [36mai_engine.vision.stream_manager[0m:[36m_camera_loop[0m:[36m177[0m - [34m[1m[YOLO] camera=1a32cb23-0820-4385-9ab5-de8e472e2c04 frame=1026 detections=1 tracks=5[0m
[32m2026-08-22 10:24:04.039[0m | [34m[1mDEBUG   [0m | [36mai_engine.vision.stream_manager[0m:[36m_camera_loop[0m:[36m177[0m - [34m[1m[YOLO] camera=1a32cb23-0820-4385-9ab5-de8e472e2c04 frame=1029 detections=0 tracks=5[0m
[32m2026-08-22 10:24:04.413[0m | [34m[1mDEBUG   [0m | [36mai_engine.vision.stream_manager[0m:[36m_camera_loop[0m:[36m177[0m - [34m[1m[YOLO] camera=1a32cb23-0820-4385-9ab5-de8e472e2c04 frame=1032 detections=1 tracks=5[0m
[32m2026-08-22 10:24:04.778[0m | [34m[1mDEBUG   [0m | [36mai_engine.vision.stream_manager[0m:[36m_camera_loop[0m:[36m177[0m - [34m[1m[YOLO] camera=1a32cb23-0820-4385-9ab5-de8e472e2c04 frame=1035 detections=1 tracks=5[0m
[32m2026-08-22 10:24:05.132[0m | [34m[1mDEBUG   [0m | [36mai_engine.vision.stream_manager[0m:[36m_camera_loop[0m:[36m177[0m - [34m[1m[YOLO] camera=1a32cb23-0820-4385-9ab5-de8e472e2c04 frame=1038 detections=2 tracks=5[0m
[32m2026-08-22 10:24:05.477[0m | [34m[1mDEBUG   [0m | [36mai_engine.vision.stream_manager[0m:[36m_camera_loop[0m:[36m177[0m - [34m[1m[YOLO] camera=1a32cb23-0820-4385-9ab5-de8e472e2c04 frame=1041 detections=2 tracks=5[0m
[32m2026-08-22 10:24:05.845[0m | [34m[1mDEBUG   [0m | [36mai_engine.vision.stream_manager[0m:[36m_camera_loop[0m:[36m177[0m - [34m[1m[YOLO] camera=1a32cb23-0820-4385-9ab5-de8e472e2c04 frame=1044 detections=2 tracks=5[0m
[32m2026-08-22 10:24:06.217[0m | [34m[1mDEBUG   [0m | [36mai_engine.vision.stream_manager[0m:[36m_camera_loop[0m:[36m177[0m - [34m[1m[YOLO] camera=1a32cb23-0820-4385-9ab5-de8e472e2c04 frame=1047 detections=1 tracks=5[0m
[32m2026-08-22 10:24:06.581[0m | [34m[1mDEBUG   [0m | [36mai_engine.vision.stream_manager[0m:[36m_camera_loop[0m:[36m177[0m - [34m[1m[YOLO] camera=1a32cb23-0820-4385-9ab5-de8e472e2c04 frame=1050 detections=1 tracks=4[0m
[32m2026-08-22 10:24:06.722[0m | [34m[1mDEBUG   [0m | [36magents.behavior_agent.agent[0m:[36m_on_tracks[0m:[36m34[0m - [34m[1m[BEHAVIOR] camera=1a32cb23-0820-4385-9ab5-de8e472e2c04 received 4 tracks for analysis[0m
[32m2026-08-22 10:24:06.723[0m | [34m[1mDEBUG   [0m | [36magents.behavior_agent.agent[0m:[36m_on_tracks[0m:[36m42[0m - [34m[1m[BEHAVIOR] camera=1a32cb23-0820-4385-9ab5-de8e472e2c04 0 behavior(s) flagged by analyzers[0m
[32m2026-08-22 10:24:06.723[0m | [34m[1mDEBUG   [0m | [36magents.behavior_agent.agent[0m:[36m_run_abd[0m:[36m107[0m - [34m[1m[ABD] camera=1a32cb23-0820-4385-9ab5-de8e472e2c04 feature_vec=[4, 0.0, 0.0, 0.0, 0.0] score=0.000[0m
[32m2026-08-22 10:24:06.723[0m | [34m[1mDEBUG   [0m | [36magents.behavior_agent.agent[0m:[36m_on_tracks[0m:[36m46[0m - [34m[1m[ABD] camera=1a32cb23-0820-4385-9ab5-de8e472e2c04 anomaly_score=0.000[0m
[32m2026-08-22 10:24:06.729[0m | [34m[1mDEBUG   [0m | [36magents.prediction_agent.agent[0m:[36m_on_behavior_state[0m:[36m24[0m - [34m[1m[THREAT_SCORE] camera=1a32cb23-0820-4385-9ab5-de8e472e2c04 {}[0m
[32m2026-08-22 10:24:07.016[0m | [34m[1mDEBUG   [0m | [36mai_engine.vision.stream_manager[0m:[36m_camera_loop[0m:[36m177[0m - [34m[1m[YOLO] camera=1a32cb23-0820-4385-9ab5-de8e472e2c04 frame=1053 detections=2 tracks=4[0m
INFO:     127.0.0.1:53871 - "GET /api/v1/csi/latest HTTP/1.1" 200 OK
INFO:     127.0.0.1:53871 - "GET /api/v1/cameras/ HTTP/1.1" 200 OK
INFO:     127.0.0.1:53871 - "GET /api/v1/predictions/?hours=1 HTTP/1.1" 200 OK
[32m2026-08-22 10:24:07.397[0m | [34m[1mDEBUG   [0m | [36mai_engine.vision.stream_manager[0m:[36m_camera_loop[0m:[36m177[0m - [34m[1m[YOLO] camera=1a32cb23-0820-4385-9ab5-de8e472e2c04 frame=1056 detections=1 tracks=4[0m
[32m2026-08-22 10:24:07.781[0m | [34m[1mDEBUG   [0m | [36mai_engine.vision.stream_manager[0m:[36m_camera_loop[0m:[36m177[0m - [34m[1m[YOLO] camera=1a32cb23-0820-4385-9ab5-de8e472e2c04 frame=1059 detections=1 tracks=4[0m
[32m2026-08-22 10:24:08.142[0m | [34m[1mDEBUG   [0m | [36mai_engine.vision.stream_manager[0m:[36m_camera_loop[0m:[36m177[0m - [34m[1m[YOLO] camera=1a32cb23-0820-4385-9ab5-de8e472e2c04 frame=1062 detections=2 tracks=4[0m
[32m2026-08-22 10:24:08.510[0m | [34m[1mDEBUG   [0m | [36mai_engine.vision.stream_manager[0m:[36m_camera_loop[0m:[36m177[0m - [34m[1m[YOLO] camera=1a32cb23-0820-4385-9ab5-de8e472e2c04 frame=1065 detections=2 tracks=4[0m
[32m2026-08-22 10:24:08.873[0m | [34m[1mDEBUG   [0m | [36mai_engine.vision.stream_manager[0m:[36m_camera_loop[0m:[36m177[0m - [34m[1m[YOLO] camera=1a32cb23-0820-4385-9ab5-de8e472e2c04 frame=1068 detections=2 tracks=4[0m
[32m2026-08-22 10:24:09.243[0m | [34m[1mDEBUG   [0m | [36mai_engine.vision.stream_manager[0m:[36m_camera_loop[0m:[36m177[0m - [34m[1m[YOLO] camera=1a32cb23-0820-4385-9ab5-de8e472e2c04 frame=1071 detections=1 tracks=4[0m
[32m2026-08-22 10:24:09.609[0m | [34m[1mDEBUG   [0m | [36mai_engine.vision.stream_manager[0m:[36m_camera_loop[0m:[36m177[0m - [34m[1m[YOLO] camera=1a32cb23-0820-4385-9ab5-de8e472e2c04 frame=1074 detections=2 tracks=4[0m
[32m2026-08-22 10:24:09.975[0m | [34m[1mDEBUG   [0m | [36mai_engine.vision.stream_manager[0m:[36m_camera_loop[0m:[36m177[0m - [34m[1m[YOLO] camera=1a32cb23-0820-4385-9ab5-de8e472e2c04 frame=1077 detections=3 tracks=4[0m
[32m2026-08-22 10:24:10.336[0m | [34m[1mDEBUG   [0m | [36mai_engine.vision.stream_manager[0m:[36m_camera_loop[0m:[36m177[0m - [34m[1m[YOLO] camera=1a32cb23-0820-4385-9ab5-de8e472e2c04 frame=1080 detections=1 tracks=4[0m
[32m2026-08-22 10:24:10.464[0m | [34m[1mDEBUG   [0m | [36magents.behavior_agent.agent[0m:[36m_on_tracks[0m:[36m34[0m - [34m[1m[BEHAVIOR] camera=1a32cb23-0820-4385-9ab5-de8e472e2c04 received 4 tracks for analysis[0m
[32m2026-08-22 10:24:10.464[0m | [34m[1mDEBUG   [0m | [36magents.behavior_agent.agent[0m:[36m_on_tracks[0m:[36m42[0m - [34m[1m[BEHAVIOR] camera=1a32cb23-0820-4385-9ab5-de8e472e2c04 0 behavior(s) flagged by analyzers[0m
[32m2026-08-22 10:24:10.464[0m | [34m[1mDEBUG   [0m | [36magents.behavior_agent.agent[0m:[36m_run_abd[0m:[36m107[0m - [34m[1m[ABD] camera=1a32cb23-0820-4385-9ab5-de8e472e2c04 feature_vec=[4, 0.0, 0.0, 0.0, 0.0] score=0.000[0m
[32m2026-08-22 10:24:10.464[0m | [34m[1mDEBUG   [0m | [36magents.behavior_agent.agent[0m:[36m_on_tracks[0m:[36m46[0m - [34m[1m[ABD] camera=1a32cb23-0820-4385-9ab5-de8e472e2c04 anomaly_score=0.000[0m
[32m2026-08-22 10:24:10.477[0m | [34m[1mDEBUG   [0m | [36magents.prediction_agent.agent[0m:[36m_on_behavior_state[0m:[36m24[0m - [34m[1m[THREAT_SCORE] camera=1a32cb23-0820-4385-9ab5-de8e472e2c04 {}[0m
[32m2026-08-22 10:24:10.776[0m | [34m[1mDEBUG   [0m | [36mai_engine.vision.stream_manager[0m:[36m_camera_loop[0m:[36m177[0m - [34m[1m[YOLO] camera=1a32cb23-0820-4385-9ab5-de8e472e2c04 frame=1083 detections=1 tracks=3[0m
[32m2026-08-22 10:24:11.143[0m | [34m[1mDEBUG   [0m | [36mai_engine.vision.stream_manager[0m:[36m_camera_loop[0m:[36m177[0m - [34m[1m[YOLO] camera=1a32cb23-0820-4385-9ab5-de8e472e2c04 frame=1086 detections=2 tracks=3[0m
[32m2026-08-22 10:24:11.562[0m | [34m[1mDEBUG   [0m | [36mai_engine.vision.stream_manager[0m:[36m_camera_loop[0m:[36m177[0m - [34m[1m[YOLO] camera=1a32cb23-0820-4385-9ab5-de8e472e2c04 frame=1089 detections=2 tracks=3[0m
[32m2026-08-22 10:24:11.952[0m | [34m[1mDEBUG   [0m | [36mai_engine.vision.stream_manager[0m:[36m_camera_loop[0m:[36m177[0m - [34m[1m[YOLO] camera=1a32cb23-0820-4385-9ab5-de8e472e2c04 frame=1092 detections=1 tracks=3[0m
[32m2026-08-22 10:24:12.297[0m | [34m[1mDEBUG   [0m | [36mai_engine.vision.stream_manager[0m:[36m_camera_loop[0m:[36m177[0m - [34m[1m[YOLO] camera=1a32cb23-0820-4385-9ab5-de8e472e2c04 frame=1095 detections=1 tracks=3[0m
[32m2026-08-22 10:24:12.642[0m | [34m[1mDEBUG   [0m | [36mai_engine.vision.stream_manager[0m:[36m_camera_loop[0m:[36m177[0m - [34m[1m[YOLO] camera=1a32cb23-0820-4385-9ab5-de8e472e2c04 frame=1098 detections=1 tracks=3[0m
[32m2026-08-22 10:24:13.009[0m | [34m[1mDEBUG   [0m | [36mai_engine.vision.stream_manager[0m:[36m_camera_loop[0m:[36m177[0m - [34m[1m[YOLO] camera=1a32cb23-0820-4385-9ab5-de8e472e2c04 frame=1101 detections=2 tracks=3[0m
[32m2026-08-22 10:24:13.373[0m | [34m[1mDEBUG   [0m | [36mai_engine.vision.stream_manager[0m:[36m_camera_loop[0m:[36m177[0m - [34m[1m[YOLO] camera=1a32cb23-0820-4385-9ab5-de8e472e2c04 frame=1104 detections=1 tracks=3[0m
[32m2026-08-22 10:24:13.774[0m | [34m[1mDEBUG   [0m | [36mai_engine.vision.stream_manager[0m:[36m_camera_loop[0m:[36m177[0m - [34m[1m[YOLO] camera=1a32cb23-0820-4385-9ab5-de8e472e2c04 frame=1107 detections=2 tracks=3[0m
[32m2026-08-22 10:24:14.175[0m | [34m[1mDEBUG   [0m | [36mai_engine.vision.stream_manager[0m:[36m_camera_loop[0m:[36m177[0m - [34m[1m[YOLO] camera=1a32cb23-0820-4385-9ab5-de8e472e2c04 frame=1110 detections=2 tracks=3[0m
[32m2026-08-22 10:24:14.314[0m | [34m[1mDEBUG   [0m | [36magents.behavior_agent.agent[0m:[36m_on_tracks[0m:[36m34[0m - [34m[1m[BEHAVIOR] camera=1a32cb23-0820-4385-9ab5-de8e472e2c04 received 3 tracks for analysis[0m
[32m2026-08-22 10:24:14.316[0m | [34m[1mDEBUG   [0m | [36magents.behavior_agent.agent[0m:[36m_on_tracks[0m:[36m42[0m - [34m[1m[BEHAVIOR] camera=1a32cb23-0820-4385-9ab5-de8e472e2c04 0 behavior(s) flagged by analyzers[0m
[32m2026-08-22 10:24:14.316[0m | [34m[1mDEBUG   [0m | [36magents.behavior_agent.agent[0m:[36m_run_abd[0m:[36m107[0m - [34m[1m[ABD] camera=1a32cb23-0820-4385-9ab5-de8e472e2c04 feature_vec=[3, 0.0, 0.0, 0.0, 0.0] score=0.000[0m
[32m2026-08-22 10:24:14.316[0m | [34m[1mDEBUG   [0m | [36magents.behavior_agent.agent[0m:[36m_on_tracks[0m:[36m46[0m - [34m[1m[ABD] camera=1a32cb23-0820-4385-9ab5-de8e472e2c04 anomaly_score=0.000[0m
[32m2026-08-22 10:24:14.327[0m | [34m[1mDEBUG   [0m | [36magents.prediction_agent.agent[0m:[36m_on_behavior_state[0m:[36m24[0m - [34m[1m[THREAT_SCORE] camera=1a32cb23-0820-4385-9ab5-de8e472e2c04 {}[0m
[32m2026-08-22 10:24:14.606[0m | [34m[1mDEBUG   [0m | [36mai_engine.vision.stream_manager[0m:[36m_camera_loop[0m:[36m177[0m - [34m[1m[YOLO] camera=1a32cb23-0820-4385-9ab5-de8e472e2c04 frame=1113 detections=2 tracks=3[0m
[32m2026-08-22 10:24:14.980[0m | [34m[1mDEBUG   [0m | [36mai_engine.vision.stream_manager[0m:[36m_camera_loop[0m:[36m177[0m - [34m[1m[YOLO] camera=1a32cb23-0820-4385-9ab5-de8e472e2c04 frame=1116 detections=2 tracks=3[0m
[32m2026-08-22 10:24:14.981[0m | [31m[1mERROR   [0m | [36mai_engine.vision.camera_manager[0m:[36mopen[0m:[36m82[0m - [31m[1m[6cf7815f-009b-48e6-bf71-a7548a5e75b0] Cannot open configured source (http://10.179.77.183:8080/video)[0m
[32m2026-08-22 10:24:14.982[0m | [33m[1mWARNING [0m | [36mai_engine.vision.stream_manager[0m:[36m_camera_loop[0m:[36m148[0m - [33m[1mCannot open stream 6cf7815f-009b-48e6-bf71-a7548a5e75b0 (source=http://10.179.77.183:8080/video)[0m
[32m2026-08-22 10:24:15.348[0m | [34m[1mDEBUG   [0m | [36mai_engine.vision.stream_manager[0m:[36m_camera_loop[0m:[36m177[0m - [34m[1m[YOLO] camera=1a32cb23-0820-4385-9ab5-de8e472e2c04 frame=1119 detections=1 tracks=3[0m
[32m2026-08-22 10:24:15.715[0m | [34m[1mDEBUG   [0m | [36mai_engine.vision.stream_manager[0m:[36m_camera_loop[0m:[36m177[0m - [34m[1m[YOLO] camera=1a32cb23-0820-4385-9ab5-de8e472e2c04 frame=1122 detections=1 tracks=3[0m
[32m2026-08-22 10:24:16.079[0m | [34m[1mDEBUG   [0m | [36mai_engine.vision.stream_manager[0m:[36m_camera_loop[0m:[36m177[0m - [34m[1m[YOLO] camera=1a32cb23-0820-4385-9ab5-de8e472e2c04 frame=1125 detections=1 tracks=3[0m
[32m2026-08-22 10:24:16.442[0m | [34m[1mDEBUG   [0m | [36mai_engine.vision.stream_manager[0m:[36m_camera_loop[0m:[36m177[0m - [34m[1m[YOLO] camera=1a32cb23-0820-4385-9ab5-de8e472e2c04 frame=1128 detections=2 tracks=3[0m
[32m2026-08-22 10:24:16.806[0m | [34m[1mDEBUG   [0m | [36mai_engine.vision.stream_manager[0m:[36m_camera_loop[0m:[36m177[0m - [34m[1m[YOLO] camera=1a32cb23-0820-4385-9ab5-de8e472e2c04 frame=1131 detections=2 tracks=3[0m
[32m2026-08-22 10:24:17.187[0m | [34m[1mDEBUG   [0m | [36mai_engine.vision.stream_manager[0m:[36m_camera_loop[0m:[36m177[0m - [34m[1m[YOLO] camera=1a32cb23-0820-4385-9ab5-de8e472e2c04 frame=1134 detections=1 tracks=3[0m
INFO:     127.0.0.1:49672 - "GET /api/v1/cameras/ HTTP/1.1" 200 OK
[32m2026-08-22 10:24:17.568[0m | [34m[1mDEBUG   [0m | [36mai_engine.vision.stream_manager[0m:[36m_camera_loop[0m:[36m177[0m - [34m[1m[YOLO] camera=1a32cb23-0820-4385-9ab5-de8e472e2c04 frame=1137 detections=1 tracks=3[0m
[32m2026-08-22 10:24:17.931[0m | [34m[1mDEBUG   [0m | [36mai_engine.vision.stream_manager[0m:[36m_camera_loop[0m:[36m177[0m - [34m[1m[YOLO] camera=1a32cb23-0820-4385-9ab5-de8e472e2c04 frame=1140 detections=1 tracks=3[0m
[32m2026-08-22 10:24:18.047[0m | [34m[1mDEBUG   [0m | [36magents.behavior_agent.agent[0m:[36m_on_tracks[0m:[36m34[0m - [34m[1m[BEHAVIOR] camera=1a32cb23-0820-4385-9ab5-de8e472e2c04 received 3 tracks for analysis[0m
[32m2026-08-22 10:24:18.047[0m | [34m[1mDEBUG   [0m | [36magents.behavior_agent.agent[0m:[36m_on_tracks[0m:[36m42[0m - [34m[1m[BEHAVIOR] camera=1a32cb23-0820-4385-9ab5-de8e472e2c04 0 behavior(s) flagged by analyzers[0m
[32m2026-08-22 10:24:18.048[0m | [34m[1mDEBUG   [0m | [36magents.behavior_agent.agent[0m:[36m_run_abd[0m:[36m107[0m - [34m[1m[ABD] camera=1a32cb23-0820-4385-9ab5-de8e472e2c04 feature_vec=[3, 0.0, 0.0, 0.0, 0.0] score=0.000[0m
[32m2026-08-22 10:24:18.048[0m | [34m[1mDEBUG   [0m | [36magents.behavior_agent.agent[0m:[36m_on_tracks[0m:[36m46[0m - [34m[1m[ABD] camera=1a32cb23-0820-4385-9ab5-de8e472e2c04 anomaly_score=0.000[0m
[32m2026-08-22 10:24:18.055[0m | [34m[1mDEBUG   [0m | [36magents.prediction_agent.agent[0m:[36m_on_behavior_state[0m:[36m24[0m - [34m[1m[THREAT_SCORE] camera=1a32cb23-0820-4385-9ab5-de8e472e2c04 {}[0m
[32m2026-08-22 10:24:18.296[0m | [34m[1mDEBUG   [0m | [36mai_engine.vision.stream_manager[0m:[36m_camera_loop[0m:[36m177[0m - [34m[1m[YOLO] camera=1a32cb23-0820-4385-9ab5-de8e472e2c04 frame=1143 detections=2 tracks=3[0m
[32m2026-08-22 10:24:18.604[0m | [34m[1mDEBUG   [0m | [36mai_engine.vision.stream_manager[0m:[36m_camera_loop[0m:[36m177[0m - [34m[1m[YOLO] camera=1a32cb23-0820-4385-9ab5-de8e472e2c04 frame=1146 detections=2 tracks=3[0m
[32m2026-08-22 10:24:18.939[0m | [34m[1mDEBUG   [0m | [36mai_engine.vision.stream_manager[0m:[36m_camera_loop[0m:[36m177[0m - [34m[1m[YOLO] camera=1a32cb23-0820-4385-9ab5-de8e472e2c04 frame=1149 detections=2 tracks=3[0m
[32m2026-08-22 10:24:19.279[0m | [34m[1mDEBUG   [0m | [36mai_engine.vision.stream_manager[0m:[36m_camera_loop[0m:[36m177[0m - [34m[1m[YOLO] camera=1a32cb23-0820-4385-9ab5-de8e472e2c04 frame=1152 detections=1 tracks=3[0m
[32m2026-08-22 10:24:19.586[0m | [34m[1mDEBUG   [0m | [36mai_engine.vision.stream_manager[0m:[36m_camera_loop[0m:[36m177[0m - [34m[1m[YOLO] camera=1a32cb23-0820-4385-9ab5-de8e472e2c04 frame=1155 detections=1 tracks=3[0m
[32m2026-08-22 10:24:19.897[0m | [34m[1mDEBUG   [0m | [36mai_engine.vision.stream_manager[0m:[36m_camera_loop[0m:[36m177[0m - [34m[1m[YOLO] camera=1a32cb23-0820-4385-9ab5-de8e472e2c04 frame=1158 detections=2 tracks=3[0m
[32m2026-08-22 10:24:20.211[0m | [34m[1mDEBUG   [0m | [36mai_engine.vision.stream_manager[0m:[36m_camera_loop[0m:[36m177[0m - [34m[1m[YOLO] camera=1a32cb23-0820-4385-9ab5-de8e472e2c04 frame=1161 detections=2 tracks=3[0m
[32m2026-08-22 10:24:20.538[0m | [34m[1mDEBUG   [0m | [36mai_engine.vision.stream_manager[0m:[36m_camera_loop[0m:[36m177[0m - [34m[1m[YOLO] camera=1a32cb23-0820-4385-9ab5-de8e472e2c04 frame=1164 detections=2 tracks=3[0m
[32m2026-08-22 10:24:20.889[0m | [34m[1mDEBUG   [0m | [36mai_engine.vision.stream_manager[0m:[36m_camera_loop[0m:[36m177[0m - [34m[1m[YOLO] camera=1a32cb23-0820-4385-9ab5-de8e472e2c04 frame=1167 detections=2 tracks=3[0m
[32m2026-08-22 10:24:21.175[0m | [34m[1mDEBUG   [0m | [36mai_engine.vision.stream_manager[0m:[36m_camera_loop[0m:[36m177[0m - [34m[1m[YOLO] camera=1a32cb23-0820-4385-9ab5-de8e472e2c04 frame=1170 detections=2 tracks=3[0m
[32m2026-08-22 10:24:21.297[0m | [34m[1mDEBUG   [0m | [36magents.behavior_agent.agent[0m:[36m_on_tracks[0m:[36m34[0m - [34m[1m[BEHAVIOR] camera=1a32cb23-0820-4385-9ab5-de8e472e2c04 received 3 tracks for analysis[0m
[32m2026-08-22 10:24:21.297[0m | [34m[1mDEBUG   [0m | [36magents.behavior_agent.agent[0m:[36m_on_tracks[0m:[36m42[0m - [34m[1m[BEHAVIOR] camera=1a32cb23-0820-4385-9ab5-de8e472e2c04 0 behavior(s) flagged by analyzers[0m
[32m2026-08-22 10:24:21.297[0m | [34m[1mDEBUG   [0m | [36magents.behavior_agent.agent[0m:[36m_run_abd[0m:[36m107[0m - [34m[1m[ABD] camera=1a32cb23-0820-4385-9ab5-de8e472e2c04 feature_vec=[3, 0.0, 0.0, 0.0, 0.0] score=0.000[0m
[32m2026-08-22 10:24:21.298[0m | [34m[1mDEBUG   [0m | [36magents.behavior_agent.agent[0m:[36m_on_tracks[0m:[36m46[0m - [34m[1m[ABD] camera=1a32cb23-0820-4385-9ab5-de8e472e2c04 anomaly_score=0.000[0m
[32m2026-08-22 10:24:21.305[0m | [34m[1mDEBUG   [0m | [36magents.prediction_agent.agent[0m:[36m_on_behavior_state[0m:[36m24[0m - [34m[1m[THREAT_SCORE] camera=1a32cb23-0820-4385-9ab5-de8e472e2c04 {}[0m
[32m2026-08-22 10:24:21.576[0m | [34m[1mDEBUG   [0m | [36mai_engine.vision.stream_manager[0m:[36m_camera_loop[0m:[36m177[0m - [34m[1m[YOLO] camera=1a32cb23-0820-4385-9ab5-de8e472e2c04 frame=1173 detections=2 tracks=3[0m
[32m2026-08-22 10:24:21.904[0m | [34m[1mDEBUG   [0m | [36mai_engine.vision.stream_manager[0m:[36m_camera_loop[0m:[36m177[0m - [34m[1m[YOLO] camera=1a32cb23-0820-4385-9ab5-de8e472e2c04 frame=1176 detections=2 tracks=3[0m
[32m2026-08-22 10:24:22.233[0m | [34m[1mDEBUG   [0m | [36mai_engine.vision.stream_manager[0m:[36m_camera_loop[0m:[36m177[0m - [34m[1m[YOLO] camera=1a32cb23-0820-4385-9ab5-de8e472e2c04 frame=1179 detections=2 tracks=3[0m
[32m2026-08-22 10:24:22.540[0m | [34m[1mDEBUG   [0m | [36mai_engine.vision.stream_manager[0m:[36m_camera_loop[0m:[36m177[0m - [34m[1m[YOLO] camera=1a32cb23-0820-4385-9ab5-de8e472e2c04 frame=1182 detections=2 tracks=3[0m
[32m2026-08-22 10:24:22.917[0m | [34m[1mDEBUG   [0m | [36mai_engine.vision.stream_manager[0m:[36m_camera_loop[0m:[36m177[0m - [34m[1m[YOLO] camera=1a32cb23-0820-4385-9ab5-de8e472e2c04 frame=1185 detections=2 tracks=3[0m
[32m2026-08-22 10:24:23.274[0m | [34m[1mDEBUG   [0m | [36mai_engine.vision.stream_manager[0m:[36m_camera_loop[0m:[36m177[0m - [34m[1m[YOLO] camera=1a32cb23-0820-4385-9ab5-de8e472e2c04 frame=1188 detections=2 tracks=3[0m
[32m2026-08-22 10:24:23.662[0m | [34m[1mDEBUG   [0m | [36mai_engine.vision.stream_manager[0m:[36m_camera_loop[0m:[36m177[0m - [34m[1m[YOLO] camera=1a32cb23-0820-4385-9ab5-de8e472e2c04 frame=1191 detections=2 tracks=3[0m
[32m2026-08-22 10:24:24.042[0m | [34m[1mDEBUG   [0m | [36mai_engine.vision.stream_manager[0m:[36m_camera_loop[0m:[36m177[0m - [34m[1m[YOLO] camera=1a32cb23-0820-4385-9ab5-de8e472e2c04 frame=1194 detections=2 tracks=3[0m
[32m2026-08-22 10:24:24.408[0m | [34m[1mDEBUG   [0m | [36mai_engine.vision.stream_manager[0m:[36m_camera_loop[0m:[36m177[0m - [34m[1m[YOLO] camera=1a32cb23-0820-4385-9ab5-de8e472e2c04 frame=1197 detections=1 tracks=3[0m
[32m2026-08-22 10:24:24.776[0m | [34m[1mDEBUG   [0m | [36mai_engine.vision.stream_manager[0m:[36m_camera_loop[0m:[36m177[0m - [34m[1m[YOLO] camera=1a32cb23-0820-4385-9ab5-de8e472e2c04 frame=1200 detections=1 tracks=3[0m
[32m2026-08-22 10:24:25.260[0m | [34m[1mDEBUG   [0m | [36magents.behavior_agent.agent[0m:[36m_on_tracks[0m:[36m34[0m - [34m[1m[BEHAVIOR] camera=1a32cb23-0820-4385-9ab5-de8e472e2c04 received 3 tracks for analysis[0m
[32m2026-08-22 10:24:25.260[0m | [34m[1mDEBUG   [0m | [36magents.behavior_agent.agent[0m:[36m_on_tracks[0m:[36m42[0m - [34m[1m[BEHAVIOR] camera=1a32cb23-0820-4385-9ab5-de8e472e2c04 0 behavior(s) flagged by analyzers[0m
[32m2026-08-22 10:24:25.260[0m | [34m[1mDEBUG   [0m | [36magents.behavior_agent.agent[0m:[36m_run_abd[0m:[36m107[0m - [34m[1m[ABD] camera=1a32cb23-0820-4385-9ab5-de8e472e2c04 feature_vec=[3, 0.0, 0.0, 0.0, 0.0] score=0.000[0m
[32m2026-08-22 10:24:25.262[0m | [34m[1mDEBUG   [0m | [36magents.behavior_agent.agent[0m:[36m_on_tracks[0m:[36m46[0m - [34m[1m[ABD] camera=1a32cb23-0820-4385-9ab5-de8e472e2c04 anomaly_score=0.000[0m
[32m2026-08-22 10:24:25.272[0m | [34m[1mDEBUG   [0m | [36magents.prediction_agent.agent[0m:[36m_on_behavior_state[0m:[36m24[0m - [34m[1m[THREAT_SCORE] camera=1a32cb23-0820-4385-9ab5-de8e472e2c04 {}[0m
[32m2026-08-22 10:24:25.583[0m | [34m[1mDEBUG   [0m | [36mai_engine.vision.stream_manager[0m:[36m_camera_loop[0m:[36m177[0m - [34m[1m[YOLO] camera=1a32cb23-0820-4385-9ab5-de8e472e2c04 frame=1203 detections=2 tracks=3[0m
[32m2026-08-22 10:24:25.935[0m | [34m[1mDEBUG   [0m | [36mai_engine.vision.stream_manager[0m:[36m_camera_loop[0m:[36m177[0m - [34m[1m[YOLO] camera=1a32cb23-0820-4385-9ab5-de8e472e2c04 frame=1206 detections=2 tracks=3[0m
[32m2026-08-22 10:24:26.312[0m | [34m[1mDEBUG   [0m | [36mai_engine.vision.stream_manager[0m:[36m_camera_loop[0m:[36m177[0m - [34m[1m[YOLO] camera=1a32cb23-0820-4385-9ab5-de8e472e2c04 frame=1209 detections=2 tracks=3[0m
[32m2026-08-22 10:24:26.683[0m | [34m[1mDEBUG   [0m | [36mai_engine.vision.stream_manager[0m:[36m_camera_loop[0m:[36m177[0m - [34m[1m[YOLO] camera=1a32cb23-0820-4385-9ab5-de8e472e2c04 frame=1212 detections=2 tracks=3[0m
[32m2026-08-22 10:24:27.039[0m | [34m[1mDEBUG   [0m | [36mai_engine.vision.stream_manager[0m:[36m_camera_loop[0m:[36m177[0m - [34m[1m[YOLO] camera=1a32cb23-0820-4385-9ab5-de8e472e2c04 frame=1215 detections=2 tracks=3[0m
INFO:     127.0.0.1:65362 - "GET /api/v1/cameras/ HTTP/1.1" 200 OK
[32m2026-08-22 10:24:27.420[0m | [34m[1mDEBUG   [0m | [36mai_engine.vision.stream_manager[0m:[36m_camera_loop[0m:[36m177[0m - [34m[1m[YOLO] camera=1a32cb23-0820-4385-9ab5-de8e472e2c04 frame=1218 detections=2 tracks=3[0m
[32m2026-08-22 10:24:27.754[0m | [34m[1mDEBUG   [0m | [36mai_engine.vision.stream_manager[0m:[36m_camera_loop[0m:[36m177[0m - [34m[1m[YOLO] camera=1a32cb23-0820-4385-9ab5-de8e472e2c04 frame=1221 detections=2 tracks=3[0m
[32m2026-08-22 10:24:28.083[0m | [34m[1mDEBUG   [0m | [36mai_engine.vision.stream_manager[0m:[36m_camera_loop[0m:[36m177[0m - [34m[1m[YOLO] camera=1a32cb23-0820-4385-9ab5-de8e472e2c04 frame=1224 detections=1 tracks=3[0m
[32m2026-08-22 10:24:28.398[0m | [34m[1mDEBUG   [0m | [36mai_engine.vision.stream_manager[0m:[36m_camera_loop[0m:[36m177[0m - [34m[1m[YOLO] camera=1a32cb23-0820-4385-9ab5-de8e472e2c04 frame=1227 detections=1 tracks=3[0m
[32m2026-08-22 10:24:28.733[0m | [34m[1mDEBUG   [0m | [36mai_engine.vision.stream_manager[0m:[36m_camera_loop[0m:[36m177[0m - [34m[1m[YOLO] camera=1a32cb23-0820-4385-9ab5-de8e472e2c04 frame=1230 detections=2 tracks=3[0m
[32m2026-08-22 10:24:28.875[0m | [34m[1mDEBUG   [0m | [36magents.behavior_agent.agent[0m:[36m_on_tracks[0m:[36m34[0m - [34m[1m[BEHAVIOR] camera=1a32cb23-0820-4385-9ab5-de8e472e2c04 received 3 tracks for analysis[0m
[32m2026-08-22 10:24:28.876[0m | [34m[1mDEBUG   [0m | [36magents.behavior_agent.agent[0m:[36m_on_tracks[0m:[36m42[0m - [34m[1m[BEHAVIOR] camera=1a32cb23-0820-4385-9ab5-de8e472e2c04 0 behavior(s) flagged by analyzers[0m
[32m2026-08-22 10:24:28.876[0m | [34m[1mDEBUG   [0m | [36magents.behavior_agent.agent[0m:[36m_run_abd[0m:[36m107[0m - [34m[1m[ABD] camera=1a32cb23-0820-4385-9ab5-de8e472e2c04 feature_vec=[3, 0.0, 0.0, 0.0, 0.0] score=0.000[0m
[32m2026-08-22 10:24:28.876[0m | [34m[1mDEBUG   [0m | [36magents.behavior_agent.agent[0m:[36m_on_tracks[0m:[36m46[0m - [34m[1m[ABD] camera=1a32cb23-0820-4385-9ab5-de8e472e2c04 anomaly_score=0.000[0m
[32m2026-08-22 10:24:28.882[0m | [34m[1mDEBUG   [0m | [36magents.prediction_agent.agent[0m:[36m_on_behavior_state[0m:[36m24[0m - [34m[1m[THREAT_SCORE] camera=1a32cb23-0820-4385-9ab5-de8e472e2c04 {}[0m
[32m2026-08-22 10:24:29.129[0m | [34m[1mDEBUG   [0m | [36mai_engine.vision.stream_manager[0m:[36m_camera_loop[0m:[36m177[0m - [34m[1m[YOLO] camera=1a32cb23-0820-4385-9ab5-de8e472e2c04 frame=1233 detections=2 tracks=3[0m
[32m2026-08-22 10:24:29.435[0m | [34m[1mDEBUG   [0m | [36mai_engine.vision.stream_manager[0m:[36m_camera_loop[0m:[36m177[0m - [34m[1m[YOLO] camera=1a32cb23-0820-4385-9ab5-de8e472e2c04 frame=1236 detections=2 tracks=3[0m
[32m2026-08-22 10:24:29.787[0m | [34m[1mDEBUG   [0m | [36mai_engine.vision.stream_manager[0m:[36m_camera_loop[0m:[36m177[0m - [34m[1m[YOLO] camera=1a32cb23-0820-4385-9ab5-de8e472e2c04 frame=1239 detections=2 tracks=3[0m
[32m2026-08-22 10:24:30.108[0m | [34m[1mDEBUG   [0m | [36mai_engine.vision.stream_manager[0m:[36m_camera_loop[0m:[36m177[0m - [34m[1m[YOLO] camera=1a32cb23-0820-4385-9ab5-de8e472e2c04 frame=1242 detections=2 tracks=3[0m
[32m2026-08-22 10:24:30.443[0m | [34m[1mDEBUG   [0m | [36mai_engine.vision.stream_manager[0m:[36m_camera_loop[0m:[36m177[0m - [34m[1m[YOLO] camera=1a32cb23-0820-4385-9ab5-de8e472e2c04 frame=1245 detections=2 tracks=3[0m
[32m2026-08-22 10:24:30.725[0m | [31m[1mERROR   [0m | [36mai_engine.vision.camera_manager[0m:[36mopen[0m:[36m82[0m - [31m[1m[6cf7815f-009b-48e6-bf71-a7548a5e75b0] Cannot open configured source (http://10.179.77.183:8080/video)[0m
[32m2026-08-22 10:24:30.726[0m | [33m[1mWARNING [0m | [36mai_engine.vision.stream_manager[0m:[36m_camera_loop[0m:[36m148[0m - [33m[1mCannot open stream 6cf7815f-009b-48e6-bf71-a7548a5e75b0 (source=http://10.179.77.183:8080/video)[0m
[32m2026-08-22 10:24:30.767[0m | [34m[1mDEBUG   [0m | [36mai_engine.vision.stream_manager[0m:[36m_camera_loop[0m:[36m177[0m - [34m[1m[YOLO] camera=1a32cb23-0820-4385-9ab5-de8e472e2c04 frame=1248 detections=2 tracks=3[0m
[32m2026-08-22 10:24:31.090[0m | [34m[1mDEBUG   [0m | [36mai_engine.vision.stream_manager[0m:[36m_camera_loop[0m:[36m177[0m - [34m[1m[YOLO] camera=1a32cb23-0820-4385-9ab5-de8e472e2c04 frame=1251 detections=2 tracks=3[0m
[32m2026-08-22 10:24:31.394[0m | [34m[1mDEBUG   [0m | [36mai_engine.vision.stream_manager[0m:[36m_camera_loop[0m:[36m177[0m - [34m[1m[YOLO] camera=1a32cb23-0820-4385-9ab5-de8e472e2c04 frame=1254 detections=2 tracks=3[0m
[32m2026-08-22 10:24:31.710[0m | [34m[1mDEBUG   [0m | [36mai_engine.vision.stream_manager[0m:[36m_camera_loop[0m:[36m177[0m - [34m[1m[YOLO] camera=1a32cb23-0820-4385-9ab5-de8e472e2c04 frame=1257 detections=2 tracks=3[0m
[32m2026-08-22 10:24:32.044[0m | [34m[1mDEBUG   [0m | [36mai_engine.vision.stream_manager[0m:[36m_camera_loop[0m:[36m177[0m - [34m[1m[YOLO] camera=1a32cb23-0820-4385-9ab5-de8e472e2c04 frame=1260 detections=1 tracks=3[0m
[32m2026-08-22 10:24:32.162[0m | [34m[1mDEBUG   [0m | [36magents.behavior_agent.agent[0m:[36m_on_tracks[0m:[36m34[0m - [34m[1m[BEHAVIOR] camera=1a32cb23-0820-4385-9ab5-de8e472e2c04 received 3 tracks for analysis[0m
[32m2026-08-22 10:24:32.162[0m | [34m[1mDEBUG   [0m | [36magents.behavior_agent.agent[0m:[36m_on_tracks[0m:[36m42[0m - [34m[1m[BEHAVIOR] camera=1a32cb23-0820-4385-9ab5-de8e472e2c04 1 behavior(s) flagged by analyzers[0m
[32m2026-08-22 10:24:32.162[0m | [34m[1mDEBUG   [0m | [36magents.behavior_agent.agent[0m:[36m_run_abd[0m:[36m107[0m - [34m[1m[ABD] camera=1a32cb23-0820-4385-9ab5-de8e472e2c04 feature_vec=[3, 0.0, 0.0, 0.0, 0.0] score=0.000[0m
[32m2026-08-22 10:24:32.163[0m | [34m[1mDEBUG   [0m | [36magents.behavior_agent.agent[0m:[36m_on_tracks[0m:[36m46[0m - [34m[1m[ABD] camera=1a32cb23-0820-4385-9ab5-de8e472e2c04 anomaly_score=0.000[0m
[32m2026-08-22 10:24:32.177[0m | [1mINFO    [0m | [36magents.behavior_agent.agent[0m:[36m_on_tracks[0m:[36m70[0m - [1mBehaviorAgent: 1 behaviors detected on camera 1a32cb23-0820-4385-9ab5-de8e472e2c04[0m
[32m2026-08-22 10:24:32.178[0m | [34m[1mDEBUG   [0m | [36magents.prediction_agent.agent[0m:[36m_on_behavior_state[0m:[36m24[0m - [34m[1m[THREAT_SCORE] camera=1a32cb23-0820-4385-9ab5-de8e472e2c04 {}[0m
[32m2026-08-22 10:24:32.436[0m | [34m[1mDEBUG   [0m | [36mai_engine.vision.stream_manager[0m:[36m_camera_loop[0m:[36m177[0m - [34m[1m[YOLO] camera=1a32cb23-0820-4385-9ab5-de8e472e2c04 frame=1263 detections=1 tracks=3[0m
[32m2026-08-22 10:24:32.767[0m | [34m[1mDEBUG   [0m | [36mai_engine.vision.stream_manager[0m:[36m_camera_loop[0m:[36m177[0m - [34m[1m[YOLO] camera=1a32cb23-0820-4385-9ab5-de8e472e2c04 frame=1266 detections=2 tracks=3[0m
[32m2026-08-22 10:24:33.060[0m | [34m[1mDEBUG   [0m | [36mai_engine.vision.stream_manager[0m:[36m_camera_loop[0m:[36m177[0m - [34m[1m[YOLO] camera=1a32cb23-0820-4385-9ab5-de8e472e2c04 frame=1269 detections=1 tracks=3[0m
[32m2026-08-22 10:24:33.372[0m | [34m[1mDEBUG   [0m | [36mai_engine.vision.stream_manager[0m:[36m_camera_loop[0m:[36m177[0m - [34m[1m[YOLO] camera=1a32cb23-0820-4385-9ab5-de8e472e2c04 frame=1272 detections=2 tracks=3[0m
[32m2026-08-22 10:24:33.717[0m | [34m[1mDEBUG   [0m | [36mai_engine.vision.stream_manager[0m:[36m_camera_loop[0m:[36m177[0m - [34m[1m[YOLO] camera=1a32cb23-0820-4385-9ab5-de8e472e2c04 frame=1275 detections=1 tracks=3[0m
[32m2026-08-22 10:24:34.051[0m | [34m[1mDEBUG   [0m | [36mai_engine.vision.stream_manager[0m:[36m_camera_loop[0m:[36m177[0m - [34m[1m[YOLO] camera=1a32cb23-0820-4385-9ab5-de8e472e2c04 frame=1278 detections=1 tracks=3[0m
[32m2026-08-22 10:24:34.368[0m | [34m[1mDEBUG   [0m | [36mai_engine.vision.stream_manager[0m:[36m_camera_loop[0m:[36m177[0m - [34m[1m[YOLO] camera=1a32cb23-0820-4385-9ab5-de8e472e2c04 frame=1281 detections=2 tracks=3[0m
[32m2026-08-22 10:24:34.714[0m | [34m[1mDEBUG   [0m | [36mai_engine.vision.stream_manager[0m:[36m_camera_loop[0m:[36m177[0m - [34m[1m[YOLO] camera=1a32cb23-0820-4385-9ab5-de8e472e2c04 frame=1284 detections=2 tracks=3[0m
[32m2026-08-22 10:24:35.044[0m | [34m[1mDEBUG   [0m | [36mai_engine.vision.stream_manager[0m:[36m_camera_loop[0m:[36m177[0m - [34m[1m[YOLO] camera=1a32cb23-0820-4385-9ab5-de8e472e2c04 frame=1287 detections=2 tracks=3[0m
[32m2026-08-22 10:24:35.374[0m | [34m[1mDEBUG   [0m | [36mai_engine.vision.stream_manager[0m:[36m_camera_loop[0m:[36m177[0m - [34m[1m[YOLO] camera=1a32cb23-0820-4385-9ab5-de8e472e2c04 frame=1290 detections=2 tracks=3[0m
[32m2026-08-22 10:24:35.495[0m | [34m[1mDEBUG   [0m | [36magents.behavior_agent.agent[0m:[36m_on_tracks[0m:[36m34[0m - [34m[1m[BEHAVIOR] camera=1a32cb23-0820-4385-9ab5-de8e472e2c04 received 3 tracks for analysis[0m
[32m2026-08-22 10:24:35.495[0m | [34m[1mDEBUG   [0m | [36magents.behavior_agent.agent[0m:[36m_on_tracks[0m:[36m42[0m - [34m[1m[BEHAVIOR] camera=1a32cb23-0820-4385-9ab5-de8e472e2c04 0 behavior(s) flagged by analyzers[0m
[32m2026-08-22 10:24:35.496[0m | [34m[1mDEBUG   [0m | [36magents.behavior_agent.agent[0m:[36m_run_abd[0m:[36m107[0m - [34m[1m[ABD] camera=1a32cb23-0820-4385-9ab5-de8e472e2c04 feature_vec=[3, 0.0, 0.0, 0.0, 0.0] score=0.000[0m
[32m2026-08-22 10:24:35.496[0m | [34m[1mDEBUG   [0m | [36magents.behavior_agent.agent[0m:[36m_on_tracks[0m:[36m46[0m - [34m[1m[ABD] camera=1a32cb23-0820-4385-9ab5-de8e472e2c04 anomaly_score=0.000[0m
[32m2026-08-22 10:24:35.503[0m | [34m[1mDEBUG   [0m | [36magents.prediction_agent.agent[0m:[36m_on_behavior_state[0m:[36m24[0m - [34m[1m[THREAT_SCORE] camera=1a32cb23-0820-4385-9ab5-de8e472e2c04 {}[0m
[32m2026-08-22 10:24:35.773[0m | [34m[1mDEBUG   [0m | [36mai_engine.vision.stream_manager[0m:[36m_camera_loop[0m:[36m177[0m - [34m[1m[YOLO] camera=1a32cb23-0820-4385-9ab5-de8e472e2c04 frame=1293 detections=2 tracks=3[0m
INFO:     connection closed
INFO:     connection closed
[32m2026-08-22 10:24:36.104[0m | [34m[1mDEBUG   [0m | [36mai_engine.vision.stream_manager[0m:[36m_camera_loop[0m:[36m177[0m - [34m[1m[YOLO] camera=1a32cb23-0820-4385-9ab5-de8e472e2c04 frame=1296 detections=2 tracks=3[0m
INFO:     ('127.0.0.1', 58124) - "WebSocket /api/v1/ws/events?token=eyJhbGciOiJIUzI1NiIsInR5cCI6IkpXVCJ9.eyJleHAiOjE3ODczNzc5NTUsInN1YiI6IjlkNjM5MmM0LTgwMTItNGI5Ni04M2Y4LTY5MWE1YjRmNDExZCIsInR5cGUiOiJhY2Nlc3MifQ.qR5n3bGZThDj5OaS0F_Pk5wNYtvEhoQB8YqARImjuZ4" [accepted]
INFO:     127.0.0.1:56127 - "OPTIONS /api/v1/streams/status HTTP/1.1" 200 OK
INFO:     connection open
INFO:     127.0.0.1:56127 - "GET /api/v1/streams/status HTTP/1.1" 200 OK
INFO:     127.0.0.1:55319 - "GET /api/v1/cameras/ HTTP/1.1" 200 OK
[32m2026-08-22 10:24:36.445[0m | [34m[1mDEBUG   [0m | [36mai_engine.vision.stream_manager[0m:[36m_camera_loop[0m:[36m177[0m - [34m[1m[YOLO] camera=1a32cb23-0820-4385-9ab5-de8e472e2c04 frame=1299 detections=2 tracks=3[0m
[32m2026-08-22 10:24:36.766[0m | [34m[1mDEBUG   [0m | [36mai_engine.vision.stream_manager[0m:[36m_camera_loop[0m:[36m177[0m - [34m[1m[YOLO] camera=1a32cb23-0820-4385-9ab5-de8e472e2c04 frame=1302 detections=2 tracks=3[0m
[32m2026-08-22 10:24:37.103[0m | [34m[1mDEBUG   [0m | [36mai_engine.vision.stream_manager[0m:[36m_camera_loop[0m:[36m177[0m - [34m[1m[YOLO] camera=1a32cb23-0820-4385-9ab5-de8e472e2c04 frame=1305 detections=2 tracks=3[0m
[32m2026-08-22 10:24:37.447[0m | [34m[1mDEBUG   [0m | [36mai_engine.vision.stream_manager[0m:[36m_camera_loop[0m:[36m177[0m - [34m[1m[YOLO] camera=1a32cb23-0820-4385-9ab5-de8e472e2c04 frame=1308 detections=1 tracks=3[0m
[32m2026-08-22 10:24:37.780[0m | [34m[1mDEBUG   [0m | [36mai_engine.vision.stream_manager[0m:[36m_camera_loop[0m:[36m177[0m - [34m[1m[YOLO] camera=1a32cb23-0820-4385-9ab5-de8e472e2c04 frame=1311 detections=2 tracks=3[0m
[32m2026-08-22 10:24:38.101[0m | [34m[1mDEBUG   [0m | [36mai_engine.vision.stream_manager[0m:[36m_camera_loop[0m:[36m177[0m - [34m[1m[YOLO] camera=1a32cb23-0820-4385-9ab5-de8e472e2c04 frame=1314 detections=3 tracks=3[0m
[32m2026-08-22 10:24:38.432[0m | [34m[1mDEBUG   [0m | [36mai_engine.vision.stream_manager[0m:[36m_camera_loop[0m:[36m177[0m - [34m[1m[YOLO] camera=1a32cb23-0820-4385-9ab5-de8e472e2c04 frame=1317 detections=2 tracks=3[0m
[32m2026-08-22 10:24:38.753[0m | [34m[1mDEBUG   [0m | [36mai_engine.vision.stream_manager[0m:[36m_camera_loop[0m:[36m177[0m - [34m[1m[YOLO] camera=1a32cb23-0820-4385-9ab5-de8e472e2c04 frame=1320 detections=2 tracks=3[0m
[32m2026-08-22 10:24:38.872[0m | [34m[1mDEBUG   [0m | [36magents.behavior_agent.agent[0m:[36m_on_tracks[0m:[36m34[0m - [34m[1m[BEHAVIOR] camera=1a32cb23-0820-4385-9ab5-de8e472e2c04 received 3 tracks for analysis[0m
[32m2026-08-22 10:24:38.873[0m | [34m[1mDEBUG   [0m | [36magents.behavior_agent.agent[0m:[36m_on_tracks[0m:[36m42[0m - [34m[1m[BEHAVIOR] camera=1a32cb23-0820-4385-9ab5-de8e472e2c04 0 behavior(s) flagged by analyzers[0m
[32m2026-08-22 10:24:38.873[0m | [34m[1mDEBUG   [0m | [36magents.behavior_agent.agent[0m:[36m_run_abd[0m:[36m107[0m - [34m[1m[ABD] camera=1a32cb23-0820-4385-9ab5-de8e472e2c04 feature_vec=[3, 0.0, 0.0, 0.0, 0.0] score=0.000[0m
[32m2026-08-22 10:24:38.873[0m | [34m[1mDEBUG   [0m | [36magents.behavior_agent.agent[0m:[36m_on_tracks[0m:[36m46[0m - [34m[1m[ABD] camera=1a32cb23-0820-4385-9ab5-de8e472e2c04 anomaly_score=0.000[0m
[32m2026-08-22 10:24:38.879[0m | [34m[1mDEBUG   [0m | [36magents.prediction_agent.agent[0m:[36m_on_behavior_state[0m:[36m24[0m - [34m[1m[THREAT_SCORE] camera=1a32cb23-0820-4385-9ab5-de8e472e2c04 {}[0m
[32m2026-08-22 10:24:39.138[0m | [34m[1mDEBUG   [0m | [36mai_engine.vision.stream_manager[0m:[36m_camera_loop[0m:[36m177[0m - [34m[1m[YOLO] camera=1a32cb23-0820-4385-9ab5-de8e472e2c04 frame=1323 detections=1 tracks=3[0m
INFO:     ('127.0.0.1', 64522) - "WebSocket /api/v1/ws/events?token=eyJhbGciOiJIUzI1NiIsInR5cCI6IkpXVCJ9.eyJleHAiOjE3ODczNzc5NTUsInN1YiI6IjlkNjM5MmM0LTgwMTItNGI5Ni04M2Y4LTY5MWE1YjRmNDExZCIsInR5cGUiOiJhY2Nlc3MifQ.qR5n3bGZThDj5OaS0F_Pk5wNYtvEhoQB8YqARImjuZ4" [accepted]
INFO:     connection open
[32m2026-08-22 10:24:39.472[0m | [34m[1mDEBUG   [0m | [36mai_engine.vision.stream_manager[0m:[36m_camera_loop[0m:[36m177[0m - [34m[1m[YOLO] camera=1a32cb23-0820-4385-9ab5-de8e472e2c04 frame=1326 detections=1 tracks=3[0m
[32m2026-08-22 10:24:39.844[0m | [34m[1mDEBUG   [0m | [36mai_engine.vision.stream_manager[0m:[36m_camera_loop[0m:[36m177[0m - [34m[1m[YOLO] camera=1a32cb23-0820-4385-9ab5-de8e472e2c04 frame=1329 detections=1 tracks=3[0m
[32m2026-08-22 10:24:40.213[0m | [34m[1mDEBUG   [0m | [36mai_engine.vision.stream_manager[0m:[36m_camera_loop[0m:[36m177[0m - [34m[1m[YOLO] camera=1a32cb23-0820-4385-9ab5-de8e472e2c04 frame=1332 detections=2 tracks=3[0m
[32m2026-08-22 10:24:40.576[0m | [34m[1mDEBUG   [0m | [36mai_engine.vision.stream_manager[0m:[36m_camera_loop[0m:[36m177[0m - [34m[1m[YOLO] camera=1a32cb23-0820-4385-9ab5-de8e472e2c04 frame=1335 detections=2 tracks=3[0m
[32m2026-08-22 10:24:40.957[0m | [34m[1mDEBUG   [0m | [36mai_engine.vision.stream_manager[0m:[36m_camera_loop[0m:[36m177[0m - [34m[1m[YOLO] camera=1a32cb23-0820-4385-9ab5-de8e472e2c04 frame=1338 detections=1 tracks=3[0m
[32m2026-08-22 10:24:41.292[0m | [34m[1mDEBUG   [0m | [36mai_engine.vision.stream_manager[0m:[36m_camera_loop[0m:[36m177[0m - [34m[1m[YOLO] camera=1a32cb23-0820-4385-9ab5-de8e472e2c04 frame=1341 detections=2 tracks=3[0m
[32m2026-08-22 10:24:41.674[0m | [34m[1mDEBUG   [0m | [36mai_engine.vision.stream_manager[0m:[36m_camera_loop[0m:[36m177[0m - [34m[1m[YOLO] camera=1a32cb23-0820-4385-9ab5-de8e472e2c04 frame=1344 detections=2 tracks=3[0m
[32m2026-08-22 10:24:42.047[0m | [34m[1mDEBUG   [0m | [36mai_engine.vision.stream_manager[0m:[36m_camera_loop[0m:[36m177[0m - [34m[1m[YOLO] camera=1a32cb23-0820-4385-9ab5-de8e472e2c04 frame=1347 detections=1 tracks=3[0m
[32m2026-08-22 10:24:42.396[0m | [34m[1mDEBUG   [0m | [36mai_engine.vision.stream_manager[0m:[36m_camera_loop[0m:[36m177[0m - [34m[1m[YOLO] camera=1a32cb23-0820-4385-9ab5-de8e472e2c04 frame=1350 detections=2 tracks=3[0m
[32m2026-08-22 10:24:42.531[0m | [34m[1mDEBUG   [0m | [36magents.behavior_agent.agent[0m:[36m_on_tracks[0m:[36m34[0m - [34m[1m[BEHAVIOR] camera=1a32cb23-0820-4385-9ab5-de8e472e2c04 received 3 tracks for analysis[0m
[32m2026-08-22 10:24:42.531[0m | [34m[1mDEBUG   [0m | [36magents.behavior_agent.agent[0m:[36m_on_tracks[0m:[36m42[0m - [34m[1m[BEHAVIOR] camera=1a32cb23-0820-4385-9ab5-de8e472e2c04 0 behavior(s) flagged by analyzers[0m
[32m2026-08-22 10:24:42.531[0m | [34m[1mDEBUG   [0m | [36magents.behavior_agent.agent[0m:[36m_run_abd[0m:[36m107[0m - [34m[1m[ABD] camera=1a32cb23-0820-4385-9ab5-de8e472e2c04 feature_vec=[3, 0.0, 0.0, 0.0, 0.0] score=0.000[0m
[32m2026-08-22 10:24:42.532[0m | [34m[1mDEBUG   [0m | [36magents.behavior_agent.agent[0m:[36m_on_tracks[0m:[36m46[0m - [34m[1m[ABD] camera=1a32cb23-0820-4385-9ab5-de8e472e2c04 anomaly_score=0.000[0m
[32m2026-08-22 10:24:42.542[0m | [34m[1mDEBUG   [0m | [36magents.prediction_agent.agent[0m:[36m_on_behavior_state[0m:[36m24[0m - [34m[1m[THREAT_SCORE] camera=1a32cb23-0820-4385-9ab5-de8e472e2c04 {}[0m
[32m2026-08-22 10:24:42.855[0m | [34m[1mDEBUG   [0m | [36mai_engine.vision.stream_manager[0m:[36m_camera_loop[0m:[36m177[0m - [34m[1m[YOLO] camera=1a32cb23-0820-4385-9ab5-de8e472e2c04 frame=1353 detections=2 tracks=3[0m
[32m2026-08-22 10:24:43.207[0m | [34m[1mDEBUG   [0m | [36mai_engine.vision.stream_manager[0m:[36m_camera_loop[0m:[36m177[0m - [34m[1m[YOLO] camera=1a32cb23-0820-4385-9ab5-de8e472e2c04 frame=1356 detections=1 tracks=3[0m
[32m2026-08-22 10:24:43.575[0m | [34m[1mDEBUG   [0m | [36mai_engine.vision.stream_manager[0m:[36m_camera_loop[0m:[36m177[0m - [34m[1m[YOLO] camera=1a32cb23-0820-4385-9ab5-de8e472e2c04 frame=1359 detections=2 tracks=3[0m
[32m2026-08-22 10:24:43.943[0m | [34m[1mDEBUG   [0m | [36mai_engine.vision.stream_manager[0m:[36m_camera_loop[0m:[36m177[0m - [34m[1m[YOLO] camera=1a32cb23-0820-4385-9ab5-de8e472e2c04 frame=1362 detections=2 tracks=3[0m
[32m2026-08-22 10:24:44.310[0m | [34m[1mDEBUG   [0m | [36mai_engine.vision.stream_manager[0m:[36m_camera_loop[0m:[36m177[0m - [34m[1m[YOLO] camera=1a32cb23-0820-4385-9ab5-de8e472e2c04 frame=1365 detections=2 tracks=3[0m
[32m2026-08-22 10:24:44.677[0m | [34m[1mDEBUG   [0m | [36mai_engine.vision.stream_manager[0m:[36m_camera_loop[0m:[36m177[0m - [34m[1m[YOLO] camera=1a32cb23-0820-4385-9ab5-de8e472e2c04 frame=1368 detections=2 tracks=3[0m
[32m2026-08-22 10:24:45.044[0m | [34m[1mDEBUG   [0m | [36mai_engine.vision.stream_manager[0m:[36m_camera_loop[0m:[36m177[0m - [34m[1m[YOLO] camera=1a32cb23-0820-4385-9ab5-de8e472e2c04 frame=1371 detections=1 tracks=3[0m
[32m2026-08-22 10:24:45.401[0m | [34m[1mDEBUG   [0m | [36mai_engine.vision.stream_manager[0m:[36m_camera_loop[0m:[36m177[0m - [34m[1m[YOLO] camera=1a32cb23-0820-4385-9ab5-de8e472e2c04 frame=1374 detections=2 tracks=3[0m
[32m2026-08-22 10:24:45.765[0m | [34m[1mDEBUG   [0m | [36mai_engine.vision.stream_manager[0m:[36m_camera_loop[0m:[36m177[0m - [34m[1m[YOLO] camera=1a32cb23-0820-4385-9ab5-de8e472e2c04 frame=1377 detections=1 tracks=3[0m
INFO:     127.0.0.1:55619 - "GET /api/v1/streams/status HTTP/1.1" 200 OK
INFO:     127.0.0.1:56789 - "GET /api/v1/cameras/ HTTP/1.1" 200 OK
[32m2026-08-22 10:24:46.111[0m | [34m[1mDEBUG   [0m | [36mai_engine.vision.stream_manager[0m:[36m_camera_loop[0m:[36m177[0m - [34m[1m[YOLO] camera=1a32cb23-0820-4385-9ab5-de8e472e2c04 frame=1380 detections=2 tracks=3[0m
[32m2026-08-22 10:24:46.251[0m | [34m[1mDEBUG   [0m | [36magents.behavior_agent.agent[0m:[36m_on_tracks[0m:[36m34[0m - [34m[1m[BEHAVIOR] camera=1a32cb23-0820-4385-9ab5-de8e472e2c04 received 3 tracks for analysis[0m
[32m2026-08-22 10:24:46.252[0m | [34m[1mDEBUG   [0m | [36magents.behavior_agent.agent[0m:[36m_on_tracks[0m:[36m42[0m - [34m[1m[BEHAVIOR] camera=1a32cb23-0820-4385-9ab5-de8e472e2c04 0 behavior(s) flagged by analyzers[0m
[32m2026-08-22 10:24:46.252[0m | [34m[1mDEBUG   [0m | [36magents.behavior_agent.agent[0m:[36m_run_abd[0m:[36m107[0m - [34m[1m[ABD] camera=1a32cb23-0820-4385-9ab5-de8e472e2c04 feature_vec=[3, 0.0, 0.0, 0.0, 0.0] score=0.000[0m
[32m2026-08-22 10:24:46.253[0m | [34m[1mDEBUG   [0m | [36magents.behavior_agent.agent[0m:[36m_on_tracks[0m:[36m46[0m - [34m[1m[ABD] camera=1a32cb23-0820-4385-9ab5-de8e472e2c04 anomaly_score=0.000[0m
[32m2026-08-22 10:24:46.261[0m | [34m[1mDEBUG   [0m | [36magents.prediction_agent.agent[0m:[36m_on_behavior_state[0m:[36m24[0m - [34m[1m[THREAT_SCORE] camera=1a32cb23-0820-4385-9ab5-de8e472e2c04 {}[0m
[32m2026-08-22 10:24:46.311[0m | [31m[1mERROR   [0m | [36mai_engine.vision.camera_manager[0m:[36mopen[0m:[36m82[0m - [31m[1m[6cf7815f-009b-48e6-bf71-a7548a5e75b0] Cannot open configured source (http://10.179.77.183:8080/video)[0m
[32m2026-08-22 10:24:46.311[0m | [33m[1mWARNING [0m | [36mai_engine.vision.stream_manager[0m:[36m_camera_loop[0m:[36m148[0m - [33m[1mCannot open stream 6cf7815f-009b-48e6-bf71-a7548a5e75b0 (source=http://10.179.77.183:8080/video)[0m
[32m2026-08-22 10:24:46.547[0m | [34m[1mDEBUG   [0m | [36mai_engine.vision.stream_manager[0m:[36m_camera_loop[0m:[36m177[0m - [34m[1m[YOLO] camera=1a32cb23-0820-4385-9ab5-de8e472e2c04 frame=1383 detections=2 tracks=3[0m
[32m2026-08-22 10:24:46.908[0m | [34m[1mDEBUG   [0m | [36mai_engine.vision.stream_manager[0m:[36m_camera_loop[0m:[36m177[0m - [34m[1m[YOLO] camera=1a32cb23-0820-4385-9ab5-de8e472e2c04 frame=1386 detections=2 tracks=3[0m
[32m2026-08-22 10:24:47.272[0m | [34m[1mDEBUG   [0m | [36mai_engine.vision.stream_manager[0m:[36m_camera_loop[0m:[36m177[0m - [34m[1m[YOLO] camera=1a32cb23-0820-4385-9ab5-de8e472e2c04 frame=1389 detections=2 tracks=3[0m
[32m2026-08-22 10:24:47.623[0m | [34m[1mDEBUG   [0m | [36mai_engine.vision.stream_manager[0m:[36m_camera_loop[0m:[36m177[0m - [34m[1m[YOLO] camera=1a32cb23-0820-4385-9ab5-de8e472e2c04 frame=1392 detections=2 tracks=3[0m
[32m2026-08-22 10:24:47.936[0m | [34m[1mDEBUG   [0m | [36mai_engine.vision.stream_manager[0m:[36m_camera_loop[0m:[36m177[0m - [34m[1m[YOLO] camera=1a32cb23-0820-4385-9ab5-de8e472e2c04 frame=1395 detections=2 tracks=3[0m
[32m2026-08-22 10:24:48.266[0m | [34m[1mDEBUG   [0m | [36mai_engine.vision.stream_manager[0m:[36m_camera_loop[0m:[36m177[0m - [34m[1m[YOLO] camera=1a32cb23-0820-4385-9ab5-de8e472e2c04 frame=1398 detections=2 tracks=3[0m
[32m2026-08-22 10:24:48.587[0m | [34m[1mDEBUG   [0m | [36mai_engine.vision.stream_manager[0m:[36m_camera_loop[0m:[36m177[0m - [34m[1m[YOLO] camera=1a32cb23-0820-4385-9ab5-de8e472e2c04 frame=1401 detections=2 tracks=3[0m
INFO:     connection closed
INFO:     127.0.0.1:56789 - "GET /api/v1/csi/latest HTTP/1.1" 200 OK
INFO:     127.0.0.1:55619 - "GET /api/v1/alerts/?status=active&limit=50 HTTP/1.1" 200 OK
INFO:     127.0.0.1:56789 - "GET /api/v1/cameras/ HTTP/1.1" 200 OK
INFO:     127.0.0.1:55619 - "GET /api/v1/predictions/?hours=1 HTTP/1.1" 200 OK
INFO:     127.0.0.1:55619 - "GET /api/v1/analytics/behavior/distribution?hours=24 HTTP/1.1" 200 OK
INFO:     127.0.0.1:56789 - "GET /api/v1/analytics/summary?hours=24 HTTP/1.1" 200 OK
[32m2026-08-22 10:24:48.941[0m | [34m[1mDEBUG   [0m | [36mai_engine.vision.stream_manager[0m:[36m_camera_loop[0m:[36m177[0m - [34m[1m[YOLO] camera=1a32cb23-0820-4385-9ab5-de8e472e2c04 frame=1404 detections=2 tracks=3[0m
INFO:     ('127.0.0.1', 50879) - "WebSocket /api/v1/ws/camera/1a32cb23-0820-4385-9ab5-de8e472e2c04/stream?token=eyJhbGciOiJIUzI1NiIsInR5cCI6IkpXVCJ9.eyJleHAiOjE3ODczNzc5NTUsInN1YiI6IjlkNjM5MmM0LTgwMTItNGI5Ni04M2Y4LTY5MWE1YjRmNDExZCIsInR5cGUiOiJhY2Nlc3MifQ.qR5n3bGZThDj5OaS0F_Pk5wNYtvEhoQB8YqARImjuZ4" [accepted]
INFO:     connection open
INFO:     ('127.0.0.1', 59207) - "WebSocket /api/v1/ws/events?token=eyJhbGciOiJIUzI1NiIsInR5cCI6IkpXVCJ9.eyJleHAiOjE3ODczNzc5NTUsInN1YiI6IjlkNjM5MmM0LTgwMTItNGI5Ni04M2Y4LTY5MWE1YjRmNDExZCIsInR5cGUiOiJhY2Nlc3MifQ.qR5n3bGZThDj5OaS0F_Pk5wNYtvEhoQB8YqARImjuZ4" [accepted]
INFO:     connection open
[32m2026-08-22 10:24:49.275[0m | [34m[1mDEBUG   [0m | [36mai_engine.vision.stream_manager[0m:[36m_camera_loop[0m:[36m177[0m - [34m[1m[YOLO] camera=1a32cb23-0820-4385-9ab5-de8e472e2c04 frame=1407 detections=2 tracks=3[0m
[32m2026-08-22 10:24:49.612[0m | [34m[1mDEBUG   [0m | [36mai_engine.vision.stream_manager[0m:[36m_camera_loop[0m:[36m177[0m - [34m[1m[YOLO] camera=1a32cb23-0820-4385-9ab5-de8e472e2c04 frame=1410 detections=2 tracks=3[0m
[32m2026-08-22 10:24:49.742[0m | [34m[1mDEBUG   [0m | [36magents.behavior_agent.agent[0m:[36m_on_tracks[0m:[36m34[0m - [34m[1m[BEHAVIOR] camera=1a32cb23-0820-4385-9ab5-de8e472e2c04 received 3 tracks for analysis[0m
[32m2026-08-22 10:24:49.742[0m | [34m[1mDEBUG   [0m | [36magents.behavior_agent.agent[0m:[36m_on_tracks[0m:[36m42[0m - [34m[1m[BEHAVIOR] camera=1a32cb23-0820-4385-9ab5-de8e472e2c04 0 behavior(s) flagged by analyzers[0m
[32m2026-08-22 10:24:49.742[0m | [34m[1mDEBUG   [0m | [36magents.behavior_agent.agent[0m:[36m_run_abd[0m:[36m107[0m - [34m[1m[ABD] camera=1a32cb23-0820-4385-9ab5-de8e472e2c04 feature_vec=[3, 0.0, 0.0, 0.0, 0.0] score=0.000[0m
[32m2026-08-22 10:24:49.744[0m | [34m[1mDEBUG   [0m | [36magents.behavior_agent.agent[0m:[36m_on_tracks[0m:[36m46[0m - [34m[1m[ABD] camera=1a32cb23-0820-4385-9ab5-de8e472e2c04 anomaly_score=0.000[0m
[32m2026-08-22 10:24:49.751[0m | [34m[1mDEBUG   [0m | [36magents.prediction_agent.agent[0m:[36m_on_behavior_state[0m:[36m24[0m - [34m[1m[THREAT_SCORE] camera=1a32cb23-0820-4385-9ab5-de8e472e2c04 {}[0m
[32m2026-08-22 10:24:50.026[0m | [34m[1mDEBUG   [0m | [36mai_engine.vision.stream_manager[0m:[36m_camera_loop[0m:[36m177[0m - [34m[1m[YOLO] camera=1a32cb23-0820-4385-9ab5-de8e472e2c04 frame=1413 detections=2 tracks=3[0m
[32m2026-08-22 10:24:50.335[0m | [34m[1mDEBUG   [0m | [36mai_engine.vision.stream_manager[0m:[36m_camera_loop[0m:[36m177[0m - [34m[1m[YOLO] camera=1a32cb23-0820-4385-9ab5-de8e472e2c04 frame=1416 detections=2 tracks=3[0m
[32m2026-08-22 10:24:50.681[0m | [34m[1mDEBUG   [0m | [36mai_engine.vision.stream_manager[0m:[36m_camera_loop[0m:[36m177[0m - [34m[1m[YOLO] camera=1a32cb23-0820-4385-9ab5-de8e472e2c04 frame=1419 detections=2 tracks=3[0m
[32m2026-08-22 10:24:51.007[0m | [34m[1mDEBUG   [0m | [36mai_engine.vision.stream_manager[0m:[36m_camera_loop[0m:[36m177[0m - [34m[1m[YOLO] camera=1a32cb23-0820-4385-9ab5-de8e472e2c04 frame=1422 detections=2 tracks=3[0m
[32m2026-08-22 10:24:51.361[0m | [34m[1mDEBUG   [0m | [36mai_engine.vision.stream_manager[0m:[36m_camera_loop[0m:[36m177[0m - [34m[1m[YOLO] camera=1a32cb23-0820-4385-9ab5-de8e472e2c04 frame=1425 detections=2 tracks=3[0m
[32m2026-08-22 10:24:51.667[0m | [34m[1mDEBUG   [0m | [36mai_engine.vision.stream_manager[0m:[36m_camera_loop[0m:[36m177[0m - [34m[1m[YOLO] camera=1a32cb23-0820-4385-9ab5-de8e472e2c04 frame=1428 detections=2 tracks=3[0m
[32m2026-08-22 10:24:52.018[0m | [34m[1mDEBUG   [0m | [36mai_engine.vision.stream_manager[0m:[36m_camera_loop[0m:[36m177[0m - [34m[1m[YOLO] camera=1a32cb23-0820-4385-9ab5-de8e472e2c04 frame=1431 detections=1 tracks=3[0m
INFO:     ('127.0.0.1', 63855) - "WebSocket /api/v1/ws/events?token=eyJhbGciOiJIUzI1NiIsInR5cCI6IkpXVCJ9.eyJleHAiOjE3ODczNzc5NTUsInN1YiI6IjlkNjM5MmM0LTgwMTItNGI5Ni04M2Y4LTY5MWE1YjRmNDExZCIsInR5cGUiOiJhY2Nlc3MifQ.qR5n3bGZThDj5OaS0F_Pk5wNYtvEhoQB8YqARImjuZ4" [accepted]
INFO:     connection open
[32m2026-08-22 10:24:52.338[0m | [34m[1mDEBUG   [0m | [36mai_engine.vision.stream_manager[0m:[36m_camera_loop[0m:[36m177[0m - [34m[1m[YOLO] camera=1a32cb23-0820-4385-9ab5-de8e472e2c04 frame=1434 detections=2 tracks=3[0m
[32m2026-08-22 10:24:52.660[0m | [34m[1mDEBUG   [0m | [36mai_engine.vision.stream_manager[0m:[36m_camera_loop[0m:[36m177[0m - [34m[1m[YOLO] camera=1a32cb23-0820-4385-9ab5-de8e472e2c04 frame=1437 detections=2 tracks=3[0m
[32m2026-08-22 10:24:52.972[0m | [34m[1mDEBUG   [0m | [36mai_engine.vision.stream_manager[0m:[36m_camera_loop[0m:[36m177[0m - [34m[1m[YOLO] camera=1a32cb23-0820-4385-9ab5-de8e472e2c04 frame=1440 detections=2 tracks=3[0m
[32m2026-08-22 10:24:53.092[0m | [34m[1mDEBUG   [0m | [36magents.behavior_agent.agent[0m:[36m_on_tracks[0m:[36m34[0m - [34m[1m[BEHAVIOR] camera=1a32cb23-0820-4385-9ab5-de8e472e2c04 received 3 tracks for analysis[0m
[32m2026-08-22 10:24:53.092[0m | [34m[1mDEBUG   [0m | [36magents.behavior_agent.agent[0m:[36m_on_tracks[0m:[36m42[0m - [34m[1m[BEHAVIOR] camera=1a32cb23-0820-4385-9ab5-de8e472e2c04 0 behavior(s) flagged by analyzers[0m
[32m2026-08-22 10:24:53.093[0m | [34m[1mDEBUG   [0m | [36magents.behavior_agent.agent[0m:[36m_run_abd[0m:[36m107[0m - [34m[1m[ABD] camera=1a32cb23-0820-4385-9ab5-de8e472e2c04 feature_vec=[3, 0.0, 0.0, 0.0, 0.0] score=0.000[0m
[32m2026-08-22 10:24:53.093[0m | [34m[1mDEBUG   [0m | [36magents.behavior_agent.agent[0m:[36m_on_tracks[0m:[36m46[0m - [34m[1m[ABD] camera=1a32cb23-0820-4385-9ab5-de8e472e2c04 anomaly_score=0.000[0m
[32m2026-08-22 10:24:53.100[0m | [34m[1mDEBUG   [0m | [36magents.prediction_agent.agent[0m:[36m_on_behavior_state[0m:[36m24[0m - [34m[1m[THREAT_SCORE] camera=1a32cb23-0820-4385-9ab5-de8e472e2c04 {}[0m
[32m2026-08-22 10:24:53.341[0m | [34m[1mDEBUG   [0m | [36mai_engine.vision.stream_manager[0m:[36m_camera_loop[0m:[36m177[0m - [34m[1m[YOLO] camera=1a32cb23-0820-4385-9ab5-de8e472e2c04 frame=1443 detections=2 tracks=3[0m
[32m2026-08-22 10:24:53.676[0m | [34m[1mDEBUG   [0m | [36mai_engine.vision.stream_manager[0m:[36m_camera_loop[0m:[36m177[0m - [34m[1m[YOLO] camera=1a32cb23-0820-4385-9ab5-de8e472e2c04 frame=1446 detections=2 tracks=3[0m
[32m2026-08-22 10:24:54.014[0m | [34m[1mDEBUG   [0m | [36mai_engine.vision.stream_manager[0m:[36m_camera_loop[0m:[36m177[0m - [34m[1m[YOLO] camera=1a32cb23-0820-4385-9ab5-de8e472e2c04 frame=1449 detections=2 tracks=3[0m
[32m2026-08-22 10:24:54.325[0m | [34m[1mDEBUG   [0m | [36mai_engine.vision.stream_manager[0m:[36m_camera_loop[0m:[36m177[0m - [34m[1m[YOLO] camera=1a32cb23-0820-4385-9ab5-de8e472e2c04 frame=1452 detections=2 tracks=3[0m
[32m2026-08-22 10:24:54.638[0m | [34m[1mDEBUG   [0m | [36mai_engine.vision.stream_manager[0m:[36m_camera_loop[0m:[36m177[0m - [34m[1m[YOLO] camera=1a32cb23-0820-4385-9ab5-de8e472e2c04 frame=1455 detections=2 tracks=3[0m
[32m2026-08-22 10:24:54.965[0m | [34m[1mDEBUG   [0m | [36mai_engine.vision.stream_manager[0m:[36m_camera_loop[0m:[36m177[0m - [34m[1m[YOLO] camera=1a32cb23-0820-4385-9ab5-de8e472e2c04 frame=1458 detections=2 tracks=3[0m
[32m2026-08-22 10:24:55.277[0m | [34m[1mDEBUG   [0m | [36mai_engine.vision.stream_manager[0m:[36m_camera_loop[0m:[36m177[0m - [34m[1m[YOLO] camera=1a32cb23-0820-4385-9ab5-de8e472e2c04 frame=1461 detections=2 tracks=3[0m
[32m2026-08-22 10:24:55.614[0m | [34m[1mDEBUG   [0m | [36mai_engine.vision.stream_manager[0m:[36m_camera_loop[0m:[36m177[0m - [34m[1m[YOLO] camera=1a32cb23-0820-4385-9ab5-de8e472e2c04 frame=1464 detections=3 tracks=3[0m
[32m2026-08-22 10:24:55.931[0m | [34m[1mDEBUG   [0m | [36mai_engine.vision.stream_manager[0m:[36m_camera_loop[0m:[36m177[0m - [34m[1m[YOLO] camera=1a32cb23-0820-4385-9ab5-de8e472e2c04 frame=1467 detections=2 tracks=3[0m
[32m2026-08-22 10:24:56.265[0m | [34m[1mDEBUG   [0m | [36mai_engine.vision.stream_manager[0m:[36m_camera_loop[0m:[36m177[0m - [34m[1m[YOLO] camera=1a32cb23-0820-4385-9ab5-de8e472e2c04 frame=1470 detections=2 tracks=3[0m
[32m2026-08-22 10:24:56.383[0m | [34m[1mDEBUG   [0m | [36magents.behavior_agent.agent[0m:[36m_on_tracks[0m:[36m34[0m - [34m[1m[BEHAVIOR] camera=1a32cb23-0820-4385-9ab5-de8e472e2c04 received 3 tracks for analysis[0m
[32m2026-08-22 10:24:56.384[0m | [34m[1mDEBUG   [0m | [36magents.behavior_agent.agent[0m:[36m_on_tracks[0m:[36m42[0m - [34m[1m[BEHAVIOR] camera=1a32cb23-0820-4385-9ab5-de8e472e2c04 0 behavior(s) flagged by analyzers[0m
[32m2026-08-22 10:24:56.384[0m | [34m[1mDEBUG   [0m | [36magents.behavior_agent.agent[0m:[36m_run_abd[0m:[36m107[0m - [34m[1m[ABD] camera=1a32cb23-0820-4385-9ab5-de8e472e2c04 feature_vec=[3, 0.0, 0.0, 0.0, 0.0] score=0.000[0m
[32m2026-08-22 10:24:56.385[0m | [34m[1mDEBUG   [0m | [36magents.behavior_agent.agent[0m:[36m_on_tracks[0m:[36m46[0m - [34m[1m[ABD] camera=1a32cb23-0820-4385-9ab5-de8e472e2c04 anomaly_score=0.000[0m
[32m2026-08-22 10:24:56.392[0m | [34m[1mDEBUG   [0m | [36magents.prediction_agent.agent[0m:[36m_on_behavior_state[0m:[36m24[0m - [34m[1m[THREAT_SCORE] camera=1a32cb23-0820-4385-9ab5-de8e472e2c04 {}[0m
[32m2026-08-22 10:24:56.638[0m | [34m[1mDEBUG   [0m | [36mai_engine.vision.stream_manager[0m:[36m_camera_loop[0m:[36m177[0m - [34m[1m[YOLO] camera=1a32cb23-0820-4385-9ab5-de8e472e2c04 frame=1473 detections=2 tracks=3[0m
[32m2026-08-22 10:24:56.965[0m | [34m[1mDEBUG   [0m | [36mai_engine.vision.stream_manager[0m:[36m_camera_loop[0m:[36m177[0m - [34m[1m[YOLO] camera=1a32cb23-0820-4385-9ab5-de8e472e2c04 frame=1476 detections=2 tracks=3[0m
[32m2026-08-22 10:24:57.274[0m | [34m[1mDEBUG   [0m | [36mai_engine.vision.stream_manager[0m:[36m_camera_loop[0m:[36m177[0m - [34m[1m[YOLO] camera=1a32cb23-0820-4385-9ab5-de8e472e2c04 frame=1479 detections=2 tracks=3[0m
[32m2026-08-22 10:24:57.607[0m | [34m[1mDEBUG   [0m | [36mai_engine.vision.stream_manager[0m:[36m_camera_loop[0m:[36m177[0m - [34m[1m[YOLO] camera=1a32cb23-0820-4385-9ab5-de8e472e2c04 frame=1482 detections=2 tracks=3[0m
[32m2026-08-22 10:24:57.947[0m | [34m[1mDEBUG   [0m | [36mai_engine.vision.stream_manager[0m:[36m_camera_loop[0m:[36m177[0m - [34m[1m[YOLO] camera=1a32cb23-0820-4385-9ab5-de8e472e2c04 frame=1485 detections=2 tracks=3[0m
[32m2026-08-22 10:24:58.266[0m | [34m[1mDEBUG   [0m | [36mai_engine.vision.stream_manager[0m:[36m_camera_loop[0m:[36m177[0m - [34m[1m[YOLO] camera=1a32cb23-0820-4385-9ab5-de8e472e2c04 frame=1488 detections=2 tracks=3[0m
[32m2026-08-22 10:24:58.559[0m | [34m[1mDEBUG   [0m | [36mai_engine.vision.stream_manager[0m:[36m_camera_loop[0m:[36m177[0m - [34m[1m[YOLO] camera=1a32cb23-0820-4385-9ab5-de8e472e2c04 frame=1491 detections=2 tracks=3[0m
INFO:     127.0.0.1:54556 - "GET /api/v1/cameras/ HTTP/1.1" 200 OK
[32m2026-08-22 10:24:58.869[0m | [34m[1mDEBUG   [0m | [36mai_engine.vision.stream_manager[0m:[36m_camera_loop[0m:[36m177[0m - [34m[1m[YOLO] camera=1a32cb23-0820-4385-9ab5-de8e472e2c04 frame=1494 detections=3 tracks=3[0m
[32m2026-08-22 10:24:59.171[0m | [34m[1mDEBUG   [0m | [36mai_engine.vision.stream_manager[0m:[36m_camera_loop[0m:[36m177[0m - [34m[1m[YOLO] camera=1a32cb23-0820-4385-9ab5-de8e472e2c04 frame=1497 detections=2 tracks=3[0m
[32m2026-08-22 10:24:59.493[0m | [34m[1mDEBUG   [0m | [36mai_engine.vision.stream_manager[0m:[36m_camera_loop[0m:[36m177[0m - [34m[1m[YOLO] camera=1a32cb23-0820-4385-9ab5-de8e472e2c04 frame=1500 detections=1 tracks=3[0m
[32m2026-08-22 10:24:59.612[0m | [34m[1mDEBUG   [0m | [36magents.behavior_agent.agent[0m:[36m_on_tracks[0m:[36m34[0m - [34m[1m[BEHAVIOR] camera=1a32cb23-0820-4385-9ab5-de8e472e2c04 received 3 tracks for analysis[0m
[32m2026-08-22 10:24:59.612[0m | [34m[1mDEBUG   [0m | [36magents.behavior_agent.agent[0m:[36m_on_tracks[0m:[36m42[0m - [34m[1m[BEHAVIOR] camera=1a32cb23-0820-4385-9ab5-de8e472e2c04 0 behavior(s) flagged by analyzers[0m
[32m2026-08-22 10:24:59.612[0m | [34m[1mDEBUG   [0m | [36magents.behavior_agent.agent[0m:[36m_run_abd[0m:[36m107[0m - [34m[1m[ABD] camera=1a32cb23-0820-4385-9ab5-de8e472e2c04 feature_vec=[3, 0.0, 0.0, 0.0, 0.0] score=0.000[0m
[32m2026-08-22 10:24:59.613[0m | [34m[1mDEBUG   [0m | [36magents.behavior_agent.agent[0m:[36m_on_tracks[0m:[36m46[0m - [34m[1m[ABD] camera=1a32cb23-0820-4385-9ab5-de8e472e2c04 anomaly_score=0.000[0m
[32m2026-08-22 10:24:59.619[0m | [34m[1mDEBUG   [0m | [36magents.prediction_agent.agent[0m:[36m_on_behavior_state[0m:[36m24[0m - [34m[1m[THREAT_SCORE] camera=1a32cb23-0820-4385-9ab5-de8e472e2c04 {}[0m
[32m2026-08-22 10:24:59.864[0m | [34m[1mDEBUG   [0m | [36mai_engine.vision.stream_manager[0m:[36m_camera_loop[0m:[36m177[0m - [34m[1m[YOLO] camera=1a32cb23-0820-4385-9ab5-de8e472e2c04 frame=1503 detections=2 tracks=3[0m
[32m2026-08-22 10:25:00.173[0m | [34m[1mDEBUG   [0m | [36mai_engine.vision.stream_manager[0m:[36m_camera_loop[0m:[36m177[0m - [34m[1m[YOLO] camera=1a32cb23-0820-4385-9ab5-de8e472e2c04 frame=1506 detections=3 tracks=3[0m
[32m2026-08-22 10:25:00.473[0m | [34m[1mDEBUG   [0m | [36mai_engine.vision.stream_manager[0m:[36m_camera_loop[0m:[36m177[0m - [34m[1m[YOLO] camera=1a32cb23-0820-4385-9ab5-de8e472e2c04 frame=1509 detections=2 tracks=3[0m
[32m2026-08-22 10:25:00.760[0m | [34m[1mDEBUG   [0m | [36mai_engine.vision.stream_manager[0m:[36m_camera_loop[0m:[36m177[0m - [34m[1m[YOLO] camera=1a32cb23-0820-4385-9ab5-de8e472e2c04 frame=1512 detections=2 tracks=3[0m
[32m2026-08-22 10:25:01.070[0m | [34m[1mDEBUG   [0m | [36mai_engine.vision.stream_manager[0m:[36m_camera_loop[0m:[36m177[0m - [34m[1m[YOLO] camera=1a32cb23-0820-4385-9ab5-de8e472e2c04 frame=1515 detections=2 tracks=3[0m
[32m2026-08-22 10:25:01.421[0m | [34m[1mDEBUG   [0m | [36mai_engine.vision.stream_manager[0m:[36m_camera_loop[0m:[36m177[0m - [34m[1m[YOLO] camera=1a32cb23-0820-4385-9ab5-de8e472e2c04 frame=1518 detections=3 tracks=4[0m
[32m2026-08-22 10:25:01.736[0m | [34m[1mDEBUG   [0m | [36mai_engine.vision.stream_manager[0m:[36m_camera_loop[0m:[36m177[0m - [34m[1m[YOLO] camera=1a32cb23-0820-4385-9ab5-de8e472e2c04 frame=1521 detections=3 tracks=4[0m
[32m2026-08-22 10:25:01.895[0m | [31m[1mERROR   [0m | [36mai_engine.vision.camera_manager[0m:[36mopen[0m:[36m82[0m - [31m[1m[6cf7815f-009b-48e6-bf71-a7548a5e75b0] Cannot open configured source (http://10.179.77.183:8080/video)[0m
[32m2026-08-22 10:25:01.896[0m | [33m[1mWARNING [0m | [36mai_engine.vision.stream_manager[0m:[36m_camera_loop[0m:[36m148[0m - [33m[1mCannot open stream 6cf7815f-009b-48e6-bf71-a7548a5e75b0 (source=http://10.179.77.183:8080/video)[0m
[32m2026-08-22 10:25:02.056[0m | [34m[1mDEBUG   [0m | [36mai_engine.vision.stream_manager[0m:[36m_camera_loop[0m:[36m177[0m - [34m[1m[YOLO] camera=1a32cb23-0820-4385-9ab5-de8e472e2c04 frame=1524 detections=3 tracks=4[0m
[32m2026-08-22 10:25:02.372[0m | [34m[1mDEBUG   [0m | [36mai_engine.vision.stream_manager[0m:[36m_camera_loop[0m:[36m177[0m - [34m[1m[YOLO] camera=1a32cb23-0820-4385-9ab5-de8e472e2c04 frame=1527 detections=2 tracks=4[0m
[32m2026-08-22 10:25:02.681[0m | [34m[1mDEBUG   [0m | [36mai_engine.vision.stream_manager[0m:[36m_camera_loop[0m:[36m177[0m - [34m[1m[YOLO] camera=1a32cb23-0820-4385-9ab5-de8e472e2c04 frame=1530 detections=4 tracks=4[0m
[32m2026-08-22 10:25:02.818[0m | [34m[1mDEBUG   [0m | [36magents.behavior_agent.agent[0m:[36m_on_tracks[0m:[36m34[0m - [34m[1m[BEHAVIOR] camera=1a32cb23-0820-4385-9ab5-de8e472e2c04 received 4 tracks for analysis[0m
[32m2026-08-22 10:25:02.819[0m | [34m[1mDEBUG   [0m | [36magents.behavior_agent.agent[0m:[36m_on_tracks[0m:[36m42[0m - [34m[1m[BEHAVIOR] camera=1a32cb23-0820-4385-9ab5-de8e472e2c04 0 behavior(s) flagged by analyzers[0m
[32m2026-08-22 10:25:02.819[0m | [34m[1mDEBUG   [0m | [36magents.behavior_agent.agent[0m:[36m_run_abd[0m:[36m107[0m - [34m[1m[ABD] camera=1a32cb23-0820-4385-9ab5-de8e472e2c04 feature_vec=[4, 0.0, 0.0, 0.0, 0.0] score=0.000[0m
[32m2026-08-22 10:25:02.821[0m | [34m[1mDEBUG   [0m | [36magents.behavior_agent.agent[0m:[36m_on_tracks[0m:[36m46[0m - [34m[1m[ABD] camera=1a32cb23-0820-4385-9ab5-de8e472e2c04 anomaly_score=0.000[0m
[32m2026-08-22 10:25:02.827[0m | [34m[1mDEBUG   [0m | [36magents.prediction_agent.agent[0m:[36m_on_behavior_state[0m:[36m24[0m - [34m[1m[THREAT_SCORE] camera=1a32cb23-0820-4385-9ab5-de8e472e2c04 {}[0m
[32m2026-08-22 10:25:03.143[0m | [34m[1mDEBUG   [0m | [36mai_engine.vision.stream_manager[0m:[36m_camera_loop[0m:[36m177[0m - [34m[1m[YOLO] camera=1a32cb23-0820-4385-9ab5-de8e472e2c04 frame=1533 detections=3 tracks=4[0m
[32m2026-08-22 10:25:03.470[0m | [34m[1mDEBUG   [0m | [36mai_engine.vision.stream_manager[0m:[36m_camera_loop[0m:[36m177[0m - [34m[1m[YOLO] camera=1a32cb23-0820-4385-9ab5-de8e472e2c04 frame=1536 detections=3 tracks=4[0m
[32m2026-08-22 10:25:03.763[0m | [34m[1mDEBUG   [0m | [36mai_engine.vision.stream_manager[0m:[36m_camera_loop[0m:[36m177[0m - [34m[1m[YOLO] camera=1a32cb23-0820-4385-9ab5-de8e472e2c04 frame=1539 detections=4 tracks=4[0m
[32m2026-08-22 10:25:04.079[0m | [34m[1mDEBUG   [0m | [36mai_engine.vision.stream_manager[0m:[36m_camera_loop[0m:[36m177[0m - [34m[1m[YOLO] camera=1a32cb23-0820-4385-9ab5-de8e472e2c04 frame=1542 detections=3 tracks=4[0m
[32m2026-08-22 10:25:04.404[0m | [34m[1mDEBUG   [0m | [36mai_engine.vision.stream_manager[0m:[36m_camera_loop[0m:[36m177[0m - [34m[1m[YOLO] camera=1a32cb23-0820-4385-9ab5-de8e472e2c04 frame=1545 detections=3 tracks=4[0m
[32m2026-08-22 10:25:04.743[0m | [34m[1mDEBUG   [0m | [36mai_engine.vision.stream_manager[0m:[36m_camera_loop[0m:[36m177[0m - [34m[1m[YOLO] camera=1a32cb23-0820-4385-9ab5-de8e472e2c04 frame=1548 detections=3 tracks=4[0m
[32m2026-08-22 10:25:05.075[0m | [34m[1mDEBUG   [0m | [36mai_engine.vision.stream_manager[0m:[36m_camera_loop[0m:[36m177[0m - [34m[1m[YOLO] camera=1a32cb23-0820-4385-9ab5-de8e472e2c04 frame=1551 detections=3 tracks=4[0m
[32m2026-08-22 10:25:05.407[0m | [34m[1mDEBUG   [0m | [36mai_engine.vision.stream_manager[0m:[36m_camera_loop[0m:[36m177[0m - [34m[1m[YOLO] camera=1a32cb23-0820-4385-9ab5-de8e472e2c04 frame=1554 detections=3 tracks=4[0m
[32m2026-08-22 10:25:05.739[0m | [34m[1mDEBUG   [0m | [36mai_engine.vision.stream_manager[0m:[36m_camera_loop[0m:[36m177[0m - [34m[1m[YOLO] camera=1a32cb23-0820-4385-9ab5-de8e472e2c04 frame=1557 detections=2 tracks=4[0m
[32m2026-08-22 10:25:06.039[0m | [34m[1mDEBUG   [0m | [36mai_engine.vision.stream_manager[0m:[36m_camera_loop[0m:[36m177[0m - [34m[1m[YOLO] camera=1a32cb23-0820-4385-9ab5-de8e472e2c04 frame=1560 detections=3 tracks=4[0m
[32m2026-08-22 10:25:06.164[0m | [34m[1mDEBUG   [0m | [36magents.behavior_agent.agent[0m:[36m_on_tracks[0m:[36m34[0m - [34m[1m[BEHAVIOR] camera=1a32cb23-0820-4385-9ab5-de8e472e2c04 received 4 tracks for analysis[0m
[32m2026-08-22 10:25:06.164[0m | [34m[1mDEBUG   [0m | [36magents.behavior_agent.agent[0m:[36m_on_tracks[0m:[36m42[0m - [34m[1m[BEHAVIOR] camera=1a32cb23-0820-4385-9ab5-de8e472e2c04 0 behavior(s) flagged by analyzers[0m
[32m2026-08-22 10:25:06.164[0m | [34m[1mDEBUG   [0m | [36magents.behavior_agent.agent[0m:[36m_run_abd[0m:[36m107[0m - [34m[1m[ABD] camera=1a32cb23-0820-4385-9ab5-de8e472e2c04 feature_vec=[4, 0.0, 0.0, 0.0, 0.0] score=0.000[0m
[32m2026-08-22 10:25:06.166[0m | [34m[1mDEBUG   [0m | [36magents.behavior_agent.agent[0m:[36m_on_tracks[0m:[36m46[0m - [34m[1m[ABD] camera=1a32cb23-0820-4385-9ab5-de8e472e2c04 anomaly_score=0.000[0m
[32m2026-08-22 10:25:06.173[0m | [34m[1mDEBUG   [0m | [36magents.prediction_agent.agent[0m:[36m_on_behavior_state[0m:[36m24[0m - [34m[1m[THREAT_SCORE] camera=1a32cb23-0820-4385-9ab5-de8e472e2c04 {}[0m
[32m2026-08-22 10:25:06.418[0m | [34m[1mDEBUG   [0m | [36mai_engine.vision.stream_manager[0m:[36m_camera_loop[0m:[36m177[0m - [34m[1m[YOLO] camera=1a32cb23-0820-4385-9ab5-de8e472e2c04 frame=1563 detections=3 tracks=4[0m
[32m2026-08-22 10:25:06.751[0m | [34m[1mDEBUG   [0m | [36mai_engine.vision.stream_manager[0m:[36m_camera_loop[0m:[36m177[0m - [34m[1m[YOLO] camera=1a32cb23-0820-4385-9ab5-de8e472e2c04 frame=1566 detections=3 tracks=4[0m
[32m2026-08-22 10:25:07.073[0m | [34m[1mDEBUG   [0m | [36mai_engine.vision.stream_manager[0m:[36m_camera_loop[0m:[36m177[0m - [34m[1m[YOLO] camera=1a32cb23-0820-4385-9ab5-de8e472e2c04 frame=1569 detections=3 tracks=4[0m
[32m2026-08-22 10:25:07.414[0m | [34m[1mDEBUG   [0m | [36mai_engine.vision.stream_manager[0m:[36m_camera_loop[0m:[36m177[0m - [34m[1m[YOLO] camera=1a32cb23-0820-4385-9ab5-de8e472e2c04 frame=1572 detections=2 tracks=4[0m
[32m2026-08-22 10:25:07.739[0m | [34m[1mDEBUG   [0m | [36mai_engine.vision.stream_manager[0m:[36m_camera_loop[0m:[36m177[0m - [34m[1m[YOLO] camera=1a32cb23-0820-4385-9ab5-de8e472e2c04 frame=1575 detections=3 tracks=4[0m
[32m2026-08-22 10:25:08.078[0m | [34m[1mDEBUG   [0m | [36mai_engine.vision.stream_manager[0m:[36m_camera_loop[0m:[36m177[0m - [34m[1m[YOLO] camera=1a32cb23-0820-4385-9ab5-de8e472e2c04 frame=1578 detections=3 tracks=4[0m
[32m2026-08-22 10:25:08.416[0m | [34m[1mDEBUG   [0m | [36mai_engine.vision.stream_manager[0m:[36m_camera_loop[0m:[36m177[0m - [34m[1m[YOLO] camera=1a32cb23-0820-4385-9ab5-de8e472e2c04 frame=1581 detections=2 tracks=4[0m
[32m2026-08-22 10:25:08.750[0m | [34m[1mDEBUG   [0m | [36mai_engine.vision.stream_manager[0m:[36m_camera_loop[0m:[36m177[0m - [34m[1m[YOLO] camera=1a32cb23-0820-4385-9ab5-de8e472e2c04 frame=1584 detections=3 tracks=4[0m
INFO:     127.0.0.1:61843 - "GET /api/v1/cameras/ HTTP/1.1" 200 OK
[32m2026-08-22 10:25:09.071[0m | [34m[1mDEBUG   [0m | [36mai_engine.vision.stream_manager[0m:[36m_camera_loop[0m:[36m177[0m - [34m[1m[YOLO] camera=1a32cb23-0820-4385-9ab5-de8e472e2c04 frame=1587 detections=2 tracks=4[0m
[32m2026-08-22 10:25:09.416[0m | [34m[1mDEBUG   [0m | [36mai_engine.vision.stream_manager[0m:[36m_camera_loop[0m:[36m177[0m - [34m[1m[YOLO] camera=1a32cb23-0820-4385-9ab5-de8e472e2c04 frame=1590 detections=2 tracks=4[0m
[32m2026-08-22 10:25:09.538[0m | [34m[1mDEBUG   [0m | [36magents.behavior_agent.agent[0m:[36m_on_tracks[0m:[36m34[0m - [34m[1m[BEHAVIOR] camera=1a32cb23-0820-4385-9ab5-de8e472e2c04 received 4 tracks for analysis[0m
[32m2026-08-22 10:25:09.539[0m | [34m[1mDEBUG   [0m | [36magents.behavior_agent.agent[0m:[36m_on_tracks[0m:[36m42[0m - [34m[1m[BEHAVIOR] camera=1a32cb23-0820-4385-9ab5-de8e472e2c04 0 behavior(s) flagged by analyzers[0m
[32m2026-08-22 10:25:09.539[0m | [34m[1mDEBUG   [0m | [36magents.behavior_agent.agent[0m:[36m_run_abd[0m:[36m107[0m - [34m[1m[ABD] camera=1a32cb23-0820-4385-9ab5-de8e472e2c04 feature_vec=[4, 0.0, 0.0, 0.0, 0.0] score=0.000[0m
[32m2026-08-22 10:25:09.539[0m | [34m[1mDEBUG   [0m | [36magents.behavior_agent.agent[0m:[36m_on_tracks[0m:[36m46[0m - [34m[1m[ABD] camera=1a32cb23-0820-4385-9ab5-de8e472e2c04 anomaly_score=0.000[0m
[32m2026-08-22 10:25:09.546[0m | [34m[1mDEBUG   [0m | [36magents.prediction_agent.agent[0m:[36m_on_behavior_state[0m:[36m24[0m - [34m[1m[THREAT_SCORE] camera=1a32cb23-0820-4385-9ab5-de8e472e2c04 {}[0m
[32m2026-08-22 10:25:09.814[0m | [34m[1mDEBUG   [0m | [36mai_engine.vision.stream_manager[0m:[36m_camera_loop[0m:[36m177[0m - [34m[1m[YOLO] camera=1a32cb23-0820-4385-9ab5-de8e472e2c04 frame=1593 detections=3 tracks=4[0m
[32m2026-08-22 10:25:10.139[0m | [34m[1mDEBUG   [0m | [36mai_engine.vision.stream_manager[0m:[36m_camera_loop[0m:[36m177[0m - [34m[1m[YOLO] camera=1a32cb23-0820-4385-9ab5-de8e472e2c04 frame=1596 detections=2 tracks=4[0m
[32m2026-08-22 10:25:10.475[0m | [34m[1mDEBUG   [0m | [36mai_engine.vision.stream_manager[0m:[36m_camera_loop[0m:[36m177[0m - [34m[1m[YOLO] camera=1a32cb23-0820-4385-9ab5-de8e472e2c04 frame=1599 detections=1 tracks=4[0m
[32m2026-08-22 10:25:10.775[0m | [34m[1mDEBUG   [0m | [36mai_engine.vision.stream_manager[0m:[36m_camera_loop[0m:[36m177[0m - [34m[1m[YOLO] camera=1a32cb23-0820-4385-9ab5-de8e472e2c04 frame=1602 detections=2 tracks=4[0m
[32m2026-08-22 10:25:11.132[0m | [34m[1mDEBUG   [0m | [36mai_engine.vision.stream_manager[0m:[36m_camera_loop[0m:[36m177[0m - [34m[1m[YOLO] camera=1a32cb23-0820-4385-9ab5-de8e472e2c04 frame=1605 detections=2 tracks=4[0m
[32m2026-08-22 10:25:11.450[0m | [34m[1mDEBUG   [0m | [36mai_engine.vision.stream_manager[0m:[36m_camera_loop[0m:[36m177[0m - [34m[1m[YOLO] camera=1a32cb23-0820-4385-9ab5-de8e472e2c04 frame=1608 detections=1 tracks=4[0m
[32m2026-08-22 10:25:11.773[0m | [34m[1mDEBUG   [0m | [36mai_engine.vision.stream_manager[0m:[36m_camera_loop[0m:[36m177[0m - [34m[1m[YOLO] camera=1a32cb23-0820-4385-9ab5-de8e472e2c04 frame=1611 detections=2 tracks=4[0m
[32m2026-08-22 10:25:12.107[0m | [34m[1mDEBUG   [0m | [36mai_engine.vision.stream_manager[0m:[36m_camera_loop[0m:[36m177[0m - [34m[1m[YOLO] camera=1a32cb23-0820-4385-9ab5-de8e472e2c04 frame=1614 detections=2 tracks=4[0m
[32m2026-08-22 10:25:12.401[0m | [34m[1mDEBUG   [0m | [36mai_engine.vision.stream_manager[0m:[36m_camera_loop[0m:[36m177[0m - [34m[1m[YOLO] camera=1a32cb23-0820-4385-9ab5-de8e472e2c04 frame=1617 detections=2 tracks=4[0m
[32m2026-08-22 10:25:12.748[0m | [34m[1mDEBUG   [0m | [36mai_engine.vision.stream_manager[0m:[36m_camera_loop[0m:[36m177[0m - [34m[1m[YOLO] camera=1a32cb23-0820-4385-9ab5-de8e472e2c04 frame=1620 detections=1 tracks=4[0m
[32m2026-08-22 10:25:12.879[0m | [34m[1mDEBUG   [0m | [36magents.behavior_agent.agent[0m:[36m_on_tracks[0m:[36m34[0m - [34m[1m[BEHAVIOR] camera=1a32cb23-0820-4385-9ab5-de8e472e2c04 received 4 tracks for analysis[0m
[32m2026-08-22 10:25:12.880[0m | [34m[1mDEBUG   [0m | [36magents.behavior_agent.agent[0m:[36m_on_tracks[0m:[36m42[0m - [34m[1m[BEHAVIOR] camera=1a32cb23-0820-4385-9ab5-de8e472e2c04 0 behavior(s) flagged by analyzers[0m
[32m2026-08-22 10:25:12.880[0m | [34m[1mDEBUG   [0m | [36magents.behavior_agent.agent[0m:[36m_run_abd[0m:[36m107[0m - [34m[1m[ABD] camera=1a32cb23-0820-4385-9ab5-de8e472e2c04 feature_vec=[4, 0.0, 0.0, 0.0, 0.0] score=0.000[0m
[32m2026-08-22 10:25:12.880[0m | [34m[1mDEBUG   [0m | [36magents.behavior_agent.agent[0m:[36m_on_tracks[0m:[36m46[0m - [34m[1m[ABD] camera=1a32cb23-0820-4385-9ab5-de8e472e2c04 anomaly_score=0.000[0m
[32m2026-08-22 10:25:12.888[0m | [34m[1mDEBUG   [0m | [36magents.prediction_agent.agent[0m:[36m_on_behavior_state[0m:[36m24[0m - [34m[1m[THREAT_SCORE] camera=1a32cb23-0820-4385-9ab5-de8e472e2c04 {}[0m
[32m2026-08-22 10:25:13.154[0m | [34m[1mDEBUG   [0m | [36mai_engine.vision.stream_manager[0m:[36m_camera_loop[0m:[36m177[0m - [34m[1m[YOLO] camera=1a32cb23-0820-4385-9ab5-de8e472e2c04 frame=1623 detections=1 tracks=4[0m
[32m2026-08-22 10:25:13.457[0m | [34m[1mDEBUG   [0m | [36mai_engine.vision.stream_manager[0m:[36m_camera_loop[0m:[36m177[0m - [34m[1m[YOLO] camera=1a32cb23-0820-4385-9ab5-de8e472e2c04 frame=1626 detections=1 tracks=4[0m
[32m2026-08-22 10:25:13.784[0m | [34m[1mDEBUG   [0m | [36mai_engine.vision.stream_manager[0m:[36m_camera_loop[0m:[36m177[0m - [34m[1m[YOLO] camera=1a32cb23-0820-4385-9ab5-de8e472e2c04 frame=1629 detections=1 tracks=4[0m
[32m2026-08-22 10:25:14.115[0m | [34m[1mDEBUG   [0m | [36mai_engine.vision.stream_manager[0m:[36m_camera_loop[0m:[36m177[0m - [34m[1m[YOLO] camera=1a32cb23-0820-4385-9ab5-de8e472e2c04 frame=1632 detections=1 tracks=4[0m
[32m2026-08-22 10:25:14.456[0m | [34m[1mDEBUG   [0m | [36mai_engine.vision.stream_manager[0m:[36m_camera_loop[0m:[36m177[0m - [34m[1m[YOLO] camera=1a32cb23-0820-4385-9ab5-de8e472e2c04 frame=1635 detections=1 tracks=4[0m
[32m2026-08-22 10:25:14.779[0m | [34m[1mDEBUG   [0m | [36mai_engine.vision.stream_manager[0m:[36m_camera_loop[0m:[36m177[0m - [34m[1m[YOLO] camera=1a32cb23-0820-4385-9ab5-de8e472e2c04 frame=1638 detections=1 tracks=4[0m
[32m2026-08-22 10:25:15.125[0m | [34m[1mDEBUG   [0m | [36mai_engine.vision.stream_manager[0m:[36m_camera_loop[0m:[36m177[0m - [34m[1m[YOLO] camera=1a32cb23-0820-4385-9ab5-de8e472e2c04 frame=1641 detections=2 tracks=4[0m
[32m2026-08-22 10:25:15.439[0m | [34m[1mDEBUG   [0m | [36mai_engine.vision.stream_manager[0m:[36m_camera_loop[0m:[36m177[0m - [34m[1m[YOLO] camera=1a32cb23-0820-4385-9ab5-de8e472e2c04 frame=1644 detections=1 tracks=4[0m
[32m2026-08-22 10:25:15.772[0m | [34m[1mDEBUG   [0m | [36mai_engine.vision.stream_manager[0m:[36m_camera_loop[0m:[36m177[0m - [34m[1m[YOLO] camera=1a32cb23-0820-4385-9ab5-de8e472e2c04 frame=1647 detections=2 tracks=4[0m
[32m2026-08-22 10:25:16.107[0m | [34m[1mDEBUG   [0m | [36mai_engine.vision.stream_manager[0m:[36m_camera_loop[0m:[36m177[0m - [34m[1m[YOLO] camera=1a32cb23-0820-4385-9ab5-de8e472e2c04 frame=1650 detections=2 tracks=4[0m
[32m2026-08-22 10:25:16.227[0m | [34m[1mDEBUG   [0m | [36magents.behavior_agent.agent[0m:[36m_on_tracks[0m:[36m34[0m - [34m[1m[BEHAVIOR] camera=1a32cb23-0820-4385-9ab5-de8e472e2c04 received 4 tracks for analysis[0m
[32m2026-08-22 10:25:16.227[0m | [34m[1mDEBUG   [0m | [36magents.behavior_agent.agent[0m:[36m_on_tracks[0m:[36m42[0m - [34m[1m[BEHAVIOR] camera=1a32cb23-0820-4385-9ab5-de8e472e2c04 0 behavior(s) flagged by analyzers[0m
[32m2026-08-22 10:25:16.227[0m | [34m[1mDEBUG   [0m | [36magents.behavior_agent.agent[0m:[36m_run_abd[0m:[36m107[0m - [34m[1m[ABD] camera=1a32cb23-0820-4385-9ab5-de8e472e2c04 feature_vec=[4, 0.0, 0.0, 0.0, 0.0] score=0.000[0m
[32m2026-08-22 10:25:16.228[0m | [34m[1mDEBUG   [0m | [36magents.behavior_agent.agent[0m:[36m_on_tracks[0m:[36m46[0m - [34m[1m[ABD] camera=1a32cb23-0820-4385-9ab5-de8e472e2c04 anomaly_score=0.000[0m
[32m2026-08-22 10:25:16.236[0m | [34m[1mDEBUG   [0m | [36magents.prediction_agent.agent[0m:[36m_on_behavior_state[0m:[36m24[0m - [34m[1m[THREAT_SCORE] camera=1a32cb23-0820-4385-9ab5-de8e472e2c04 {}[0m
[32m2026-08-22 10:25:16.480[0m | [34m[1mDEBUG   [0m | [36mai_engine.vision.stream_manager[0m:[36m_camera_loop[0m:[36m177[0m - [34m[1m[YOLO] camera=1a32cb23-0820-4385-9ab5-de8e472e2c04 frame=1653 detections=2 tracks=4[0m
[32m2026-08-22 10:25:16.804[0m | [34m[1mDEBUG   [0m | [36mai_engine.vision.stream_manager[0m:[36m_camera_loop[0m:[36m177[0m - [34m[1m[YOLO] camera=1a32cb23-0820-4385-9ab5-de8e472e2c04 frame=1656 detections=2 tracks=4[0m
[32m2026-08-22 10:25:17.138[0m | [34m[1mDEBUG   [0m | [36mai_engine.vision.stream_manager[0m:[36m_camera_loop[0m:[36m177[0m - [34m[1m[YOLO] camera=1a32cb23-0820-4385-9ab5-de8e472e2c04 frame=1659 detections=2 tracks=4[0m
[32m2026-08-22 10:25:17.466[0m | [34m[1mDEBUG   [0m | [36mai_engine.vision.stream_manager[0m:[36m_camera_loop[0m:[36m177[0m - [34m[1m[YOLO] camera=1a32cb23-0820-4385-9ab5-de8e472e2c04 frame=1662 detections=2 tracks=4[0m
[32m2026-08-22 10:25:17.512[0m | [31m[1mERROR   [0m | [36mai_engine.vision.camera_manager[0m:[36mopen[0m:[36m82[0m - [31m[1m[6cf7815f-009b-48e6-bf71-a7548a5e75b0] Cannot open configured source (http://10.179.77.183:8080/video)[0m
[32m2026-08-22 10:25:17.512[0m | [33m[1mWARNING [0m | [36mai_engine.vision.stream_manager[0m:[36m_camera_loop[0m:[36m148[0m - [33m[1mCannot open stream 6cf7815f-009b-48e6-bf71-a7548a5e75b0 (source=http://10.179.77.183:8080/video)[0m
[32m2026-08-22 10:25:17.765[0m | [34m[1mDEBUG   [0m | [36mai_engine.vision.stream_manager[0m:[36m_camera_loop[0m:[36m177[0m - [34m[1m[YOLO] camera=1a32cb23-0820-4385-9ab5-de8e472e2c04 frame=1665 detections=2 tracks=4[0m
[32m2026-08-22 10:25:18.070[0m | [34m[1mDEBUG   [0m | [36mai_engine.vision.stream_manager[0m:[36m_camera_loop[0m:[36m177[0m - [34m[1m[YOLO] camera=1a32cb23-0820-4385-9ab5-de8e472e2c04 frame=1668 detections=2 tracks=4[0m
[32m2026-08-22 10:25:18.388[0m | [34m[1mDEBUG   [0m | [36mai_engine.vision.stream_manager[0m:[36m_camera_loop[0m:[36m177[0m - [34m[1m[YOLO] camera=1a32cb23-0820-4385-9ab5-de8e472e2c04 frame=1671 detections=2 tracks=4[0m
[32m2026-08-22 10:25:18.720[0m | [34m[1mDEBUG   [0m | [36mai_engine.vision.stream_manager[0m:[36m_camera_loop[0m:[36m177[0m - [34m[1m[YOLO] camera=1a32cb23-0820-4385-9ab5-de8e472e2c04 frame=1674 detections=2 tracks=4[0m
INFO:     127.0.0.1:50144 - "GET /api/v1/cameras/ HTTP/1.1" 200 OK
INFO:     127.0.0.1:61426 - "GET /api/v1/csi/latest HTTP/1.1" 200 OK
INFO:     127.0.0.1:50144 - "GET /api/v1/predictions/?hours=1 HTTP/1.1" 200 OK
[32m2026-08-22 10:25:19.037[0m | [34m[1mDEBUG   [0m | [36mai_engine.vision.stream_manager[0m:[36m_camera_loop[0m:[36m177[0m - [34m[1m[YOLO] camera=1a32cb23-0820-4385-9ab5-de8e472e2c04 frame=1677 detections=2 tracks=3[0m
[32m2026-08-22 10:25:19.376[0m | [34m[1mDEBUG   [0m | [36mai_engine.vision.stream_manager[0m:[36m_camera_loop[0m:[36m177[0m - [34m[1m[YOLO] camera=1a32cb23-0820-4385-9ab5-de8e472e2c04 frame=1680 detections=2 tracks=3[0m
[32m2026-08-22 10:25:19.493[0m | [34m[1mDEBUG   [0m | [36magents.behavior_agent.agent[0m:[36m_on_tracks[0m:[36m34[0m - [34m[1m[BEHAVIOR] camera=1a32cb23-0820-4385-9ab5-de8e472e2c04 received 3 tracks for analysis[0m
[32m2026-08-22 10:25:19.493[0m | [34m[1mDEBUG   [0m | [36magents.behavior_agent.agent[0m:[36m_on_tracks[0m:[36m42[0m - [34m[1m[BEHAVIOR] camera=1a32cb23-0820-4385-9ab5-de8e472e2c04 0 behavior(s) flagged by analyzers[0m
[32m2026-08-22 10:25:19.494[0m | [34m[1mDEBUG   [0m | [36magents.behavior_agent.agent[0m:[36m_run_abd[0m:[36m107[0m - [34m[1m[ABD] camera=1a32cb23-0820-4385-9ab5-de8e472e2c04 feature_vec=[3, 0.0, 0.0, 0.0, 0.0] score=0.000[0m
[32m2026-08-22 10:25:19.494[0m | [34m[1mDEBUG   [0m | [36magents.behavior_agent.agent[0m:[36m_on_tracks[0m:[36m46[0m - [34m[1m[ABD] camera=1a32cb23-0820-4385-9ab5-de8e472e2c04 anomaly_score=0.000[0m
[32m2026-08-22 10:25:19.499[0m | [34m[1mDEBUG   [0m | [36magents.prediction_agent.agent[0m:[36m_on_behavior_state[0m:[36m24[0m - [34m[1m[THREAT_SCORE] camera=1a32cb23-0820-4385-9ab5-de8e472e2c04 {}[0m
[32m2026-08-22 10:25:19.753[0m | [34m[1mDEBUG   [0m | [36mai_engine.vision.stream_manager[0m:[36m_camera_loop[0m:[36m177[0m - [34m[1m[YOLO] camera=1a32cb23-0820-4385-9ab5-de8e472e2c04 frame=1683 detections=2 tracks=3[0m
[32m2026-08-22 10:25:20.079[0m | [34m[1mDEBUG   [0m | [36mai_engine.vision.stream_manager[0m:[36m_camera_loop[0m:[36m177[0m - [34m[1m[YOLO] camera=1a32cb23-0820-4385-9ab5-de8e472e2c04 frame=1686 detections=2 tracks=3[0m
[32m2026-08-22 10:25:20.411[0m | [34m[1mDEBUG   [0m | [36mai_engine.vision.stream_manager[0m:[36m_camera_loop[0m:[36m177[0m - [34m[1m[YOLO] camera=1a32cb23-0820-4385-9ab5-de8e472e2c04 frame=1689 detections=2 tracks=3[0m
[32m2026-08-22 10:25:20.741[0m | [34m[1mDEBUG   [0m | [36mai_engine.vision.stream_manager[0m:[36m_camera_loop[0m:[36m177[0m - [34m[1m[YOLO] camera=1a32cb23-0820-4385-9ab5-de8e472e2c04 frame=1692 detections=2 tracks=3[0m
[32m2026-08-22 10:25:21.081[0m | [34m[1mDEBUG   [0m | [36mai_engine.vision.stream_manager[0m:[36m_camera_loop[0m:[36m177[0m - [34m[1m[YOLO] camera=1a32cb23-0820-4385-9ab5-de8e472e2c04 frame=1695 detections=2 tracks=3[0m
[32m2026-08-22 10:25:21.406[0m | [34m[1mDEBUG   [0m | [36mai_engine.vision.stream_manager[0m:[36m_camera_loop[0m:[36m177[0m - [34m[1m[YOLO] camera=1a32cb23-0820-4385-9ab5-de8e472e2c04 frame=1698 detections=2 tracks=3[0m
[32m2026-08-22 10:25:21.742[0m | [34m[1mDEBUG   [0m | [36mai_engine.vision.stream_manager[0m:[36m_camera_loop[0m:[36m177[0m - [34m[1m[YOLO] camera=1a32cb23-0820-4385-9ab5-de8e472e2c04 frame=1701 detections=2 tracks=3[0m
[32m2026-08-22 10:25:22.084[0m | [34m[1mDEBUG   [0m | [36mai_engine.vision.stream_manager[0m:[36m_camera_loop[0m:[36m177[0m - [34m[1m[YOLO] camera=1a32cb23-0820-4385-9ab5-de8e472e2c04 frame=1704 detections=2 tracks=3[0m
[32m2026-08-22 10:25:22.412[0m | [34m[1mDEBUG   [0m | [36mai_engine.vision.stream_manager[0m:[36m_camera_loop[0m:[36m177[0m - [34m[1m[YOLO] camera=1a32cb23-0820-4385-9ab5-de8e472e2c04 frame=1707 detections=2 tracks=3[0m
[32m2026-08-22 10:25:22.756[0m | [34m[1mDEBUG   [0m | [36mai_engine.vision.stream_manager[0m:[36m_camera_loop[0m:[36m177[0m - [34m[1m[YOLO] camera=1a32cb23-0820-4385-9ab5-de8e472e2c04 frame=1710 detections=2 tracks=3[0m
[32m2026-08-22 10:25:22.882[0m | [34m[1mDEBUG   [0m | [36magents.behavior_agent.agent[0m:[36m_on_tracks[0m:[36m34[0m - [34m[1m[BEHAVIOR] camera=1a32cb23-0820-4385-9ab5-de8e472e2c04 received 3 tracks for analysis[0m
[32m2026-08-22 10:25:22.882[0m | [34m[1mDEBUG   [0m | [36magents.behavior_agent.agent[0m:[36m_on_tracks[0m:[36m42[0m - [34m[1m[BEHAVIOR] camera=1a32cb23-0820-4385-9ab5-de8e472e2c04 0 behavior(s) flagged by analyzers[0m
[32m2026-08-22 10:25:22.882[0m | [34m[1mDEBUG   [0m | [36magents.behavior_agent.agent[0m:[36m_run_abd[0m:[36m107[0m - [34m[1m[ABD] camera=1a32cb23-0820-4385-9ab5-de8e472e2c04 feature_vec=[3, 0.0, 0.0, 0.0, 0.0] score=0.000[0m
[32m2026-08-22 10:25:22.882[0m | [34m[1mDEBUG   [0m | [36magents.behavior_agent.agent[0m:[36m_on_tracks[0m:[36m46[0m - [34m[1m[ABD] camera=1a32cb23-0820-4385-9ab5-de8e472e2c04 anomaly_score=0.000[0m
[32m2026-08-22 10:25:22.890[0m | [34m[1mDEBUG   [0m | [36magents.prediction_agent.agent[0m:[36m_on_behavior_state[0m:[36m24[0m - [34m[1m[THREAT_SCORE] camera=1a32cb23-0820-4385-9ab5-de8e472e2c04 {}[0m
[32m2026-08-22 10:25:23.155[0m | [34m[1mDEBUG   [0m | [36mai_engine.vision.stream_manager[0m:[36m_camera_loop[0m:[36m177[0m - [34m[1m[YOLO] camera=1a32cb23-0820-4385-9ab5-de8e472e2c04 frame=1713 detections=2 tracks=3[0m
[32m2026-08-22 10:25:23.473[0m | [34m[1mDEBUG   [0m | [36mai_engine.vision.stream_manager[0m:[36m_camera_loop[0m:[36m177[0m - [34m[1m[YOLO] camera=1a32cb23-0820-4385-9ab5-de8e472e2c04 frame=1716 detections=2 tracks=3[0m
[32m2026-08-22 10:25:23.804[0m | [34m[1mDEBUG   [0m | [36mai_engine.vision.stream_manager[0m:[36m_camera_loop[0m:[36m177[0m - [34m[1m[YOLO] camera=1a32cb23-0820-4385-9ab5-de8e472e2c04 frame=1719 detections=2 tracks=3[0m
[32m2026-08-22 10:25:24.094[0m | [34m[1mDEBUG   [0m | [36mai_engine.vision.stream_manager[0m:[36m_camera_loop[0m:[36m177[0m - [34m[1m[YOLO] camera=1a32cb23-0820-4385-9ab5-de8e472e2c04 frame=1722 detections=2 tracks=3[0m
[32m2026-08-22 10:25:24.403[0m | [34m[1mDEBUG   [0m | [36mai_engine.vision.stream_manager[0m:[36m_camera_loop[0m:[36m177[0m - [34m[1m[YOLO] camera=1a32cb23-0820-4385-9ab5-de8e472e2c04 frame=1725 detections=2 tracks=3[0m
[32m2026-08-22 10:25:24.707[0m | [34m[1mDEBUG   [0m | [36mai_engine.vision.stream_manager[0m:[36m_camera_loop[0m:[36m177[0m - [34m[1m[YOLO] camera=1a32cb23-0820-4385-9ab5-de8e472e2c04 frame=1728 detections=2 tracks=3[0m
[32m2026-08-22 10:25:25.036[0m | [34m[1mDEBUG   [0m | [36mai_engine.vision.stream_manager[0m:[36m_camera_loop[0m:[36m177[0m - [34m[1m[YOLO] camera=1a32cb23-0820-4385-9ab5-de8e472e2c04 frame=1731 detections=2 tracks=3[0m
[32m2026-08-22 10:25:25.331[0m | [34m[1mDEBUG   [0m | [36mai_engine.vision.stream_manager[0m:[36m_camera_loop[0m:[36m177[0m - [34m[1m[YOLO] camera=1a32cb23-0820-4385-9ab5-de8e472e2c04 frame=1734 detections=2 tracks=3[0m
[32m2026-08-22 10:25:25.642[0m | [34m[1mDEBUG   [0m | [36mai_engine.vision.stream_manager[0m:[36m_camera_loop[0m:[36m177[0m - [34m[1m[YOLO] camera=1a32cb23-0820-4385-9ab5-de8e472e2c04 frame=1737 detections=2 tracks=3[0m
[32m2026-08-22 10:25:25.948[0m | [34m[1mDEBUG   [0m | [36mai_engine.vision.stream_manager[0m:[36m_camera_loop[0m:[36m177[0m - [34m[1m[YOLO] camera=1a32cb23-0820-4385-9ab5-de8e472e2c04 frame=1740 detections=2 tracks=3[0m
[32m2026-08-22 10:25:26.073[0m | [34m[1mDEBUG   [0m | [36magents.behavior_agent.agent[0m:[36m_on_tracks[0m:[36m34[0m - [34m[1m[BEHAVIOR] camera=1a32cb23-0820-4385-9ab5-de8e472e2c04 received 3 tracks for analysis[0m
[32m2026-08-22 10:25:26.073[0m | [34m[1mDEBUG   [0m | [36magents.behavior_agent.agent[0m:[36m_on_tracks[0m:[36m42[0m - [34m[1m[BEHAVIOR] camera=1a32cb23-0820-4385-9ab5-de8e472e2c04 0 behavior(s) flagged by analyzers[0m
[32m2026-08-22 10:25:26.073[0m | [34m[1mDEBUG   [0m | [36magents.behavior_agent.agent[0m:[36m_run_abd[0m:[36m107[0m - [34m[1m[ABD] camera=1a32cb23-0820-4385-9ab5-de8e472e2c04 feature_vec=[3, 0.0, 0.0, 0.0, 0.0] score=0.000[0m
[32m2026-08-22 10:25:26.074[0m | [34m[1mDEBUG   [0m | [36magents.behavior_agent.agent[0m:[36m_on_tracks[0m:[36m46[0m - [34m[1m[ABD] camera=1a32cb23-0820-4385-9ab5-de8e472e2c04 anomaly_score=0.000[0m
[32m2026-08-22 10:25:26.080[0m | [34m[1mDEBUG   [0m | [36magents.prediction_agent.agent[0m:[36m_on_behavior_state[0m:[36m24[0m - [34m[1m[THREAT_SCORE] camera=1a32cb23-0820-4385-9ab5-de8e472e2c04 {}[0m
[32m2026-08-22 10:25:26.356[0m | [34m[1mDEBUG   [0m | [36mai_engine.vision.stream_manager[0m:[36m_camera_loop[0m:[36m177[0m - [34m[1m[YOLO] camera=1a32cb23-0820-4385-9ab5-de8e472e2c04 frame=1743 detections=2 tracks=3[0m
[32m2026-08-22 10:25:26.684[0m | [34m[1mDEBUG   [0m | [36mai_engine.vision.stream_manager[0m:[36m_camera_loop[0m:[36m177[0m - [34m[1m[YOLO] camera=1a32cb23-0820-4385-9ab5-de8e472e2c04 frame=1746 detections=2 tracks=3[0m
[32m2026-08-22 10:25:26.997[0m | [34m[1mDEBUG   [0m | [36mai_engine.vision.stream_manager[0m:[36m_camera_loop[0m:[36m177[0m - [34m[1m[YOLO] camera=1a32cb23-0820-4385-9ab5-de8e472e2c04 frame=1749 detections=2 tracks=3[0m
[32m2026-08-22 10:25:27.303[0m | [34m[1mDEBUG   [0m | [36mai_engine.vision.stream_manager[0m:[36m_camera_loop[0m:[36m177[0m - [34m[1m[YOLO] camera=1a32cb23-0820-4385-9ab5-de8e472e2c04 frame=1752 detections=2 tracks=3[0m
[32m2026-08-22 10:25:27.572[0m | [34m[1mDEBUG   [0m | [36mai_engine.vision.stream_manager[0m:[36m_camera_loop[0m:[36m177[0m - [34m[1m[YOLO] camera=1a32cb23-0820-4385-9ab5-de8e472e2c04 frame=1755 detections=2 tracks=3[0m
[32m2026-08-22 10:25:27.930[0m | [34m[1mDEBUG   [0m | [36mai_engine.vision.stream_manager[0m:[36m_camera_loop[0m:[36m177[0m - [34m[1m[YOLO] camera=1a32cb23-0820-4385-9ab5-de8e472e2c04 frame=1758 detections=2 tracks=3[0m
[32m2026-08-22 10:25:28.846[0m | [34m[1mDEBUG   [0m | [36mai_engine.vision.stream_manager[0m:[36m_camera_loop[0m:[36m177[0m - [34m[1m[YOLO] camera=1a32cb23-0820-4385-9ab5-de8e472e2c04 frame=1761 detections=2 tracks=3[0m
INFO:     127.0.0.1:60482 - "GET /api/v1/cameras/ HTTP/1.1" 200 OK
[32m2026-08-22 10:25:29.263[0m | [34m[1mDEBUG   [0m | [36mai_engine.vision.stream_manager[0m:[36m_camera_loop[0m:[36m177[0m - [34m[1m[YOLO] camera=1a32cb23-0820-4385-9ab5-de8e472e2c04 frame=1764 detections=2 tracks=3[0m
[32m2026-08-22 10:25:29.648[0m | [34m[1mDEBUG   [0m | [36mai_engine.vision.stream_manager[0m:[36m_camera_loop[0m:[36m177[0m - [34m[1m[YOLO] camera=1a32cb23-0820-4385-9ab5-de8e472e2c04 frame=1767 detections=2 tracks=3[0m
[32m2026-08-22 10:25:29.967[0m | [34m[1mDEBUG   [0m | [36mai_engine.vision.stream_manager[0m:[36m_camera_loop[0m:[36m177[0m - [34m[1m[YOLO] camera=1a32cb23-0820-4385-9ab5-de8e472e2c04 frame=1770 detections=2 tracks=3[0m
[32m2026-08-22 10:25:30.124[0m | [34m[1mDEBUG   [0m | [36magents.behavior_agent.agent[0m:[36m_on_tracks[0m:[36m34[0m - [34m[1m[BEHAVIOR] camera=1a32cb23-0820-4385-9ab5-de8e472e2c04 received 3 tracks for analysis[0m
[32m2026-08-22 10:25:30.124[0m | [34m[1mDEBUG   [0m | [36magents.behavior_agent.agent[0m:[36m_on_tracks[0m:[36m42[0m - [34m[1m[BEHAVIOR] camera=1a32cb23-0820-4385-9ab5-de8e472e2c04 0 behavior(s) flagged by analyzers[0m
[32m2026-08-22 10:25:30.125[0m | [34m[1mDEBUG   [0m | [36magents.behavior_agent.agent[0m:[36m_run_abd[0m:[36m107[0m - [34m[1m[ABD] camera=1a32cb23-0820-4385-9ab5-de8e472e2c04 feature_vec=[3, 0.0, 0.0, 0.0, 0.0] score=0.000[0m
[32m2026-08-22 10:25:30.125[0m | [34m[1mDEBUG   [0m | [36magents.behavior_agent.agent[0m:[36m_on_tracks[0m:[36m46[0m - [34m[1m[ABD] camera=1a32cb23-0820-4385-9ab5-de8e472e2c04 anomaly_score=0.000[0m
[32m2026-08-22 10:25:30.132[0m | [34m[1mDEBUG   [0m | [36magents.prediction_agent.agent[0m:[36m_on_behavior_state[0m:[36m24[0m - [34m[1m[THREAT_SCORE] camera=1a32cb23-0820-4385-9ab5-de8e472e2c04 {}[0m
[32m2026-08-22 10:25:30.385[0m | [34m[1mDEBUG   [0m | [36mai_engine.vision.stream_manager[0m:[36m_camera_loop[0m:[36m177[0m - [34m[1m[YOLO] camera=1a32cb23-0820-4385-9ab5-de8e472e2c04 frame=1773 detections=3 tracks=3[0m
[32m2026-08-22 10:25:30.712[0m | [34m[1mDEBUG   [0m | [36mai_engine.vision.stream_manager[0m:[36m_camera_loop[0m:[36m177[0m - [34m[1m[YOLO] camera=1a32cb23-0820-4385-9ab5-de8e472e2c04 frame=1776 detections=2 tracks=3[0m
[32m2026-08-22 10:25:31.023[0m | [34m[1mDEBUG   [0m | [36mai_engine.vision.stream_manager[0m:[36m_camera_loop[0m:[36m177[0m - [34m[1m[YOLO] camera=1a32cb23-0820-4385-9ab5-de8e472e2c04 frame=1779 detections=2 tracks=3[0m
[32m2026-08-22 10:25:31.331[0m | [34m[1mDEBUG   [0m | [36mai_engine.vision.stream_manager[0m:[36m_camera_loop[0m:[36m177[0m - [34m[1m[YOLO] camera=1a32cb23-0820-4385-9ab5-de8e472e2c04 frame=1782 detections=2 tracks=3[0m
[32m2026-08-22 10:25:31.628[0m | [34m[1mDEBUG   [0m | [36mai_engine.vision.stream_manager[0m:[36m_camera_loop[0m:[36m177[0m - [34m[1m[YOLO] camera=1a32cb23-0820-4385-9ab5-de8e472e2c04 frame=1785 detections=2 tracks=3[0m
[32m2026-08-22 10:25:31.945[0m | [34m[1mDEBUG   [0m | [36mai_engine.vision.stream_manager[0m:[36m_camera_loop[0m:[36m177[0m - [34m[1m[YOLO] camera=1a32cb23-0820-4385-9ab5-de8e472e2c04 frame=1788 detections=2 tracks=3[0m
[32m2026-08-22 10:25:32.282[0m | [34m[1mDEBUG   [0m | [36mai_engine.vision.stream_manager[0m:[36m_camera_loop[0m:[36m177[0m - [34m[1m[YOLO] camera=1a32cb23-0820-4385-9ab5-de8e472e2c04 frame=1791 detections=2 tracks=3[0m
[32m2026-08-22 10:25:32.614[0m | [34m[1mDEBUG   [0m | [36mai_engine.vision.stream_manager[0m:[36m_camera_loop[0m:[36m177[0m - [34m[1m[YOLO] camera=1a32cb23-0820-4385-9ab5-de8e472e2c04 frame=1794 detections=2 tracks=3[0m
[32m2026-08-22 10:25:32.938[0m | [34m[1mDEBUG   [0m | [36mai_engine.vision.stream_manager[0m:[36m_camera_loop[0m:[36m177[0m - [34m[1m[YOLO] camera=1a32cb23-0820-4385-9ab5-de8e472e2c04 frame=1797 detections=2 tracks=3[0m
[32m2026-08-22 10:25:33.067[0m | [31m[1mERROR   [0m | [36mai_engine.vision.camera_manager[0m:[36mopen[0m:[36m82[0m - [31m[1m[6cf7815f-009b-48e6-bf71-a7548a5e75b0] Cannot open configured source (http://10.179.77.183:8080/video)[0m
[32m2026-08-22 10:25:33.067[0m | [33m[1mWARNING [0m | [36mai_engine.vision.stream_manager[0m:[36m_camera_loop[0m:[36m148[0m - [33m[1mCannot open stream 6cf7815f-009b-48e6-bf71-a7548a5e75b0 (source=http://10.179.77.183:8080/video)[0m
[32m2026-08-22 10:25:33.239[0m | [34m[1mDEBUG   [0m | [36mai_engine.vision.stream_manager[0m:[36m_camera_loop[0m:[36m177[0m - [34m[1m[YOLO] camera=1a32cb23-0820-4385-9ab5-de8e472e2c04 frame=1800 detections=2 tracks=3[0m
[32m2026-08-22 10:25:33.364[0m | [34m[1mDEBUG   [0m | [36magents.behavior_agent.agent[0m:[36m_on_tracks[0m:[36m34[0m - [34m[1m[BEHAVIOR] camera=1a32cb23-0820-4385-9ab5-de8e472e2c04 received 3 tracks for analysis[0m
[32m2026-08-22 10:25:33.364[0m | [34m[1mDEBUG   [0m | [36magents.behavior_agent.agent[0m:[36m_on_tracks[0m:[36m42[0m - [34m[1m[BEHAVIOR] camera=1a32cb23-0820-4385-9ab5-de8e472e2c04 0 behavior(s) flagged by analyzers[0m
[32m2026-08-22 10:25:33.364[0m | [34m[1mDEBUG   [0m | [36magents.behavior_agent.agent[0m:[36m_run_abd[0m:[36m107[0m - [34m[1m[ABD] camera=1a32cb23-0820-4385-9ab5-de8e472e2c04 feature_vec=[3, 0.0, 0.0, 0.0, 0.0] score=0.000[0m
[32m2026-08-22 10:25:33.365[0m | [34m[1mDEBUG   [0m | [36magents.behavior_agent.agent[0m:[36m_on_tracks[0m:[36m46[0m - [34m[1m[ABD] camera=1a32cb23-0820-4385-9ab5-de8e472e2c04 anomaly_score=0.000[0m
[32m2026-08-22 10:25:33.372[0m | [34m[1mDEBUG   [0m | [36magents.prediction_agent.agent[0m:[36m_on_behavior_state[0m:[36m24[0m - [34m[1m[THREAT_SCORE] camera=1a32cb23-0820-4385-9ab5-de8e472e2c04 {}[0m
[32m2026-08-22 10:25:33.604[0m | [34m[1mDEBUG   [0m | [36mai_engine.vision.stream_manager[0m:[36m_camera_loop[0m:[36m177[0m - [34m[1m[YOLO] camera=1a32cb23-0820-4385-9ab5-de8e472e2c04 frame=1803 detections=2 tracks=3[0m
[32m2026-08-22 10:25:33.921[0m | [34m[1mDEBUG   [0m | [36mai_engine.vision.stream_manager[0m:[36m_camera_loop[0m:[36m177[0m - [34m[1m[YOLO] camera=1a32cb23-0820-4385-9ab5-de8e472e2c04 frame=1806 detections=2 tracks=3[0m
[32m2026-08-22 10:25:34.257[0m | [34m[1mDEBUG   [0m | [36mai_engine.vision.stream_manager[0m:[36m_camera_loop[0m:[36m177[0m - [34m[1m[YOLO] camera=1a32cb23-0820-4385-9ab5-de8e472e2c04 frame=1809 detections=2 tracks=3[0m
[32m2026-08-22 10:25:34.571[0m | [34m[1mDEBUG   [0m | [36mai_engine.vision.stream_manager[0m:[36m_camera_loop[0m:[36m177[0m - [34m[1m[YOLO] camera=1a32cb23-0820-4385-9ab5-de8e472e2c04 frame=1812 detections=2 tracks=3[0m
[32m2026-08-22 10:25:34.872[0m | [34m[1mDEBUG   [0m | [36mai_engine.vision.stream_manager[0m:[36m_camera_loop[0m:[36m177[0m - [34m[1m[YOLO] camera=1a32cb23-0820-4385-9ab5-de8e472e2c04 frame=1815 detections=2 tracks=3[0m
[32m2026-08-22 10:25:35.178[0m | [34m[1mDEBUG   [0m | [36mai_engine.vision.stream_manager[0m:[36m_camera_loop[0m:[36m177[0m - [34m[1m[YOLO] camera=1a32cb23-0820-4385-9ab5-de8e472e2c04 frame=1818 detections=2 tracks=3[0m
[32m2026-08-22 10:25:35.575[0m | [34m[1mDEBUG   [0m | [36mai_engine.vision.stream_manager[0m:[36m_camera_loop[0m:[36m177[0m - [34m[1m[YOLO] camera=1a32cb23-0820-4385-9ab5-de8e472e2c04 frame=1821 detections=2 tracks=3[0m
[32m2026-08-22 10:25:35.918[0m | [34m[1mDEBUG   [0m | [36mai_engine.vision.stream_manager[0m:[36m_camera_loop[0m:[36m177[0m - [34m[1m[YOLO] camera=1a32cb23-0820-4385-9ab5-de8e472e2c04 frame=1824 detections=2 tracks=3[0m
[32m2026-08-22 10:25:36.256[0m | [34m[1mDEBUG   [0m | [36mai_engine.vision.stream_manager[0m:[36m_camera_loop[0m:[36m177[0m - [34m[1m[YOLO] camera=1a32cb23-0820-4385-9ab5-de8e472e2c04 frame=1827 detections=2 tracks=3[0m
[32m2026-08-22 10:25:36.575[0m | [34m[1mDEBUG   [0m | [36mai_engine.vision.stream_manager[0m:[36m_camera_loop[0m:[36m177[0m - [34m[1m[YOLO] camera=1a32cb23-0820-4385-9ab5-de8e472e2c04 frame=1830 detections=2 tracks=3[0m
[32m2026-08-22 10:25:36.723[0m | [34m[1mDEBUG   [0m | [36magents.behavior_agent.agent[0m:[36m_on_tracks[0m:[36m34[0m - [34m[1m[BEHAVIOR] camera=1a32cb23-0820-4385-9ab5-de8e472e2c04 received 3 tracks for analysis[0m
[32m2026-08-22 10:25:36.724[0m | [34m[1mDEBUG   [0m | [36magents.behavior_agent.agent[0m:[36m_on_tracks[0m:[36m42[0m - [34m[1m[BEHAVIOR] camera=1a32cb23-0820-4385-9ab5-de8e472e2c04 0 behavior(s) flagged by analyzers[0m
[32m2026-08-22 10:25:36.724[0m | [34m[1mDEBUG   [0m | [36magents.behavior_agent.agent[0m:[36m_run_abd[0m:[36m107[0m - [34m[1m[ABD] camera=1a32cb23-0820-4385-9ab5-de8e472e2c04 feature_vec=[3, 0.0, 0.0, 0.0, 0.0] score=0.000[0m
[32m2026-08-22 10:25:36.724[0m | [34m[1mDEBUG   [0m | [36magents.behavior_agent.agent[0m:[36m_on_tracks[0m:[36m46[0m - [34m[1m[ABD] camera=1a32cb23-0820-4385-9ab5-de8e472e2c04 anomaly_score=0.000[0m
[32m2026-08-22 10:25:36.730[0m | [34m[1mDEBUG   [0m | [36magents.prediction_agent.agent[0m:[36m_on_behavior_state[0m:[36m24[0m - [34m[1m[THREAT_SCORE] camera=1a32cb23-0820-4385-9ab5-de8e472e2c04 {}[0m
[32m2026-08-22 10:25:36.978[0m | [34m[1mDEBUG   [0m | [36mai_engine.vision.stream_manager[0m:[36m_camera_loop[0m:[36m177[0m - [34m[1m[YOLO] camera=1a32cb23-0820-4385-9ab5-de8e472e2c04 frame=1833 detections=2 tracks=3[0m
[32m2026-08-22 10:25:37.298[0m | [34m[1mDEBUG   [0m | [36mai_engine.vision.stream_manager[0m:[36m_camera_loop[0m:[36m177[0m - [34m[1m[YOLO] camera=1a32cb23-0820-4385-9ab5-de8e472e2c04 frame=1836 detections=2 tracks=3[0m
[32m2026-08-22 10:25:37.614[0m | [34m[1mDEBUG   [0m | [36mai_engine.vision.stream_manager[0m:[36m_camera_loop[0m:[36m177[0m - [34m[1m[YOLO] camera=1a32cb23-0820-4385-9ab5-de8e472e2c04 frame=1839 detections=2 tracks=3[0m
[32m2026-08-22 10:25:37.955[0m | [34m[1mDEBUG   [0m | [36mai_engine.vision.stream_manager[0m:[36m_camera_loop[0m:[36m177[0m - [34m[1m[YOLO] camera=1a32cb23-0820-4385-9ab5-de8e472e2c04 frame=1842 detections=2 tracks=3[0m
[32m2026-08-22 10:25:38.290[0m | [34m[1mDEBUG   [0m | [36mai_engine.vision.stream_manager[0m:[36m_camera_loop[0m:[36m177[0m - [34m[1m[YOLO] camera=1a32cb23-0820-4385-9ab5-de8e472e2c04 frame=1845 detections=2 tracks=3[0m
[32m2026-08-22 10:25:38.630[0m | [34m[1mDEBUG   [0m | [36mai_engine.vision.stream_manager[0m:[36m_camera_loop[0m:[36m177[0m - [34m[1m[YOLO] camera=1a32cb23-0820-4385-9ab5-de8e472e2c04 frame=1848 detections=2 tracks=3[0m
INFO:     127.0.0.1:61430 - "GET /api/v1/cameras/ HTTP/1.1" 200 OK
[32m2026-08-22 10:25:38.951[0m | [34m[1mDEBUG   [0m | [36mai_engine.vision.stream_manager[0m:[36m_camera_loop[0m:[36m177[0m - [34m[1m[YOLO] camera=1a32cb23-0820-4385-9ab5-de8e472e2c04 frame=1851 detections=2 tracks=3[0m
[32m2026-08-22 10:25:39.280[0m | [34m[1mDEBUG   [0m | [36mai_engine.vision.stream_manager[0m:[36m_camera_loop[0m:[36m177[0m - [34m[1m[YOLO] camera=1a32cb23-0820-4385-9ab5-de8e472e2c04 frame=1854 detections=2 tracks=3[0m
[32m2026-08-22 10:25:39.623[0m | [34m[1mDEBUG   [0m | [36mai_engine.vision.stream_manager[0m:[36m_camera_loop[0m:[36m177[0m - [34m[1m[YOLO] camera=1a32cb23-0820-4385-9ab5-de8e472e2c04 frame=1857 detections=2 tracks=3[0m
[32m2026-08-22 10:25:39.953[0m | [34m[1mDEBUG   [0m | [36mai_engine.vision.stream_manager[0m:[36m_camera_loop[0m:[36m177[0m - [34m[1m[YOLO] camera=1a32cb23-0820-4385-9ab5-de8e472e2c04 frame=1860 detections=2 tracks=3[0m
[32m2026-08-22 10:25:40.083[0m | [34m[1mDEBUG   [0m | [36magents.behavior_agent.agent[0m:[36m_on_tracks[0m:[36m34[0m - [34m[1m[BEHAVIOR] camera=1a32cb23-0820-4385-9ab5-de8e472e2c04 received 3 tracks for analysis[0m
[32m2026-08-22 10:25:40.084[0m | [34m[1mDEBUG   [0m | [36magents.behavior_agent.agent[0m:[36m_on_tracks[0m:[36m42[0m - [34m[1m[BEHAVIOR] camera=1a32cb23-0820-4385-9ab5-de8e472e2c04 0 behavior(s) flagged by analyzers[0m
[32m2026-08-22 10:25:40.084[0m | [34m[1mDEBUG   [0m | [36magents.behavior_agent.agent[0m:[36m_run_abd[0m:[36m107[0m - [34m[1m[ABD] camera=1a32cb23-0820-4385-9ab5-de8e472e2c04 feature_vec=[3, 0.0, 0.0, 0.0, 0.0] score=0.000[0m
[32m2026-08-22 10:25:40.085[0m | [34m[1mDEBUG   [0m | [36magents.behavior_agent.agent[0m:[36m_on_tracks[0m:[36m46[0m - [34m[1m[ABD] camera=1a32cb23-0820-4385-9ab5-de8e472e2c04 anomaly_score=0.000[0m
[32m2026-08-22 10:25:40.093[0m | [34m[1mDEBUG   [0m | [36magents.prediction_agent.agent[0m:[36m_on_behavior_state[0m:[36m24[0m - [34m[1m[THREAT_SCORE] camera=1a32cb23-0820-4385-9ab5-de8e472e2c04 {}[0m
[32m2026-08-22 10:25:40.349[0m | [34m[1mDEBUG   [0m | [36mai_engine.vision.stream_manager[0m:[36m_camera_loop[0m:[36m177[0m - [34m[1m[YOLO] camera=1a32cb23-0820-4385-9ab5-de8e472e2c04 frame=1863 detections=2 tracks=3[0m
[32m2026-08-22 10:25:40.689[0m | [34m[1mDEBUG   [0m | [36mai_engine.vision.stream_manager[0m:[36m_camera_loop[0m:[36m177[0m - [34m[1m[YOLO] camera=1a32cb23-0820-4385-9ab5-de8e472e2c04 frame=1866 detections=1 tracks=3[0m
[32m2026-08-22 10:25:41.023[0m | [34m[1mDEBUG   [0m | [36mai_engine.vision.stream_manager[0m:[36m_camera_loop[0m:[36m177[0m - [34m[1m[YOLO] camera=1a32cb23-0820-4385-9ab5-de8e472e2c04 frame=1869 detections=2 tracks=3[0m
[32m2026-08-22 10:25:41.316[0m | [34m[1mDEBUG   [0m | [36mai_engine.vision.stream_manager[0m:[36m_camera_loop[0m:[36m177[0m - [34m[1m[YOLO] camera=1a32cb23-0820-4385-9ab5-de8e472e2c04 frame=1872 detections=2 tracks=3[0m
[32m2026-08-22 10:25:41.645[0m | [34m[1mDEBUG   [0m | [36mai_engine.vision.stream_manager[0m:[36m_camera_loop[0m:[36m177[0m - [34m[1m[YOLO] camera=1a32cb23-0820-4385-9ab5-de8e472e2c04 frame=1875 detections=2 tracks=3[0m
[32m2026-08-22 10:25:41.948[0m | [34m[1mDEBUG   [0m | [36mai_engine.vision.stream_manager[0m:[36m_camera_loop[0m:[36m177[0m - [34m[1m[YOLO] camera=1a32cb23-0820-4385-9ab5-de8e472e2c04 frame=1878 detections=2 tracks=3[0m
[32m2026-08-22 10:25:42.277[0m | [34m[1mDEBUG   [0m | [36mai_engine.vision.stream_manager[0m:[36m_camera_loop[0m:[36m177[0m - [34m[1m[YOLO] camera=1a32cb23-0820-4385-9ab5-de8e472e2c04 frame=1881 detections=2 tracks=3[0m
[32m2026-08-22 10:25:42.628[0m | [34m[1mDEBUG   [0m | [36mai_engine.vision.stream_manager[0m:[36m_camera_loop[0m:[36m177[0m - [34m[1m[YOLO] camera=1a32cb23-0820-4385-9ab5-de8e472e2c04 frame=1884 detections=2 tracks=3[0m
[32m2026-08-22 10:25:43.023[0m | [34m[1mDEBUG   [0m | [36mai_engine.vision.stream_manager[0m:[36m_camera_loop[0m:[36m177[0m - [34m[1m[YOLO] camera=1a32cb23-0820-4385-9ab5-de8e472e2c04 frame=1887 detections=2 tracks=3[0m
[32m2026-08-22 10:25:43.342[0m | [34m[1mDEBUG   [0m | [36mai_engine.vision.stream_manager[0m:[36m_camera_loop[0m:[36m177[0m - [34m[1m[YOLO] camera=1a32cb23-0820-4385-9ab5-de8e472e2c04 frame=1890 detections=2 tracks=3[0m
[32m2026-08-22 10:25:43.482[0m | [34m[1mDEBUG   [0m | [36magents.behavior_agent.agent[0m:[36m_on_tracks[0m:[36m34[0m - [34m[1m[BEHAVIOR] camera=1a32cb23-0820-4385-9ab5-de8e472e2c04 received 3 tracks for analysis[0m
[32m2026-08-22 10:25:43.483[0m | [34m[1mDEBUG   [0m | [36magents.behavior_agent.agent[0m:[36m_on_tracks[0m:[36m42[0m - [34m[1m[BEHAVIOR] camera=1a32cb23-0820-4385-9ab5-de8e472e2c04 0 behavior(s) flagged by analyzers[0m
[32m2026-08-22 10:25:43.483[0m | [34m[1mDEBUG   [0m | [36magents.behavior_agent.agent[0m:[36m_run_abd[0m:[36m107[0m - [34m[1m[ABD] camera=1a32cb23-0820-4385-9ab5-de8e472e2c04 feature_vec=[3, 0.0, 0.0, 0.0, 0.0] score=0.000[0m
[32m2026-08-22 10:25:43.483[0m | [34m[1mDEBUG   [0m | [36magents.behavior_agent.agent[0m:[36m_on_tracks[0m:[36m46[0m - [34m[1m[ABD] camera=1a32cb23-0820-4385-9ab5-de8e472e2c04 anomaly_score=0.000[0m
[32m2026-08-22 10:25:43.488[0m | [34m[1mDEBUG   [0m | [36magents.prediction_agent.agent[0m:[36m_on_behavior_state[0m:[36m24[0m - [34m[1m[THREAT_SCORE] camera=1a32cb23-0820-4385-9ab5-de8e472e2c04 {}[0m
[32m2026-08-22 10:25:43.751[0m | [34m[1mDEBUG   [0m | [36mai_engine.vision.stream_manager[0m:[36m_camera_loop[0m:[36m177[0m - [34m[1m[YOLO] camera=1a32cb23-0820-4385-9ab5-de8e472e2c04 frame=1893 detections=2 tracks=3[0m
[32m2026-08-22 10:25:44.080[0m | [34m[1mDEBUG   [0m | [36mai_engine.vision.stream_manager[0m:[36m_camera_loop[0m:[36m177[0m - [34m[1m[YOLO] camera=1a32cb23-0820-4385-9ab5-de8e472e2c04 frame=1896 detections=3 tracks=3[0m
[32m2026-08-22 10:25:44.408[0m | [34m[1mDEBUG   [0m | [36mai_engine.vision.stream_manager[0m:[36m_camera_loop[0m:[36m177[0m - [34m[1m[YOLO] camera=1a32cb23-0820-4385-9ab5-de8e472e2c04 frame=1899 detections=2 tracks=3[0m
[32m2026-08-22 10:25:44.715[0m | [34m[1mDEBUG   [0m | [36mai_engine.vision.stream_manager[0m:[36m_camera_loop[0m:[36m177[0m - [34m[1m[YOLO] camera=1a32cb23-0820-4385-9ab5-de8e472e2c04 frame=1902 detections=2 tracks=3[0m
[32m2026-08-22 10:25:45.058[0m | [34m[1mDEBUG   [0m | [36mai_engine.vision.stream_manager[0m:[36m_camera_loop[0m:[36m177[0m - [34m[1m[YOLO] camera=1a32cb23-0820-4385-9ab5-de8e472e2c04 frame=1905 detections=2 tracks=3[0m
[32m2026-08-22 10:25:45.378[0m | [34m[1mDEBUG   [0m | [36mai_engine.vision.stream_manager[0m:[36m_camera_loop[0m:[36m177[0m - [34m[1m[YOLO] camera=1a32cb23-0820-4385-9ab5-de8e472e2c04 frame=1908 detections=2 tracks=3[0m
[32m2026-08-22 10:25:45.716[0m | [34m[1mDEBUG   [0m | [36mai_engine.vision.stream_manager[0m:[36m_camera_loop[0m:[36m177[0m - [34m[1m[YOLO] camera=1a32cb23-0820-4385-9ab5-de8e472e2c04 frame=1911 detections=2 tracks=3[0m
[32m2026-08-22 10:25:46.046[0m | [34m[1mDEBUG   [0m | [36mai_engine.vision.stream_manager[0m:[36m_camera_loop[0m:[36m177[0m - [34m[1m[YOLO] camera=1a32cb23-0820-4385-9ab5-de8e472e2c04 frame=1914 detections=2 tracks=3[0m
[32m2026-08-22 10:25:46.378[0m | [34m[1mDEBUG   [0m | [36mai_engine.vision.stream_manager[0m:[36m_camera_loop[0m:[36m177[0m - [34m[1m[YOLO] camera=1a32cb23-0820-4385-9ab5-de8e472e2c04 frame=1917 detections=3 tracks=3[0m
[32m2026-08-22 10:25:46.713[0m | [34m[1mDEBUG   [0m | [36mai_engine.vision.stream_manager[0m:[36m_camera_loop[0m:[36m177[0m - [34m[1m[YOLO] camera=1a32cb23-0820-4385-9ab5-de8e472e2c04 frame=1920 detections=2 tracks=4[0m
[32m2026-08-22 10:25:46.841[0m | [34m[1mDEBUG   [0m | [36magents.behavior_agent.agent[0m:[36m_on_tracks[0m:[36m34[0m - [34m[1m[BEHAVIOR] camera=1a32cb23-0820-4385-9ab5-de8e472e2c04 received 4 tracks for analysis[0m
[32m2026-08-22 10:25:46.842[0m | [34m[1mDEBUG   [0m | [36magents.behavior_agent.agent[0m:[36m_on_tracks[0m:[36m42[0m - [34m[1m[BEHAVIOR] camera=1a32cb23-0820-4385-9ab5-de8e472e2c04 0 behavior(s) flagged by analyzers[0m
[32m2026-08-22 10:25:46.842[0m | [34m[1mDEBUG   [0m | [36magents.behavior_agent.agent[0m:[36m_run_abd[0m:[36m107[0m - [34m[1m[ABD] camera=1a32cb23-0820-4385-9ab5-de8e472e2c04 feature_vec=[4, 0.0, 0.0, 0.0, 0.0] score=0.000[0m
[32m2026-08-22 10:25:46.844[0m | [34m[1mDEBUG   [0m | [36magents.behavior_agent.agent[0m:[36m_on_tracks[0m:[36m46[0m - [34m[1m[ABD] camera=1a32cb23-0820-4385-9ab5-de8e472e2c04 anomaly_score=0.000[0m
[32m2026-08-22 10:25:46.849[0m | [34m[1mDEBUG   [0m | [36magents.prediction_agent.agent[0m:[36m_on_behavior_state[0m:[36m24[0m - [34m[1m[THREAT_SCORE] camera=1a32cb23-0820-4385-9ab5-de8e472e2c04 {}[0m
[32m2026-08-22 10:25:47.123[0m | [34m[1mDEBUG   [0m | [36mai_engine.vision.stream_manager[0m:[36m_camera_loop[0m:[36m177[0m - [34m[1m[YOLO] camera=1a32cb23-0820-4385-9ab5-de8e472e2c04 frame=1923 detections=2 tracks=4[0m
[32m2026-08-22 10:25:47.453[0m | [34m[1mDEBUG   [0m | [36mai_engine.vision.stream_manager[0m:[36m_camera_loop[0m:[36m177[0m - [34m[1m[YOLO] camera=1a32cb23-0820-4385-9ab5-de8e472e2c04 frame=1926 detections=2 tracks=4[0m
[32m2026-08-22 10:25:47.769[0m | [34m[1mDEBUG   [0m | [36mai_engine.vision.stream_manager[0m:[36m_camera_loop[0m:[36m177[0m - [34m[1m[YOLO] camera=1a32cb23-0820-4385-9ab5-de8e472e2c04 frame=1929 detections=1 tracks=4[0m
[32m2026-08-22 10:25:48.115[0m | [34m[1mDEBUG   [0m | [36mai_engine.vision.stream_manager[0m:[36m_camera_loop[0m:[36m177[0m - [34m[1m[YOLO] camera=1a32cb23-0820-4385-9ab5-de8e472e2c04 frame=1932 detections=1 tracks=4[0m
[32m2026-08-22 10:25:48.444[0m | [34m[1mDEBUG   [0m | [36mai_engine.vision.stream_manager[0m:[36m_camera_loop[0m:[36m177[0m - [34m[1m[YOLO] camera=1a32cb23-0820-4385-9ab5-de8e472e2c04 frame=1935 detections=2 tracks=4[0m
[32m2026-08-22 10:25:48.532[0m | [31m[1mERROR   [0m | [36mai_engine.vision.camera_manager[0m:[36mopen[0m:[36m82[0m - [31m[1m[6cf7815f-009b-48e6-bf71-a7548a5e75b0] Cannot open configured source (http://10.179.77.183:8080/video)[0m
[32m2026-08-22 10:25:48.532[0m | [33m[1mWARNING [0m | [36mai_engine.vision.stream_manager[0m:[36m_camera_loop[0m:[36m148[0m - [33m[1mCannot open stream 6cf7815f-009b-48e6-bf71-a7548a5e75b0 (source=http://10.179.77.183:8080/video)[0m
[32m2026-08-22 10:25:48.782[0m | [34m[1mDEBUG   [0m | [36mai_engine.vision.stream_manager[0m:[36m_camera_loop[0m:[36m177[0m - [34m[1m[YOLO] camera=1a32cb23-0820-4385-9ab5-de8e472e2c04 frame=1938 detections=2 tracks=4[0m
INFO:     127.0.0.1:54920 - "GET /api/v1/csi/latest HTTP/1.1" 200 OK
INFO:     127.0.0.1:60660 - "GET /api/v1/cameras/ HTTP/1.1" 200 OK
INFO:     127.0.0.1:65145 - "GET /api/v1/predictions/?hours=1 HTTP/1.1" 200 OK
INFO:     127.0.0.1:58844 - "GET /api/v1/analytics/behavior/distribution?hours=24 HTTP/1.1" 200 OK
INFO:     127.0.0.1:56786 - "GET /api/v1/analytics/summary?hours=24 HTTP/1.1" 200 OK
[32m2026-08-22 10:25:49.132[0m | [34m[1mDEBUG   [0m | [36mai_engine.vision.stream_manager[0m:[36m_camera_loop[0m:[36m177[0m - [34m[1m[YOLO] camera=1a32cb23-0820-4385-9ab5-de8e472e2c04 frame=1941 detections=2 tracks=4[0m
[32m2026-08-22 10:25:49.452[0m | [34m[1mDEBUG   [0m | [36mai_engine.vision.stream_manager[0m:[36m_camera_loop[0m:[36m177[0m - [34m[1m[YOLO] camera=1a32cb23-0820-4385-9ab5-de8e472e2c04 frame=1944 detections=1 tracks=4[0m
[32m2026-08-22 10:25:49.790[0m | [34m[1mDEBUG   [0m | [36mai_engine.vision.stream_manager[0m:[36m_camera_loop[0m:[36m177[0m - [34m[1m[YOLO] camera=1a32cb23-0820-4385-9ab5-de8e472e2c04 frame=1947 detections=1 tracks=4[0m
[32m2026-08-22 10:25:50.108[0m | [34m[1mDEBUG   [0m | [36mai_engine.vision.stream_manager[0m:[36m_camera_loop[0m:[36m177[0m - [34m[1m[YOLO] camera=1a32cb23-0820-4385-9ab5-de8e472e2c04 frame=1950 detections=1 tracks=4[0m
[32m2026-08-22 10:25:50.241[0m | [34m[1mDEBUG   [0m | [36magents.behavior_agent.agent[0m:[36m_on_tracks[0m:[36m34[0m - [34m[1m[BEHAVIOR] camera=1a32cb23-0820-4385-9ab5-de8e472e2c04 received 4 tracks for analysis[0m
[32m2026-08-22 10:25:50.241[0m | [34m[1mDEBUG   [0m | [36magents.behavior_agent.agent[0m:[36m_on_tracks[0m:[36m42[0m - [34m[1m[BEHAVIOR] camera=1a32cb23-0820-4385-9ab5-de8e472e2c04 0 behavior(s) flagged by analyzers[0m
[32m2026-08-22 10:25:50.242[0m | [34m[1mDEBUG   [0m | [36magents.behavior_agent.agent[0m:[36m_run_abd[0m:[36m107[0m - [34m[1m[ABD] camera=1a32cb23-0820-4385-9ab5-de8e472e2c04 feature_vec=[4, 0.0, 0.0, 0.0, 0.0] score=0.000[0m
[32m2026-08-22 10:25:50.242[0m | [34m[1mDEBUG   [0m | [36magents.behavior_agent.agent[0m:[36m_on_tracks[0m:[36m46[0m - [34m[1m[ABD] camera=1a32cb23-0820-4385-9ab5-de8e472e2c04 anomaly_score=0.000[0m
[32m2026-08-22 10:25:50.248[0m | [34m[1mDEBUG   [0m | [36magents.prediction_agent.agent[0m:[36m_on_behavior_state[0m:[36m24[0m - [34m[1m[THREAT_SCORE] camera=1a32cb23-0820-4385-9ab5-de8e472e2c04 {}[0m
[32m2026-08-22 10:25:50.527[0m | [34m[1mDEBUG   [0m | [36mai_engine.vision.stream_manager[0m:[36m_camera_loop[0m:[36m177[0m - [34m[1m[YOLO] camera=1a32cb23-0820-4385-9ab5-de8e472e2c04 frame=1953 detections=1 tracks=4[0m
[32m2026-08-22 10:25:50.840[0m | [34m[1mDEBUG   [0m | [36mai_engine.vision.stream_manager[0m:[36m_camera_loop[0m:[36m177[0m - [34m[1m[YOLO] camera=1a32cb23-0820-4385-9ab5-de8e472e2c04 frame=1956 detections=1 tracks=4[0m
[32m2026-08-22 10:25:51.158[0m | [34m[1mDEBUG   [0m | [36mai_engine.vision.stream_manager[0m:[36m_camera_loop[0m:[36m177[0m - [34m[1m[YOLO] camera=1a32cb23-0820-4385-9ab5-de8e472e2c04 frame=1959 detections=2 tracks=4[0m
[32m2026-08-22 10:25:51.491[0m | [34m[1mDEBUG   [0m | [36mai_engine.vision.stream_manager[0m:[36m_camera_loop[0m:[36m177[0m - [34m[1m[YOLO] camera=1a32cb23-0820-4385-9ab5-de8e472e2c04 frame=1962 detections=1 tracks=4[0m
[32m2026-08-22 10:25:51.816[0m | [34m[1mDEBUG   [0m | [36mai_engine.vision.stream_manager[0m:[36m_camera_loop[0m:[36m177[0m - [34m[1m[YOLO] camera=1a32cb23-0820-4385-9ab5-de8e472e2c04 frame=1965 detections=1 tracks=4[0m
[32m2026-08-22 10:25:52.160[0m | [34m[1mDEBUG   [0m | [36mai_engine.vision.stream_manager[0m:[36m_camera_loop[0m:[36m177[0m - [34m[1m[YOLO] camera=1a32cb23-0820-4385-9ab5-de8e472e2c04 frame=1968 detections=1 tracks=4[0m
[32m2026-08-22 10:25:52.473[0m | [34m[1mDEBUG   [0m | [36mai_engine.vision.stream_manager[0m:[36m_camera_loop[0m:[36m177[0m - [34m[1m[YOLO] camera=1a32cb23-0820-4385-9ab5-de8e472e2c04 frame=1971 detections=1 tracks=4[0m
[32m2026-08-22 10:25:52.827[0m | [34m[1mDEBUG   [0m | [36mai_engine.vision.stream_manager[0m:[36m_camera_loop[0m:[36m177[0m - [34m[1m[YOLO] camera=1a32cb23-0820-4385-9ab5-de8e472e2c04 frame=1974 detections=1 tracks=4[0m
[32m2026-08-22 10:25:53.140[0m | [34m[1mDEBUG   [0m | [36mai_engine.vision.stream_manager[0m:[36m_camera_loop[0m:[36m177[0m - [34m[1m[YOLO] camera=1a32cb23-0820-4385-9ab5-de8e472e2c04 frame=1977 detections=1 tracks=4[0m
[32m2026-08-22 10:25:53.455[0m | [34m[1mDEBUG   [0m | [36mai_engine.vision.stream_manager[0m:[36m_camera_loop[0m:[36m177[0m - [34m[1m[YOLO] camera=1a32cb23-0820-4385-9ab5-de8e472e2c04 frame=1980 detections=1 tracks=4[0m
[32m2026-08-22 10:25:53.578[0m | [34m[1mDEBUG   [0m | [36magents.behavior_agent.agent[0m:[36m_on_tracks[0m:[36m34[0m - [34m[1m[BEHAVIOR] camera=1a32cb23-0820-4385-9ab5-de8e472e2c04 received 4 tracks for analysis[0m
[32m2026-08-22 10:25:53.579[0m | [34m[1mDEBUG   [0m | [36magents.behavior_agent.agent[0m:[36m_on_tracks[0m:[36m42[0m - [34m[1m[BEHAVIOR] camera=1a32cb23-0820-4385-9ab5-de8e472e2c04 0 behavior(s) flagged by analyzers[0m
[32m2026-08-22 10:25:53.579[0m | [34m[1mDEBUG   [0m | [36magents.behavior_agent.agent[0m:[36m_run_abd[0m:[36m107[0m - [34m[1m[ABD] camera=1a32cb23-0820-4385-9ab5-de8e472e2c04 feature_vec=[4, 0.0, 0.0, 0.0, 0.0] score=0.000[0m
[32m2026-08-22 10:25:53.579[0m | [34m[1mDEBUG   [0m | [36magents.behavior_agent.agent[0m:[36m_on_tracks[0m:[36m46[0m - [34m[1m[ABD] camera=1a32cb23-0820-4385-9ab5-de8e472e2c04 anomaly_score=0.000[0m
[32m2026-08-22 10:25:53.586[0m | [34m[1mDEBUG   [0m | [36magents.prediction_agent.agent[0m:[36m_on_behavior_state[0m:[36m24[0m - [34m[1m[THREAT_SCORE] camera=1a32cb23-0820-4385-9ab5-de8e472e2c04 {}[0m
[32m2026-08-22 10:25:53.862[0m | [34m[1mDEBUG   [0m | [36mai_engine.vision.stream_manager[0m:[36m_camera_loop[0m:[36m177[0m - [34m[1m[YOLO] camera=1a32cb23-0820-4385-9ab5-de8e472e2c04 frame=1983 detections=1 tracks=4[0m
[32m2026-08-22 10:25:54.192[0m | [34m[1mDEBUG   [0m | [36mai_engine.vision.stream_manager[0m:[36m_camera_loop[0m:[36m177[0m - [34m[1m[YOLO] camera=1a32cb23-0820-4385-9ab5-de8e472e2c04 frame=1986 detections=1 tracks=4[0m
[32m2026-08-22 10:25:54.517[0m | [34m[1mDEBUG   [0m | [36mai_engine.vision.stream_manager[0m:[36m_camera_loop[0m:[36m177[0m - [34m[1m[YOLO] camera=1a32cb23-0820-4385-9ab5-de8e472e2c04 frame=1989 detections=1 tracks=4[0m
[32m2026-08-22 10:25:54.848[0m | [34m[1mDEBUG   [0m | [36mai_engine.vision.stream_manager[0m:[36m_camera_loop[0m:[36m177[0m - [34m[1m[YOLO] camera=1a32cb23-0820-4385-9ab5-de8e472e2c04 frame=1992 detections=1 tracks=4[0m
[32m2026-08-22 10:25:55.191[0m | [34m[1mDEBUG   [0m | [36mai_engine.vision.stream_manager[0m:[36m_camera_loop[0m:[36m177[0m - [34m[1m[YOLO] camera=1a32cb23-0820-4385-9ab5-de8e472e2c04 frame=1995 detections=2 tracks=4[0m
[32m2026-08-22 10:25:55.521[0m | [34m[1mDEBUG   [0m | [36mai_engine.vision.stream_manager[0m:[36m_camera_loop[0m:[36m177[0m - [34m[1m[YOLO] camera=1a32cb23-0820-4385-9ab5-de8e472e2c04 frame=1998 detections=4 tracks=4[0m
[32m2026-08-22 10:25:55.858[0m | [34m[1mDEBUG   [0m | [36mai_engine.vision.stream_manager[0m:[36m_camera_loop[0m:[36m177[0m - [34m[1m[YOLO] camera=1a32cb23-0820-4385-9ab5-de8e472e2c04 frame=2001 detections=3 tracks=4[0m
[32m2026-08-22 10:25:56.186[0m | [34m[1mDEBUG   [0m | [36mai_engine.vision.stream_manager[0m:[36m_camera_loop[0m:[36m177[0m - [34m[1m[YOLO] camera=1a32cb23-0820-4385-9ab5-de8e472e2c04 frame=2004 detections=2 tracks=5[0m
[32m2026-08-22 10:25:56.520[0m | [34m[1mDEBUG   [0m | [36mai_engine.vision.stream_manager[0m:[36m_camera_loop[0m:[36m177[0m - [34m[1m[YOLO] camera=1a32cb23-0820-4385-9ab5-de8e472e2c04 frame=2007 detections=2 tracks=5[0m
[32m2026-08-22 10:25:56.852[0m | [34m[1mDEBUG   [0m | [36mai_engine.vision.stream_manager[0m:[36m_camera_loop[0m:[36m177[0m - [34m[1m[YOLO] camera=1a32cb23-0820-4385-9ab5-de8e472e2c04 frame=2010 detections=2 tracks=4[0m
[32m2026-08-22 10:25:56.975[0m | [34m[1mDEBUG   [0m | [36magents.behavior_agent.agent[0m:[36m_on_tracks[0m:[36m34[0m - [34m[1m[BEHAVIOR] camera=1a32cb23-0820-4385-9ab5-de8e472e2c04 received 4 tracks for analysis[0m
[32m2026-08-22 10:25:56.976[0m | [34m[1mDEBUG   [0m | [36magents.behavior_agent.agent[0m:[36m_on_tracks[0m:[36m42[0m - [34m[1m[BEHAVIOR] camera=1a32cb23-0820-4385-9ab5-de8e472e2c04 0 behavior(s) flagged by analyzers[0m
[32m2026-08-22 10:25:56.976[0m | [34m[1mDEBUG   [0m | [36magents.behavior_agent.agent[0m:[36m_run_abd[0m:[36m107[0m - [34m[1m[ABD] camera=1a32cb23-0820-4385-9ab5-de8e472e2c04 feature_vec=[4, 0.0, 0.0, 0.0, 0.0] score=0.000[0m
[32m2026-08-22 10:25:56.976[0m | [34m[1mDEBUG   [0m | [36magents.behavior_agent.agent[0m:[36m_on_tracks[0m:[36m46[0m - [34m[1m[ABD] camera=1a32cb23-0820-4385-9ab5-de8e472e2c04 anomaly_score=0.000[0m
[32m2026-08-22 10:25:56.983[0m | [34m[1mDEBUG   [0m | [36magents.prediction_agent.agent[0m:[36m_on_behavior_state[0m:[36m24[0m - [34m[1m[THREAT_SCORE] camera=1a32cb23-0820-4385-9ab5-de8e472e2c04 {}[0m
[32m2026-08-22 10:25:57.258[0m | [34m[1mDEBUG   [0m | [36mai_engine.vision.stream_manager[0m:[36m_camera_loop[0m:[36m177[0m - [34m[1m[YOLO] camera=1a32cb23-0820-4385-9ab5-de8e472e2c04 frame=2013 detections=3 tracks=4[0m
[32m2026-08-22 10:25:57.583[0m | [34m[1mDEBUG   [0m | [36mai_engine.vision.stream_manager[0m:[36m_camera_loop[0m:[36m177[0m - [34m[1m[YOLO] camera=1a32cb23-0820-4385-9ab5-de8e472e2c04 frame=2016 detections=3 tracks=4[0m
[32m2026-08-22 10:25:57.917[0m | [34m[1mDEBUG   [0m | [36mai_engine.vision.stream_manager[0m:[36m_camera_loop[0m:[36m177[0m - [34m[1m[YOLO] camera=1a32cb23-0820-4385-9ab5-de8e472e2c04 frame=2019 detections=4 tracks=4[0m
[32m2026-08-22 10:25:58.256[0m | [34m[1mDEBUG   [0m | [36mai_engine.vision.stream_manager[0m:[36m_camera_loop[0m:[36m177[0m - [34m[1m[YOLO] camera=1a32cb23-0820-4385-9ab5-de8e472e2c04 frame=2022 detections=4 tracks=4[0m
[32m2026-08-22 10:25:58.587[0m | [34m[1mDEBUG   [0m | [36mai_engine.vision.stream_manager[0m:[36m_camera_loop[0m:[36m177[0m - [34m[1m[YOLO] camera=1a32cb23-0820-4385-9ab5-de8e472e2c04 frame=2025 detections=4 tracks=4[0m
INFO:     127.0.0.1:51456 - "GET /api/v1/cameras/ HTTP/1.1" 200 OK
[32m2026-08-22 10:25:58.900[0m | [34m[1mDEBUG   [0m | [36mai_engine.vision.stream_manager[0m:[36m_camera_loop[0m:[36m177[0m - [34m[1m[YOLO] camera=1a32cb23-0820-4385-9ab5-de8e472e2c04 frame=2028 detections=4 tracks=4[0m
[32m2026-08-22 10:25:59.204[0m | [34m[1mDEBUG   [0m | [36mai_engine.vision.stream_manager[0m:[36m_camera_loop[0m:[36m177[0m - [34m[1m[YOLO] camera=1a32cb23-0820-4385-9ab5-de8e472e2c04 frame=2031 detections=3 tracks=5[0m
[32m2026-08-22 10:25:59.506[0m | [34m[1mDEBUG   [0m | [36mai_engine.vision.stream_manager[0m:[36m_camera_loop[0m:[36m177[0m - [34m[1m[YOLO] camera=1a32cb23-0820-4385-9ab5-de8e472e2c04 frame=2034 detections=2 tracks=5[0m
[32m2026-08-22 10:25:59.821[0m | [34m[1mDEBUG   [0m | [36mai_engine.vision.stream_manager[0m:[36m_camera_loop[0m:[36m177[0m - [34m[1m[YOLO] camera=1a32cb23-0820-4385-9ab5-de8e472e2c04 frame=2037 detections=1 tracks=5[0m
[32m2026-08-22 10:26:00.164[0m | [34m[1mDEBUG   [0m | [36mai_engine.vision.stream_manager[0m:[36m_camera_loop[0m:[36m177[0m - [34m[1m[YOLO] camera=1a32cb23-0820-4385-9ab5-de8e472e2c04 frame=2040 detections=1 tracks=5[0m
[32m2026-08-22 10:26:00.292[0m | [34m[1mDEBUG   [0m | [36magents.behavior_agent.agent[0m:[36m_on_tracks[0m:[36m34[0m - [34m[1m[BEHAVIOR] camera=1a32cb23-0820-4385-9ab5-de8e472e2c04 received 5 tracks for analysis[0m
[32m2026-08-22 10:26:00.293[0m | [34m[1mDEBUG   [0m | [36magents.behavior_agent.agent[0m:[36m_on_tracks[0m:[36m42[0m - [34m[1m[BEHAVIOR] camera=1a32cb23-0820-4385-9ab5-de8e472e2c04 0 behavior(s) flagged by analyzers[0m
[32m2026-08-22 10:26:00.293[0m | [34m[1mDEBUG   [0m | [36magents.behavior_agent.agent[0m:[36m_run_abd[0m:[36m107[0m - [34m[1m[ABD] camera=1a32cb23-0820-4385-9ab5-de8e472e2c04 feature_vec=[5, 0.0, 0.0, 0.0, 0.0] score=0.000[0m
[32m2026-08-22 10:26:00.294[0m | [34m[1mDEBUG   [0m | [36magents.behavior_agent.agent[0m:[36m_on_tracks[0m:[36m46[0m - [34m[1m[ABD] camera=1a32cb23-0820-4385-9ab5-de8e472e2c04 anomaly_score=0.000[0m
[32m2026-08-22 10:26:00.300[0m | [34m[1mDEBUG   [0m | [36magents.prediction_agent.agent[0m:[36m_on_behavior_state[0m:[36m24[0m - [34m[1m[THREAT_SCORE] camera=1a32cb23-0820-4385-9ab5-de8e472e2c04 {}[0m
[32m2026-08-22 10:26:00.559[0m | [34m[1mDEBUG   [0m | [36mai_engine.vision.stream_manager[0m:[36m_camera_loop[0m:[36m177[0m - [34m[1m[YOLO] camera=1a32cb23-0820-4385-9ab5-de8e472e2c04 frame=2043 detections=1 tracks=5[0m
[32m2026-08-22 10:26:00.881[0m | [34m[1mDEBUG   [0m | [36mai_engine.vision.stream_manager[0m:[36m_camera_loop[0m:[36m177[0m - [34m[1m[YOLO] camera=1a32cb23-0820-4385-9ab5-de8e472e2c04 frame=2046 detections=1 tracks=5[0m
[32m2026-08-22 10:26:01.213[0m | [34m[1mDEBUG   [0m | [36mai_engine.vision.stream_manager[0m:[36m_camera_loop[0m:[36m177[0m - [34m[1m[YOLO] camera=1a32cb23-0820-4385-9ab5-de8e472e2c04 frame=2049 detections=2 tracks=5[0m
[32m2026-08-22 10:26:01.556[0m | [34m[1mDEBUG   [0m | [36mai_engine.vision.stream_manager[0m:[36m_camera_loop[0m:[36m177[0m - [34m[1m[YOLO] camera=1a32cb23-0820-4385-9ab5-de8e472e2c04 frame=2052 detections=2 tracks=5[0m
[32m2026-08-22 10:26:01.889[0m | [34m[1mDEBUG   [0m | [36mai_engine.vision.stream_manager[0m:[36m_camera_loop[0m:[36m177[0m - [34m[1m[YOLO] camera=1a32cb23-0820-4385-9ab5-de8e472e2c04 frame=2055 detections=2 tracks=5[0m
[32m2026-08-22 10:26:02.220[0m | [34m[1mDEBUG   [0m | [36mai_engine.vision.stream_manager[0m:[36m_camera_loop[0m:[36m177[0m - [34m[1m[YOLO] camera=1a32cb23-0820-4385-9ab5-de8e472e2c04 frame=2058 detections=2 tracks=5[0m
[32m2026-08-22 10:26:02.565[0m | [34m[1mDEBUG   [0m | [36mai_engine.vision.stream_manager[0m:[36m_camera_loop[0m:[36m177[0m - [34m[1m[YOLO] camera=1a32cb23-0820-4385-9ab5-de8e472e2c04 frame=2061 detections=2 tracks=5[0m
INFO:     127.0.0.1:51456 - "OPTIONS /api/v1/alerts/586325a3-56fd-4005-b6a0-19b05f0a6e72 HTTP/1.1" 200 OK
INFO:     127.0.0.1:51456 - "PATCH /api/v1/alerts/586325a3-56fd-4005-b6a0-19b05f0a6e72 HTTP/1.1" 200 OK
[32m2026-08-22 10:26:02.892[0m | [34m[1mDEBUG   [0m | [36mai_engine.vision.stream_manager[0m:[36m_camera_loop[0m:[36m177[0m - [34m[1m[YOLO] camera=1a32cb23-0820-4385-9ab5-de8e472e2c04 frame=2064 detections=2 tracks=5[0m
[32m2026-08-22 10:26:03.209[0m | [34m[1mDEBUG   [0m | [36mai_engine.vision.stream_manager[0m:[36m_camera_loop[0m:[36m177[0m - [34m[1m[YOLO] camera=1a32cb23-0820-4385-9ab5-de8e472e2c04 frame=2067 detections=1 tracks=5[0m
[32m2026-08-22 10:26:03.519[0m | [34m[1mDEBUG   [0m | [36mai_engine.vision.stream_manager[0m:[36m_camera_loop[0m:[36m177[0m - [34m[1m[YOLO] camera=1a32cb23-0820-4385-9ab5-de8e472e2c04 frame=2070 detections=1 tracks=5[0m
[32m2026-08-22 10:26:03.641[0m | [34m[1mDEBUG   [0m | [36magents.behavior_agent.agent[0m:[36m_on_tracks[0m:[36m34[0m - [34m[1m[BEHAVIOR] camera=1a32cb23-0820-4385-9ab5-de8e472e2c04 received 5 tracks for analysis[0m
[32m2026-08-22 10:26:03.642[0m | [34m[1mDEBUG   [0m | [36magents.behavior_agent.agent[0m:[36m_on_tracks[0m:[36m42[0m - [34m[1m[BEHAVIOR] camera=1a32cb23-0820-4385-9ab5-de8e472e2c04 1 behavior(s) flagged by analyzers[0m
[32m2026-08-22 10:26:03.642[0m | [34m[1mDEBUG   [0m | [36magents.behavior_agent.agent[0m:[36m_run_abd[0m:[36m107[0m - [34m[1m[ABD] camera=1a32cb23-0820-4385-9ab5-de8e472e2c04 feature_vec=[5, 0.0, 0.0, 0.0, 0.0] score=0.000[0m
[32m2026-08-22 10:26:03.643[0m | [34m[1mDEBUG   [0m | [36magents.behavior_agent.agent[0m:[36m_on_tracks[0m:[36m46[0m - [34m[1m[ABD] camera=1a32cb23-0820-4385-9ab5-de8e472e2c04 anomaly_score=0.000[0m
[32m2026-08-22 10:26:03.656[0m | [1mINFO    [0m | [36magents.behavior_agent.agent[0m:[36m_on_tracks[0m:[36m70[0m - [1mBehaviorAgent: 1 behaviors detected on camera 1a32cb23-0820-4385-9ab5-de8e472e2c04[0m
[32m2026-08-22 10:26:03.657[0m | [34m[1mDEBUG   [0m | [36magents.prediction_agent.agent[0m:[36m_on_behavior_state[0m:[36m24[0m - [34m[1m[THREAT_SCORE] camera=1a32cb23-0820-4385-9ab5-de8e472e2c04 {}[0m
INFO:     127.0.0.1:51456 - "OPTIONS /api/v1/alerts/abb3f281-1f90-4849-ba2d-333c26cbdd06 HTTP/1.1" 200 OK
INFO:     127.0.0.1:51456 - "PATCH /api/v1/alerts/abb3f281-1f90-4849-ba2d-333c26cbdd06 HTTP/1.1" 200 OK
[32m2026-08-22 10:26:03.906[0m | [34m[1mDEBUG   [0m | [36mai_engine.vision.stream_manager[0m:[36m_camera_loop[0m:[36m177[0m - [34m[1m[YOLO] camera=1a32cb23-0820-4385-9ab5-de8e472e2c04 frame=2073 detections=2 tracks=5[0m
[32m2026-08-22 10:26:04.066[0m | [31m[1mERROR   [0m | [36mai_engine.vision.camera_manager[0m:[36mopen[0m:[36m82[0m - [31m[1m[6cf7815f-009b-48e6-bf71-a7548a5e75b0] Cannot open configured source (http://10.179.77.183:8080/video)[0m
[32m2026-08-22 10:26:04.066[0m | [33m[1mWARNING [0m | [36mai_engine.vision.stream_manager[0m:[36m_camera_loop[0m:[36m148[0m - [33m[1mCannot open stream 6cf7815f-009b-48e6-bf71-a7548a5e75b0 (source=http://10.179.77.183:8080/video)[0m
[32m2026-08-22 10:26:04.210[0m | [34m[1mDEBUG   [0m | [36mai_engine.vision.stream_manager[0m:[36m_camera_loop[0m:[36m177[0m - [34m[1m[YOLO] camera=1a32cb23-0820-4385-9ab5-de8e472e2c04 frame=2076 detections=2 tracks=5[0m
[32m2026-08-22 10:26:04.556[0m | [34m[1mDEBUG   [0m | [36mai_engine.vision.stream_manager[0m:[36m_camera_loop[0m:[36m177[0m - [34m[1m[YOLO] camera=1a32cb23-0820-4385-9ab5-de8e472e2c04 frame=2079 detections=2 tracks=5[0m
[32m2026-08-22 10:26:04.876[0m | [34m[1mDEBUG   [0m | [36mai_engine.vision.stream_manager[0m:[36m_camera_loop[0m:[36m177[0m - [34m[1m[YOLO] camera=1a32cb23-0820-4385-9ab5-de8e472e2c04 frame=2082 detections=2 tracks=5[0m
[32m2026-08-22 10:26:05.213[0m | [34m[1mDEBUG   [0m | [36mai_engine.vision.stream_manager[0m:[36m_camera_loop[0m:[36m177[0m - [34m[1m[YOLO] camera=1a32cb23-0820-4385-9ab5-de8e472e2c04 frame=2085 detections=2 tracks=5[0m
[32m2026-08-22 10:26:05.544[0m | [34m[1mDEBUG   [0m | [36mai_engine.vision.stream_manager[0m:[36m_camera_loop[0m:[36m177[0m - [34m[1m[YOLO] camera=1a32cb23-0820-4385-9ab5-de8e472e2c04 frame=2088 detections=2 tracks=5[0m
[32m2026-08-22 10:26:05.847[0m | [34m[1mDEBUG   [0m | [36mai_engine.vision.stream_manager[0m:[36m_camera_loop[0m:[36m177[0m - [34m[1m[YOLO] camera=1a32cb23-0820-4385-9ab5-de8e472e2c04 frame=2091 detections=1 tracks=5[0m
[32m2026-08-22 10:26:06.193[0m | [34m[1mDEBUG   [0m | [36mai_engine.vision.stream_manager[0m:[36m_camera_loop[0m:[36m177[0m - [34m[1m[YOLO] camera=1a32cb23-0820-4385-9ab5-de8e472e2c04 frame=2094 detections=1 tracks=5[0m
[32m2026-08-22 10:26:06.525[0m | [34m[1mDEBUG   [0m | [36mai_engine.vision.stream_manager[0m:[36m_camera_loop[0m:[36m177[0m - [34m[1m[YOLO] camera=1a32cb23-0820-4385-9ab5-de8e472e2c04 frame=2097 detections=2 tracks=5[0m
[32m2026-08-22 10:26:06.849[0m | [34m[1mDEBUG   [0m | [36mai_engine.vision.stream_manager[0m:[36m_camera_loop[0m:[36m177[0m - [34m[1m[YOLO] camera=1a32cb23-0820-4385-9ab5-de8e472e2c04 frame=2100 detections=1 tracks=5[0m
[32m2026-08-22 10:26:06.972[0m | [34m[1mDEBUG   [0m | [36magents.behavior_agent.agent[0m:[36m_on_tracks[0m:[36m34[0m - [34m[1m[BEHAVIOR] camera=1a32cb23-0820-4385-9ab5-de8e472e2c04 received 5 tracks for analysis[0m
[32m2026-08-22 10:26:06.972[0m | [34m[1mDEBUG   [0m | [36magents.behavior_agent.agent[0m:[36m_on_tracks[0m:[36m42[0m - [34m[1m[BEHAVIOR] camera=1a32cb23-0820-4385-9ab5-de8e472e2c04 0 behavior(s) flagged by analyzers[0m
[32m2026-08-22 10:26:06.972[0m | [34m[1mDEBUG   [0m | [36magents.behavior_agent.agent[0m:[36m_run_abd[0m:[36m107[0m - [34m[1m[ABD] camera=1a32cb23-0820-4385-9ab5-de8e472e2c04 feature_vec=[5, 0.0, 0.0, 0.0, 0.0] score=0.000[0m
[32m2026-08-22 10:26:06.973[0m | [34m[1mDEBUG   [0m | [36magents.behavior_agent.agent[0m:[36m_on_tracks[0m:[36m46[0m - [34m[1m[ABD] camera=1a32cb23-0820-4385-9ab5-de8e472e2c04 anomaly_score=0.000[0m
[32m2026-08-22 10:26:06.978[0m | [34m[1mDEBUG   [0m | [36magents.prediction_agent.agent[0m:[36m_on_behavior_state[0m:[36m24[0m - [34m[1m[THREAT_SCORE] camera=1a32cb23-0820-4385-9ab5-de8e472e2c04 {}[0m
INFO:     127.0.0.1:51456 - "OPTIONS /api/v1/alerts/ef2af8de-ce52-4981-a0d0-ed6c5799f162 HTTP/1.1" 200 OK
INFO:     127.0.0.1:51456 - "PATCH /api/v1/alerts/ef2af8de-ce52-4981-a0d0-ed6c5799f162 HTTP/1.1" 200 OK
[32m2026-08-22 10:26:07.233[0m | [34m[1mDEBUG   [0m | [36mai_engine.vision.stream_manager[0m:[36m_camera_loop[0m:[36m177[0m - [34m[1m[YOLO] camera=1a32cb23-0820-4385-9ab5-de8e472e2c04 frame=2103 detections=1 tracks=5[0m
[32m2026-08-22 10:26:07.536[0m | [34m[1mDEBUG   [0m | [36mai_engine.vision.stream_manager[0m:[36m_camera_loop[0m:[36m177[0m - [34m[1m[YOLO] camera=1a32cb23-0820-4385-9ab5-de8e472e2c04 frame=2106 detections=2 tracks=5[0m
[32m2026-08-22 10:26:07.864[0m | [34m[1mDEBUG   [0m | [36mai_engine.vision.stream_manager[0m:[36m_camera_loop[0m:[36m177[0m - [34m[1m[YOLO] camera=1a32cb23-0820-4385-9ab5-de8e472e2c04 frame=2109 detections=1 tracks=5[0m
[32m2026-08-22 10:26:08.188[0m | [34m[1mDEBUG   [0m | [36mai_engine.vision.stream_manager[0m:[36m_camera_loop[0m:[36m177[0m - [34m[1m[YOLO] camera=1a32cb23-0820-4385-9ab5-de8e472e2c04 frame=2112 detections=2 tracks=5[0m
[32m2026-08-22 10:26:08.509[0m | [34m[1mDEBUG   [0m | [36mai_engine.vision.stream_manager[0m:[36m_camera_loop[0m:[36m177[0m - [34m[1m[YOLO] camera=1a32cb23-0820-4385-9ab5-de8e472e2c04 frame=2115 detections=1 tracks=4[0m
INFO:     127.0.0.1:51456 - "GET /api/v1/cameras/ HTTP/1.1" 200 OK
[32m2026-08-22 10:26:08.864[0m | [34m[1mDEBUG   [0m | [36mai_engine.vision.stream_manager[0m:[36m_camera_loop[0m:[36m177[0m - [34m[1m[YOLO] camera=1a32cb23-0820-4385-9ab5-de8e472e2c04 frame=2118 detections=2 tracks=4[0m
[32m2026-08-22 10:26:09.172[0m | [34m[1mDEBUG   [0m | [36mai_engine.vision.stream_manager[0m:[36m_camera_loop[0m:[36m177[0m - [34m[1m[YOLO] camera=1a32cb23-0820-4385-9ab5-de8e472e2c04 frame=2121 detections=1 tracks=4[0m
[32m2026-08-22 10:26:09.448[0m | [34m[1mDEBUG   [0m | [36mai_engine.vision.stream_manager[0m:[36m_camera_loop[0m:[36m177[0m - [34m[1m[YOLO] camera=1a32cb23-0820-4385-9ab5-de8e472e2c04 frame=2124 detections=1 tracks=3[0m
[32m2026-08-22 10:26:09.748[0m | [34m[1mDEBUG   [0m | [36mai_engine.vision.stream_manager[0m:[36m_camera_loop[0m:[36m177[0m - [34m[1m[YOLO] camera=1a32cb23-0820-4385-9ab5-de8e472e2c04 frame=2127 detections=1 tracks=3[0m
[32m2026-08-22 10:26:10.073[0m | [34m[1mDEBUG   [0m | [36mai_engine.vision.stream_manager[0m:[36m_camera_loop[0m:[36m177[0m - [34m[1m[YOLO] camera=1a32cb23-0820-4385-9ab5-de8e472e2c04 frame=2130 detections=1 tracks=3[0m
[32m2026-08-22 10:26:10.210[0m | [34m[1mDEBUG   [0m | [36magents.behavior_agent.agent[0m:[36m_on_tracks[0m:[36m34[0m - [34m[1m[BEHAVIOR] camera=1a32cb23-0820-4385-9ab5-de8e472e2c04 received 3 tracks for analysis[0m
[32m2026-08-22 10:26:10.211[0m | [34m[1mDEBUG   [0m | [36magents.behavior_agent.agent[0m:[36m_on_tracks[0m:[36m42[0m - [34m[1m[BEHAVIOR] camera=1a32cb23-0820-4385-9ab5-de8e472e2c04 0 behavior(s) flagged by analyzers[0m
[32m2026-08-22 10:26:10.211[0m | [34m[1mDEBUG   [0m | [36magents.behavior_agent.agent[0m:[36m_run_abd[0m:[36m107[0m - [34m[1m[ABD] camera=1a32cb23-0820-4385-9ab5-de8e472e2c04 feature_vec=[3, 0.0, 0.0, 0.0, 0.0] score=0.000[0m
[32m2026-08-22 10:26:10.212[0m | [34m[1mDEBUG   [0m | [36magents.behavior_agent.agent[0m:[36m_on_tracks[0m:[36m46[0m - [34m[1m[ABD] camera=1a32cb23-0820-4385-9ab5-de8e472e2c04 anomaly_score=0.000[0m
[32m2026-08-22 10:26:10.221[0m | [34m[1mDEBUG   [0m | [36magents.prediction_agent.agent[0m:[36m_on_behavior_state[0m:[36m24[0m - [34m[1m[THREAT_SCORE] camera=1a32cb23-0820-4385-9ab5-de8e472e2c04 {}[0m
[32m2026-08-22 10:26:10.475[0m | [34m[1mDEBUG   [0m | [36mai_engine.vision.stream_manager[0m:[36m_camera_loop[0m:[36m177[0m - [34m[1m[YOLO] camera=1a32cb23-0820-4385-9ab5-de8e472e2c04 frame=2133 detections=2 tracks=3[0m
[32m2026-08-22 10:26:10.820[0m | [34m[1mDEBUG   [0m | [36mai_engine.vision.stream_manager[0m:[36m_camera_loop[0m:[36m177[0m - [34m[1m[YOLO] camera=1a32cb23-0820-4385-9ab5-de8e472e2c04 frame=2136 detections=2 tracks=3[0m
[32m2026-08-22 10:26:11.148[0m | [34m[1mDEBUG   [0m | [36mai_engine.vision.stream_manager[0m:[36m_camera_loop[0m:[36m177[0m - [34m[1m[YOLO] camera=1a32cb23-0820-4385-9ab5-de8e472e2c04 frame=2139 detections=2 tracks=3[0m
[32m2026-08-22 10:26:11.449[0m | [34m[1mDEBUG   [0m | [36mai_engine.vision.stream_manager[0m:[36m_camera_loop[0m:[36m177[0m - [34m[1m[YOLO] camera=1a32cb23-0820-4385-9ab5-de8e472e2c04 frame=2142 detections=2 tracks=3[0m
[32m2026-08-22 10:26:11.746[0m | [34m[1mDEBUG   [0m | [36mai_engine.vision.stream_manager[0m:[36m_camera_loop[0m:[36m177[0m - [34m[1m[YOLO] camera=1a32cb23-0820-4385-9ab5-de8e472e2c04 frame=2145 detections=1 tracks=3[0m
[32m2026-08-22 10:26:12.072[0m | [34m[1mDEBUG   [0m | [36mai_engine.vision.stream_manager[0m:[36m_camera_loop[0m:[36m177[0m - [34m[1m[YOLO] camera=1a32cb23-0820-4385-9ab5-de8e472e2c04 frame=2148 detections=1 tracks=3[0m
[32m2026-08-22 10:26:12.424[0m | [34m[1mDEBUG   [0m | [36mai_engine.vision.stream_manager[0m:[36m_camera_loop[0m:[36m177[0m - [34m[1m[YOLO] camera=1a32cb23-0820-4385-9ab5-de8e472e2c04 frame=2151 detections=1 tracks=3[0m
[32m2026-08-22 10:26:12.739[0m | [34m[1mDEBUG   [0m | [36mai_engine.vision.stream_manager[0m:[36m_camera_loop[0m:[36m177[0m - [34m[1m[YOLO] camera=1a32cb23-0820-4385-9ab5-de8e472e2c04 frame=2154 detections=1 tracks=3[0m
[32m2026-08-22 10:26:13.061[0m | [34m[1mDEBUG   [0m | [36mai_engine.vision.stream_manager[0m:[36m_camera_loop[0m:[36m177[0m - [34m[1m[YOLO] camera=1a32cb23-0820-4385-9ab5-de8e472e2c04 frame=2157 detections=2 tracks=3[0m
[32m2026-08-22 10:26:13.370[0m | [34m[1mDEBUG   [0m | [36mai_engine.vision.stream_manager[0m:[36m_camera_loop[0m:[36m177[0m - [34m[1m[YOLO] camera=1a32cb23-0820-4385-9ab5-de8e472e2c04 frame=2160 detections=2 tracks=3[0m
[32m2026-08-22 10:26:13.489[0m | [34m[1mDEBUG   [0m | [36magents.behavior_agent.agent[0m:[36m_on_tracks[0m:[36m34[0m - [34m[1m[BEHAVIOR] camera=1a32cb23-0820-4385-9ab5-de8e472e2c04 received 3 tracks for analysis[0m
[32m2026-08-22 10:26:13.489[0m | [34m[1mDEBUG   [0m | [36magents.behavior_agent.agent[0m:[36m_on_tracks[0m:[36m42[0m - [34m[1m[BEHAVIOR] camera=1a32cb23-0820-4385-9ab5-de8e472e2c04 0 behavior(s) flagged by analyzers[0m
[32m2026-08-22 10:26:13.489[0m | [34m[1mDEBUG   [0m | [36magents.behavior_agent.agent[0m:[36m_run_abd[0m:[36m107[0m - [34m[1m[ABD] camera=1a32cb23-0820-4385-9ab5-de8e472e2c04 feature_vec=[3, 0.0, 0.0, 0.0, 0.0] score=0.000[0m
[32m2026-08-22 10:26:13.489[0m | [34m[1mDEBUG   [0m | [36magents.behavior_agent.agent[0m:[36m_on_tracks[0m:[36m46[0m - [34m[1m[ABD] camera=1a32cb23-0820-4385-9ab5-de8e472e2c04 anomaly_score=0.000[0m
[32m2026-08-22 10:26:13.497[0m | [34m[1mDEBUG   [0m | [36magents.prediction_agent.agent[0m:[36m_on_behavior_state[0m:[36m24[0m - [34m[1m[THREAT_SCORE] camera=1a32cb23-0820-4385-9ab5-de8e472e2c04 {}[0m
[32m2026-08-22 10:26:13.756[0m | [34m[1mDEBUG   [0m | [36mai_engine.vision.stream_manager[0m:[36m_camera_loop[0m:[36m177[0m - [34m[1m[YOLO] camera=1a32cb23-0820-4385-9ab5-de8e472e2c04 frame=2163 detections=2 tracks=3[0m
[32m2026-08-22 10:26:14.070[0m | [34m[1mDEBUG   [0m | [36mai_engine.vision.stream_manager[0m:[36m_camera_loop[0m:[36m177[0m - [34m[1m[YOLO] camera=1a32cb23-0820-4385-9ab5-de8e472e2c04 frame=2166 detections=2 tracks=3[0m
[32m2026-08-22 10:26:14.389[0m | [34m[1mDEBUG   [0m | [36mai_engine.vision.stream_manager[0m:[36m_camera_loop[0m:[36m177[0m - [34m[1m[YOLO] camera=1a32cb23-0820-4385-9ab5-de8e472e2c04 frame=2169 detections=2 tracks=3[0m
[32m2026-08-22 10:26:14.707[0m | [34m[1mDEBUG   [0m | [36mai_engine.vision.stream_manager[0m:[36m_camera_loop[0m:[36m177[0m - [34m[1m[YOLO] camera=1a32cb23-0820-4385-9ab5-de8e472e2c04 frame=2172 detections=2 tracks=3[0m
[32m2026-08-22 10:26:15.023[0m | [34m[1mDEBUG   [0m | [36mai_engine.vision.stream_manager[0m:[36m_camera_loop[0m:[36m177[0m - [34m[1m[YOLO] camera=1a32cb23-0820-4385-9ab5-de8e472e2c04 frame=2175 detections=2 tracks=3[0m
[32m2026-08-22 10:26:15.349[0m | [34m[1mDEBUG   [0m | [36mai_engine.vision.stream_manager[0m:[36m_camera_loop[0m:[36m177[0m - [34m[1m[YOLO] camera=1a32cb23-0820-4385-9ab5-de8e472e2c04 frame=2178 detections=2 tracks=3[0m
[32m2026-08-22 10:26:15.677[0m | [34m[1mDEBUG   [0m | [36mai_engine.vision.stream_manager[0m:[36m_camera_loop[0m:[36m177[0m - [34m[1m[YOLO] camera=1a32cb23-0820-4385-9ab5-de8e472e2c04 frame=2181 detections=2 tracks=3[0m
[32m2026-08-22 10:26:16.012[0m | [34m[1mDEBUG   [0m | [36mai_engine.vision.stream_manager[0m:[36m_camera_loop[0m:[36m177[0m - [34m[1m[YOLO] camera=1a32cb23-0820-4385-9ab5-de8e472e2c04 frame=2184 detections=2 tracks=3[0m
[32m2026-08-22 10:26:16.320[0m | [34m[1mDEBUG   [0m | [36mai_engine.vision.stream_manager[0m:[36m_camera_loop[0m:[36m177[0m - [34m[1m[YOLO] camera=1a32cb23-0820-4385-9ab5-de8e472e2c04 frame=2187 detections=2 tracks=3[0m
[32m2026-08-22 10:26:16.656[0m | [34m[1mDEBUG   [0m | [36mai_engine.vision.stream_manager[0m:[36m_camera_loop[0m:[36m177[0m - [34m[1m[YOLO] camera=1a32cb23-0820-4385-9ab5-de8e472e2c04 frame=2190 detections=2 tracks=3[0m
[32m2026-08-22 10:26:16.778[0m | [34m[1mDEBUG   [0m | [36magents.behavior_agent.agent[0m:[36m_on_tracks[0m:[36m34[0m - [34m[1m[BEHAVIOR] camera=1a32cb23-0820-4385-9ab5-de8e472e2c04 received 3 tracks for analysis[0m
[32m2026-08-22 10:26:16.778[0m | [34m[1mDEBUG   [0m | [36magents.behavior_agent.agent[0m:[36m_on_tracks[0m:[36m42[0m - [34m[1m[BEHAVIOR] camera=1a32cb23-0820-4385-9ab5-de8e472e2c04 0 behavior(s) flagged by analyzers[0m
[32m2026-08-22 10:26:16.778[0m | [34m[1mDEBUG   [0m | [36magents.behavior_agent.agent[0m:[36m_run_abd[0m:[36m107[0m - [34m[1m[ABD] camera=1a32cb23-0820-4385-9ab5-de8e472e2c04 feature_vec=[3, 0.0, 0.0, 0.0, 0.0] score=0.000[0m
[32m2026-08-22 10:26:16.779[0m | [34m[1mDEBUG   [0m | [36magents.behavior_agent.agent[0m:[36m_on_tracks[0m:[36m46[0m - [34m[1m[ABD] camera=1a32cb23-0820-4385-9ab5-de8e472e2c04 anomaly_score=0.000[0m
[32m2026-08-22 10:26:16.785[0m | [34m[1mDEBUG   [0m | [36magents.prediction_agent.agent[0m:[36m_on_behavior_state[0m:[36m24[0m - [34m[1m[THREAT_SCORE] camera=1a32cb23-0820-4385-9ab5-de8e472e2c04 {}[0m
[32m2026-08-22 10:26:17.058[0m | [34m[1mDEBUG   [0m | [36mai_engine.vision.stream_manager[0m:[36m_camera_loop[0m:[36m177[0m - [34m[1m[YOLO] camera=1a32cb23-0820-4385-9ab5-de8e472e2c04 frame=2193 detections=2 tracks=3[0m
[32m2026-08-22 10:26:17.389[0m | [34m[1mDEBUG   [0m | [36mai_engine.vision.stream_manager[0m:[36m_camera_loop[0m:[36m177[0m - [34m[1m[YOLO] camera=1a32cb23-0820-4385-9ab5-de8e472e2c04 frame=2196 detections=1 tracks=3[0m
[32m2026-08-22 10:26:17.720[0m | [34m[1mDEBUG   [0m | [36mai_engine.vision.stream_manager[0m:[36m_camera_loop[0m:[36m177[0m - [34m[1m[YOLO] camera=1a32cb23-0820-4385-9ab5-de8e472e2c04 frame=2199 detections=2 tracks=3[0m
[32m2026-08-22 10:26:18.048[0m | [34m[1mDEBUG   [0m | [36mai_engine.vision.stream_manager[0m:[36m_camera_loop[0m:[36m177[0m - [34m[1m[YOLO] camera=1a32cb23-0820-4385-9ab5-de8e472e2c04 frame=2202 detections=2 tracks=3[0m
[32m2026-08-22 10:26:18.388[0m | [34m[1mDEBUG   [0m | [36mai_engine.vision.stream_manager[0m:[36m_camera_loop[0m:[36m177[0m - [34m[1m[YOLO] camera=1a32cb23-0820-4385-9ab5-de8e472e2c04 frame=2205 detections=3 tracks=3[0m
[32m2026-08-22 10:26:18.712[0m | [34m[1mDEBUG   [0m | [36mai_engine.vision.stream_manager[0m:[36m_camera_loop[0m:[36m177[0m - [34m[1m[YOLO] camera=1a32cb23-0820-4385-9ab5-de8e472e2c04 frame=2208 detections=2 tracks=3[0m
[32m2026-08-22 10:26:19.025[0m | [34m[1mDEBUG   [0m | [36mai_engine.vision.stream_manager[0m:[36m_camera_loop[0m:[36m177[0m - [34m[1m[YOLO] camera=1a32cb23-0820-4385-9ab5-de8e472e2c04 frame=2211 detections=2 tracks=3[0m
INFO:     127.0.0.1:57081 - "GET /api/v1/cameras/ HTTP/1.1" 200 OK
INFO:     127.0.0.1:64551 - "GET /api/v1/csi/latest HTTP/1.1" 200 OK
INFO:     127.0.0.1:53751 - "GET /api/v1/predictions/?hours=1 HTTP/1.1" 200 OK
[32m2026-08-22 10:26:19.367[0m | [34m[1mDEBUG   [0m | [36mai_engine.vision.stream_manager[0m:[36m_camera_loop[0m:[36m177[0m - [34m[1m[YOLO] camera=1a32cb23-0820-4385-9ab5-de8e472e2c04 frame=2214 detections=1 tracks=3[0m
[32m2026-08-22 10:26:19.655[0m | [31m[1mERROR   [0m | [36mai_engine.vision.camera_manager[0m:[36mopen[0m:[36m82[0m - [31m[1m[6cf7815f-009b-48e6-bf71-a7548a5e75b0] Cannot open configured source (http://10.179.77.183:8080/video)[0m
[32m2026-08-22 10:26:19.656[0m | [33m[1mWARNING [0m | [36mai_engine.vision.stream_manager[0m:[36m_camera_loop[0m:[36m148[0m - [33m[1mCannot open stream 6cf7815f-009b-48e6-bf71-a7548a5e75b0 (source=http://10.179.77.183:8080/video)[0m
[32m2026-08-22 10:26:19.697[0m | [34m[1mDEBUG   [0m | [36mai_engine.vision.stream_manager[0m:[36m_camera_loop[0m:[36m177[0m - [34m[1m[YOLO] camera=1a32cb23-0820-4385-9ab5-de8e472e2c04 frame=2217 detections=1 tracks=3[0m
[32m2026-08-22 10:26:20.010[0m | [34m[1mDEBUG   [0m | [36mai_engine.vision.stream_manager[0m:[36m_camera_loop[0m:[36m177[0m - [34m[1m[YOLO] camera=1a32cb23-0820-4385-9ab5-de8e472e2c04 frame=2220 detections=1 tracks=3[0m
[32m2026-08-22 10:26:20.138[0m | [34m[1mDEBUG   [0m | [36magents.behavior_agent.agent[0m:[36m_on_tracks[0m:[36m34[0m - [34m[1m[BEHAVIOR] camera=1a32cb23-0820-4385-9ab5-de8e472e2c04 received 3 tracks for analysis[0m
[32m2026-08-22 10:26:20.138[0m | [34m[1mDEBUG   [0m | [36magents.behavior_agent.agent[0m:[36m_on_tracks[0m:[36m42[0m - [34m[1m[BEHAVIOR] camera=1a32cb23-0820-4385-9ab5-de8e472e2c04 0 behavior(s) flagged by analyzers[0m
[32m2026-08-22 10:26:20.138[0m | [34m[1mDEBUG   [0m | [36magents.behavior_agent.agent[0m:[36m_run_abd[0m:[36m107[0m - [34m[1m[ABD] camera=1a32cb23-0820-4385-9ab5-de8e472e2c04 feature_vec=[3, 0.0, 0.0, 0.0, 0.0] score=0.000[0m
[32m2026-08-22 10:26:20.138[0m | [34m[1mDEBUG   [0m | [36magents.behavior_agent.agent[0m:[36m_on_tracks[0m:[36m46[0m - [34m[1m[ABD] camera=1a32cb23-0820-4385-9ab5-de8e472e2c04 anomaly_score=0.000[0m
[32m2026-08-22 10:26:20.144[0m | [34m[1mDEBUG   [0m | [36magents.prediction_agent.agent[0m:[36m_on_behavior_state[0m:[36m24[0m - [34m[1m[THREAT_SCORE] camera=1a32cb23-0820-4385-9ab5-de8e472e2c04 {}[0m
[32m2026-08-22 10:26:20.411[0m | [34m[1mDEBUG   [0m | [36mai_engine.vision.stream_manager[0m:[36m_camera_loop[0m:[36m177[0m - [34m[1m[YOLO] camera=1a32cb23-0820-4385-9ab5-de8e472e2c04 frame=2223 detections=1 tracks=3[0m
[32m2026-08-22 10:26:20.749[0m | [34m[1mDEBUG   [0m | [36mai_engine.vision.stream_manager[0m:[36m_camera_loop[0m:[36m177[0m - [34m[1m[YOLO] camera=1a32cb23-0820-4385-9ab5-de8e472e2c04 frame=2226 detections=1 tracks=3[0m
[32m2026-08-22 10:26:21.049[0m | [34m[1mDEBUG   [0m | [36mai_engine.vision.stream_manager[0m:[36m_camera_loop[0m:[36m177[0m - [34m[1m[YOLO] camera=1a32cb23-0820-4385-9ab5-de8e472e2c04 frame=2229 detections=1 tracks=3[0m
[32m2026-08-22 10:26:21.331[0m | [34m[1mDEBUG   [0m | [36mai_engine.vision.stream_manager[0m:[36m_camera_loop[0m:[36m177[0m - [34m[1m[YOLO] camera=1a32cb23-0820-4385-9ab5-de8e472e2c04 frame=2232 detections=1 tracks=3[0m
[32m2026-08-22 10:26:21.651[0m | [34m[1mDEBUG   [0m | [36mai_engine.vision.stream_manager[0m:[36m_camera_loop[0m:[36m177[0m - [34m[1m[YOLO] camera=1a32cb23-0820-4385-9ab5-de8e472e2c04 frame=2235 detections=2 tracks=3[0m
[32m2026-08-22 10:26:21.985[0m | [34m[1mDEBUG   [0m | [36mai_engine.vision.stream_manager[0m:[36m_camera_loop[0m:[36m177[0m - [34m[1m[YOLO] camera=1a32cb23-0820-4385-9ab5-de8e472e2c04 frame=2238 detections=2 tracks=3[0m
[32m2026-08-22 10:26:22.318[0m | [34m[1mDEBUG   [0m | [36mai_engine.vision.stream_manager[0m:[36m_camera_loop[0m:[36m177[0m - [34m[1m[YOLO] camera=1a32cb23-0820-4385-9ab5-de8e472e2c04 frame=2241 detections=2 tracks=3[0m
[32m2026-08-22 10:26:22.653[0m | [34m[1mDEBUG   [0m | [36mai_engine.vision.stream_manager[0m:[36m_camera_loop[0m:[36m177[0m - [34m[1m[YOLO] camera=1a32cb23-0820-4385-9ab5-de8e472e2c04 frame=2244 detections=2 tracks=3[0m
[32m2026-08-22 10:26:22.992[0m | [34m[1mDEBUG   [0m | [36mai_engine.vision.stream_manager[0m:[36m_camera_loop[0m:[36m177[0m - [34m[1m[YOLO] camera=1a32cb23-0820-4385-9ab5-de8e472e2c04 frame=2247 detections=2 tracks=3[0m
[32m2026-08-22 10:26:23.322[0m | [34m[1mDEBUG   [0m | [36mai_engine.vision.stream_manager[0m:[36m_camera_loop[0m:[36m177[0m - [34m[1m[YOLO] camera=1a32cb23-0820-4385-9ab5-de8e472e2c04 frame=2250 detections=2 tracks=3[0m
[32m2026-08-22 10:26:23.440[0m | [34m[1mDEBUG   [0m | [36magents.behavior_agent.agent[0m:[36m_on_tracks[0m:[36m34[0m - [34m[1m[BEHAVIOR] camera=1a32cb23-0820-4385-9ab5-de8e472e2c04 received 3 tracks for analysis[0m
[32m2026-08-22 10:26:23.441[0m | [34m[1mDEBUG   [0m | [36magents.behavior_agent.agent[0m:[36m_on_tracks[0m:[36m42[0m - [34m[1m[BEHAVIOR] camera=1a32cb23-0820-4385-9ab5-de8e472e2c04 0 behavior(s) flagged by analyzers[0m
[32m2026-08-22 10:26:23.441[0m | [34m[1mDEBUG   [0m | [36magents.behavior_agent.agent[0m:[36m_run_abd[0m:[36m107[0m - [34m[1m[ABD] camera=1a32cb23-0820-4385-9ab5-de8e472e2c04 feature_vec=[3, 0.0, 0.0, 0.0, 0.0] score=0.000[0m
[32m2026-08-22 10:26:23.442[0m | [34m[1mDEBUG   [0m | [36magents.behavior_agent.agent[0m:[36m_on_tracks[0m:[36m46[0m - [34m[1m[ABD] camera=1a32cb23-0820-4385-9ab5-de8e472e2c04 anomaly_score=0.000[0m
[32m2026-08-22 10:26:23.450[0m | [34m[1mDEBUG   [0m | [36magents.prediction_agent.agent[0m:[36m_on_behavior_state[0m:[36m24[0m - [34m[1m[THREAT_SCORE] camera=1a32cb23-0820-4385-9ab5-de8e472e2c04 {}[0m
[32m2026-08-22 10:26:23.729[0m | [34m[1mDEBUG   [0m | [36mai_engine.vision.stream_manager[0m:[36m_camera_loop[0m:[36m177[0m - [34m[1m[YOLO] camera=1a32cb23-0820-4385-9ab5-de8e472e2c04 frame=2253 detections=2 tracks=3[0m
[32m2026-08-22 10:26:24.037[0m | [34m[1mDEBUG   [0m | [36mai_engine.vision.stream_manager[0m:[36m_camera_loop[0m:[36m177[0m - [34m[1m[YOLO] camera=1a32cb23-0820-4385-9ab5-de8e472e2c04 frame=2256 detections=2 tracks=3[0m
[32m2026-08-22 10:26:24.339[0m | [34m[1mDEBUG   [0m | [36mai_engine.vision.stream_manager[0m:[36m_camera_loop[0m:[36m177[0m - [34m[1m[YOLO] camera=1a32cb23-0820-4385-9ab5-de8e472e2c04 frame=2259 detections=2 tracks=3[0m
[32m2026-08-22 10:26:24.647[0m | [34m[1mDEBUG   [0m | [36mai_engine.vision.stream_manager[0m:[36m_camera_loop[0m:[36m177[0m - [34m[1m[YOLO] camera=1a32cb23-0820-4385-9ab5-de8e472e2c04 frame=2262 detections=2 tracks=3[0m
[32m2026-08-22 10:26:24.950[0m | [34m[1mDEBUG   [0m | [36mai_engine.vision.stream_manager[0m:[36m_camera_loop[0m:[36m177[0m - [34m[1m[YOLO] camera=1a32cb23-0820-4385-9ab5-de8e472e2c04 frame=2265 detections=2 tracks=3[0m
[32m2026-08-22 10:26:25.292[0m | [34m[1mDEBUG   [0m | [36mai_engine.vision.stream_manager[0m:[36m_camera_loop[0m:[36m177[0m - [34m[1m[YOLO] camera=1a32cb23-0820-4385-9ab5-de8e472e2c04 frame=2268 detections=2 tracks=3[0m
[32m2026-08-22 10:26:25.614[0m | [34m[1mDEBUG   [0m | [36mai_engine.vision.stream_manager[0m:[36m_camera_loop[0m:[36m177[0m - [34m[1m[YOLO] camera=1a32cb23-0820-4385-9ab5-de8e472e2c04 frame=2271 detections=2 tracks=3[0m
[32m2026-08-22 10:26:25.948[0m | [34m[1mDEBUG   [0m | [36mai_engine.vision.stream_manager[0m:[36m_camera_loop[0m:[36m177[0m - [34m[1m[YOLO] camera=1a32cb23-0820-4385-9ab5-de8e472e2c04 frame=2274 detections=2 tracks=3[0m
[32m2026-08-22 10:26:26.272[0m | [34m[1mDEBUG   [0m | [36mai_engine.vision.stream_manager[0m:[36m_camera_loop[0m:[36m177[0m - [34m[1m[YOLO] camera=1a32cb23-0820-4385-9ab5-de8e472e2c04 frame=2277 detections=2 tracks=3[0m
[32m2026-08-22 10:26:26.577[0m | [34m[1mDEBUG   [0m | [36mai_engine.vision.stream_manager[0m:[36m_camera_loop[0m:[36m177[0m - [34m[1m[YOLO] camera=1a32cb23-0820-4385-9ab5-de8e472e2c04 frame=2280 detections=1 tracks=3[0m
[32m2026-08-22 10:26:26.697[0m | [34m[1mDEBUG   [0m | [36magents.behavior_agent.agent[0m:[36m_on_tracks[0m:[36m34[0m - [34m[1m[BEHAVIOR] camera=1a32cb23-0820-4385-9ab5-de8e472e2c04 received 3 tracks for analysis[0m
[32m2026-08-22 10:26:26.697[0m | [34m[1mDEBUG   [0m | [36magents.behavior_agent.agent[0m:[36m_on_tracks[0m:[36m42[0m - [34m[1m[BEHAVIOR] camera=1a32cb23-0820-4385-9ab5-de8e472e2c04 0 behavior(s) flagged by analyzers[0m
[32m2026-08-22 10:26:26.697[0m | [34m[1mDEBUG   [0m | [36magents.behavior_agent.agent[0m:[36m_run_abd[0m:[36m107[0m - [34m[1m[ABD] camera=1a32cb23-0820-4385-9ab5-de8e472e2c04 feature_vec=[3, 0.0, 0.0, 0.0, 0.0] score=0.000[0m
[32m2026-08-22 10:26:26.698[0m | [34m[1mDEBUG   [0m | [36magents.behavior_agent.agent[0m:[36m_on_tracks[0m:[36m46[0m - [34m[1m[ABD] camera=1a32cb23-0820-4385-9ab5-de8e472e2c04 anomaly_score=0.000[0m
[32m2026-08-22 10:26:26.722[0m | [34m[1mDEBUG   [0m | [36magents.prediction_agent.agent[0m:[36m_on_behavior_state[0m:[36m24[0m - [34m[1m[THREAT_SCORE] camera=1a32cb23-0820-4385-9ab5-de8e472e2c04 {}[0m
[32m2026-08-22 10:26:26.964[0m | [34m[1mDEBUG   [0m | [36mai_engine.vision.stream_manager[0m:[36m_camera_loop[0m:[36m177[0m - [34m[1m[YOLO] camera=1a32cb23-0820-4385-9ab5-de8e472e2c04 frame=2283 detections=2 tracks=3[0m
[32m2026-08-22 10:26:27.291[0m | [34m[1mDEBUG   [0m | [36mai_engine.vision.stream_manager[0m:[36m_camera_loop[0m:[36m177[0m - [34m[1m[YOLO] camera=1a32cb23-0820-4385-9ab5-de8e472e2c04 frame=2286 detections=2 tracks=3[0m
[32m2026-08-22 10:26:27.624[0m | [34m[1mDEBUG   [0m | [36mai_engine.vision.stream_manager[0m:[36m_camera_loop[0m:[36m177[0m - [34m[1m[YOLO] camera=1a32cb23-0820-4385-9ab5-de8e472e2c04 frame=2289 detections=1 tracks=3[0m
[32m2026-08-22 10:26:27.942[0m | [34m[1mDEBUG   [0m | [36mai_engine.vision.stream_manager[0m:[36m_camera_loop[0m:[36m177[0m - [34m[1m[YOLO] camera=1a32cb23-0820-4385-9ab5-de8e472e2c04 frame=2292 detections=1 tracks=3[0m
[32m2026-08-22 10:26:28.238[0m | [34m[1mDEBUG   [0m | [36mai_engine.vision.stream_manager[0m:[36m_camera_loop[0m:[36m177[0m - [34m[1m[YOLO] camera=1a32cb23-0820-4385-9ab5-de8e472e2c04 frame=2295 detections=2 tracks=3[0m
[32m2026-08-22 10:26:28.551[0m | [34m[1mDEBUG   [0m | [36mai_engine.vision.stream_manager[0m:[36m_camera_loop[0m:[36m177[0m - [34m[1m[YOLO] camera=1a32cb23-0820-4385-9ab5-de8e472e2c04 frame=2298 detections=2 tracks=3[0m
INFO:     127.0.0.1:59606 - "GET /api/v1/cameras/ HTTP/1.1" 200 OK
[32m2026-08-22 10:26:28.889[0m | [34m[1mDEBUG   [0m | [36mai_engine.vision.stream_manager[0m:[36m_camera_loop[0m:[36m177[0m - [34m[1m[YOLO] camera=1a32cb23-0820-4385-9ab5-de8e472e2c04 frame=2301 detections=2 tracks=3[0m
[32m2026-08-22 10:26:29.219[0m | [34m[1mDEBUG   [0m | [36mai_engine.vision.stream_manager[0m:[36m_camera_loop[0m:[36m177[0m - [34m[1m[YOLO] camera=1a32cb23-0820-4385-9ab5-de8e472e2c04 frame=2304 detections=2 tracks=3[0m
[32m2026-08-22 10:26:29.570[0m | [34m[1mDEBUG   [0m | [36mai_engine.vision.stream_manager[0m:[36m_camera_loop[0m:[36m177[0m - [34m[1m[YOLO] camera=1a32cb23-0820-4385-9ab5-de8e472e2c04 frame=2307 detections=2 tracks=3[0m
[32m2026-08-22 10:26:29.880[0m | [34m[1mDEBUG   [0m | [36mai_engine.vision.stream_manager[0m:[36m_camera_loop[0m:[36m177[0m - [34m[1m[YOLO] camera=1a32cb23-0820-4385-9ab5-de8e472e2c04 frame=2310 detections=2 tracks=3[0m
[32m2026-08-22 10:26:30.005[0m | [34m[1mDEBUG   [0m | [36magents.behavior_agent.agent[0m:[36m_on_tracks[0m:[36m34[0m - [34m[1m[BEHAVIOR] camera=1a32cb23-0820-4385-9ab5-de8e472e2c04 received 3 tracks for analysis[0m
[32m2026-08-22 10:26:30.005[0m | [34m[1mDEBUG   [0m | [36magents.behavior_agent.agent[0m:[36m_on_tracks[0m:[36m42[0m - [34m[1m[BEHAVIOR] camera=1a32cb23-0820-4385-9ab5-de8e472e2c04 0 behavior(s) flagged by analyzers[0m
[32m2026-08-22 10:26:30.005[0m | [34m[1mDEBUG   [0m | [36magents.behavior_agent.agent[0m:[36m_run_abd[0m:[36m107[0m - [34m[1m[ABD] camera=1a32cb23-0820-4385-9ab5-de8e472e2c04 feature_vec=[3, 0.0, 0.0, 0.0, 0.0] score=0.000[0m
[32m2026-08-22 10:26:30.006[0m | [34m[1mDEBUG   [0m | [36magents.behavior_agent.agent[0m:[36m_on_tracks[0m:[36m46[0m - [34m[1m[ABD] camera=1a32cb23-0820-4385-9ab5-de8e472e2c04 anomaly_score=0.000[0m
[32m2026-08-22 10:26:30.012[0m | [34m[1mDEBUG   [0m | [36magents.prediction_agent.agent[0m:[36m_on_behavior_state[0m:[36m24[0m - [34m[1m[THREAT_SCORE] camera=1a32cb23-0820-4385-9ab5-de8e472e2c04 {}[0m
[32m2026-08-22 10:26:30.246[0m | [34m[1mDEBUG   [0m | [36mai_engine.vision.stream_manager[0m:[36m_camera_loop[0m:[36m177[0m - [34m[1m[YOLO] camera=1a32cb23-0820-4385-9ab5-de8e472e2c04 frame=2313 detections=2 tracks=3[0m
[32m2026-08-22 10:26:30.562[0m | [34m[1mDEBUG   [0m | [36mai_engine.vision.stream_manager[0m:[36m_camera_loop[0m:[36m177[0m - [34m[1m[YOLO] camera=1a32cb23-0820-4385-9ab5-de8e472e2c04 frame=2316 detections=2 tracks=3[0m
[32m2026-08-22 10:26:30.900[0m | [34m[1mDEBUG   [0m | [36mai_engine.vision.stream_manager[0m:[36m_camera_loop[0m:[36m177[0m - [34m[1m[YOLO] camera=1a32cb23-0820-4385-9ab5-de8e472e2c04 frame=2319 detections=2 tracks=3[0m
[32m2026-08-22 10:26:31.218[0m | [34m[1mDEBUG   [0m | [36mai_engine.vision.stream_manager[0m:[36m_camera_loop[0m:[36m177[0m - [34m[1m[YOLO] camera=1a32cb23-0820-4385-9ab5-de8e472e2c04 frame=2322 detections=2 tracks=3[0m
[32m2026-08-22 10:26:31.556[0m | [34m[1mDEBUG   [0m | [36mai_engine.vision.stream_manager[0m:[36m_camera_loop[0m:[36m177[0m - [34m[1m[YOLO] camera=1a32cb23-0820-4385-9ab5-de8e472e2c04 frame=2325 detections=1 tracks=3[0m
[32m2026-08-22 10:26:31.892[0m | [34m[1mDEBUG   [0m | [36mai_engine.vision.stream_manager[0m:[36m_camera_loop[0m:[36m177[0m - [34m[1m[YOLO] camera=1a32cb23-0820-4385-9ab5-de8e472e2c04 frame=2328 detections=1 tracks=3[0m
[32m2026-08-22 10:26:32.213[0m | [34m[1mDEBUG   [0m | [36mai_engine.vision.stream_manager[0m:[36m_camera_loop[0m:[36m177[0m - [34m[1m[YOLO] camera=1a32cb23-0820-4385-9ab5-de8e472e2c04 frame=2331 detections=1 tracks=3[0m
[32m2026-08-22 10:26:32.522[0m | [34m[1mDEBUG   [0m | [36mai_engine.vision.stream_manager[0m:[36m_camera_loop[0m:[36m177[0m - [34m[1m[YOLO] camera=1a32cb23-0820-4385-9ab5-de8e472e2c04 frame=2334 detections=1 tracks=3[0m
[32m2026-08-22 10:26:32.858[0m | [34m[1mDEBUG   [0m | [36mai_engine.vision.stream_manager[0m:[36m_camera_loop[0m:[36m177[0m - [34m[1m[YOLO] camera=1a32cb23-0820-4385-9ab5-de8e472e2c04 frame=2337 detections=1 tracks=3[0m
[32m2026-08-22 10:26:33.178[0m | [34m[1mDEBUG   [0m | [36mai_engine.vision.stream_manager[0m:[36m_camera_loop[0m:[36m177[0m - [34m[1m[YOLO] camera=1a32cb23-0820-4385-9ab5-de8e472e2c04 frame=2340 detections=1 tracks=3[0m
[32m2026-08-22 10:26:33.310[0m | [34m[1mDEBUG   [0m | [36magents.behavior_agent.agent[0m:[36m_on_tracks[0m:[36m34[0m - [34m[1m[BEHAVIOR] camera=1a32cb23-0820-4385-9ab5-de8e472e2c04 received 3 tracks for analysis[0m
[32m2026-08-22 10:26:33.310[0m | [34m[1mDEBUG   [0m | [36magents.behavior_agent.agent[0m:[36m_on_tracks[0m:[36m42[0m - [34m[1m[BEHAVIOR] camera=1a32cb23-0820-4385-9ab5-de8e472e2c04 0 behavior(s) flagged by analyzers[0m
[32m2026-08-22 10:26:33.311[0m | [34m[1mDEBUG   [0m | [36magents.behavior_agent.agent[0m:[36m_run_abd[0m:[36m107[0m - [34m[1m[ABD] camera=1a32cb23-0820-4385-9ab5-de8e472e2c04 feature_vec=[3, 0.0, 0.0, 0.0, 0.0] score=0.000[0m
[32m2026-08-22 10:26:33.311[0m | [34m[1mDEBUG   [0m | [36magents.behavior_agent.agent[0m:[36m_on_tracks[0m:[36m46[0m - [34m[1m[ABD] camera=1a32cb23-0820-4385-9ab5-de8e472e2c04 anomaly_score=0.000[0m
[32m2026-08-22 10:26:33.319[0m | [34m[1mDEBUG   [0m | [36magents.prediction_agent.agent[0m:[36m_on_behavior_state[0m:[36m24[0m - [34m[1m[THREAT_SCORE] camera=1a32cb23-0820-4385-9ab5-de8e472e2c04 {}[0m
[32m2026-08-22 10:26:33.583[0m | [34m[1mDEBUG   [0m | [36mai_engine.vision.stream_manager[0m:[36m_camera_loop[0m:[36m177[0m - [34m[1m[YOLO] camera=1a32cb23-0820-4385-9ab5-de8e472e2c04 frame=2343 detections=1 tracks=3[0m
[32m2026-08-22 10:26:33.929[0m | [34m[1mDEBUG   [0m | [36mai_engine.vision.stream_manager[0m:[36m_camera_loop[0m:[36m177[0m - [34m[1m[YOLO] camera=1a32cb23-0820-4385-9ab5-de8e472e2c04 frame=2346 detections=1 tracks=3[0m
INFO:     connection closed
INFO:     connection closed
[32m2026-08-22 10:26:34.250[0m | [34m[1mDEBUG   [0m | [36mai_engine.vision.stream_manager[0m:[36m_camera_loop[0m:[36m177[0m - [34m[1m[YOLO] camera=1a32cb23-0820-4385-9ab5-de8e472e2c04 frame=2349 detections=1 tracks=3[0m
INFO:     ::1:0 - "GET /api/v1/incidents?status=open HTTP/1.1" 307 Temporary Redirect
INFO:     ('127.0.0.1', 49769) - "WebSocket /api/v1/ws/events?token=eyJhbGciOiJIUzI1NiIsInR5cCI6IkpXVCJ9.eyJleHAiOjE3ODczNzc5NTUsInN1YiI6IjlkNjM5MmM0LTgwMTItNGI5Ni04M2Y4LTY5MWE1YjRmNDExZCIsInR5cGUiOiJhY2Nlc3MifQ.qR5n3bGZThDj5OaS0F_Pk5wNYtvEhoQB8YqARImjuZ4" [accepted]
INFO:     connection open
[32m2026-08-22 10:26:34.593[0m | [34m[1mDEBUG   [0m | [36mai_engine.vision.stream_manager[0m:[36m_camera_loop[0m:[36m177[0m - [34m[1m[YOLO] camera=1a32cb23-0820-4385-9ab5-de8e472e2c04 frame=2352 detections=1 tracks=3[0m
[32m2026-08-22 10:26:34.695[0m | [33m[1mWARNING [0m | [36mapp.utils.exceptions[0m:[36mhttp_exception_handler[0m:[36m25[0m - [33m[1mHTTP 401: Not authenticated — http://localhost:8000/api/v1/incidents/?status=open[0m
INFO:     127.0.0.1:58819 - "GET /api/v1/incidents/?status=open HTTP/1.1" 401 Unauthorized
[32m2026-08-22 10:26:34.921[0m | [34m[1mDEBUG   [0m | [36mai_engine.vision.stream_manager[0m:[36m_camera_loop[0m:[36m177[0m - [34m[1m[YOLO] camera=1a32cb23-0820-4385-9ab5-de8e472e2c04 frame=2355 detections=1 tracks=3[0m
[32m2026-08-22 10:26:35.208[0m | [31m[1mERROR   [0m | [36mai_engine.vision.camera_manager[0m:[36mopen[0m:[36m82[0m - [31m[1m[6cf7815f-009b-48e6-bf71-a7548a5e75b0] Cannot open configured source (http://10.179.77.183:8080/video)[0m
[32m2026-08-22 10:26:35.208[0m | [33m[1mWARNING [0m | [36mai_engine.vision.stream_manager[0m:[36m_camera_loop[0m:[36m148[0m - [33m[1mCannot open stream 6cf7815f-009b-48e6-bf71-a7548a5e75b0 (source=http://10.179.77.183:8080/video)[0m
[32m2026-08-22 10:26:35.252[0m | [34m[1mDEBUG   [0m | [36mai_engine.vision.stream_manager[0m:[36m_camera_loop[0m:[36m177[0m - [34m[1m[YOLO] camera=1a32cb23-0820-4385-9ab5-de8e472e2c04 frame=2358 detections=1 tracks=3[0m
[32m2026-08-22 10:26:35.566[0m | [34m[1mDEBUG   [0m | [36mai_engine.vision.stream_manager[0m:[36m_camera_loop[0m:[36m177[0m - [34m[1m[YOLO] camera=1a32cb23-0820-4385-9ab5-de8e472e2c04 frame=2361 detections=1 tracks=3[0m
[32m2026-08-22 10:26:35.875[0m | [34m[1mDEBUG   [0m | [36mai_engine.vision.stream_manager[0m:[36m_camera_loop[0m:[36m177[0m - [34m[1m[YOLO] camera=1a32cb23-0820-4385-9ab5-de8e472e2c04 frame=2364 detections=1 tracks=3[0m
[32m2026-08-22 10:26:36.186[0m | [34m[1mDEBUG   [0m | [36mai_engine.vision.stream_manager[0m:[36m_camera_loop[0m:[36m177[0m - [34m[1m[YOLO] camera=1a32cb23-0820-4385-9ab5-de8e472e2c04 frame=2367 detections=1 tracks=3[0m
[32m2026-08-22 10:26:36.487[0m | [34m[1mDEBUG   [0m | [36mai_engine.vision.stream_manager[0m:[36m_camera_loop[0m:[36m177[0m - [34m[1m[YOLO] camera=1a32cb23-0820-4385-9ab5-de8e472e2c04 frame=2370 detections=1 tracks=3[0m
[32m2026-08-22 10:26:36.609[0m | [34m[1mDEBUG   [0m | [36magents.behavior_agent.agent[0m:[36m_on_tracks[0m:[36m34[0m - [34m[1m[BEHAVIOR] camera=1a32cb23-0820-4385-9ab5-de8e472e2c04 received 3 tracks for analysis[0m
[32m2026-08-22 10:26:36.610[0m | [34m[1mDEBUG   [0m | [36magents.behavior_agent.agent[0m:[36m_on_tracks[0m:[36m42[0m - [34m[1m[BEHAVIOR] camera=1a32cb23-0820-4385-9ab5-de8e472e2c04 0 behavior(s) flagged by analyzers[0m
[32m2026-08-22 10:26:36.610[0m | [34m[1mDEBUG   [0m | [36magents.behavior_agent.agent[0m:[36m_run_abd[0m:[36m107[0m - [34m[1m[ABD] camera=1a32cb23-0820-4385-9ab5-de8e472e2c04 feature_vec=[3, 0.0, 0.0, 0.0, 0.0] score=0.000[0m
[32m2026-08-22 10:26:36.610[0m | [34m[1mDEBUG   [0m | [36magents.behavior_agent.agent[0m:[36m_on_tracks[0m:[36m46[0m - [34m[1m[ABD] camera=1a32cb23-0820-4385-9ab5-de8e472e2c04 anomaly_score=0.000[0m
[32m2026-08-22 10:26:36.617[0m | [34m[1mDEBUG   [0m | [36magents.prediction_agent.agent[0m:[36m_on_behavior_state[0m:[36m24[0m - [34m[1m[THREAT_SCORE] camera=1a32cb23-0820-4385-9ab5-de8e472e2c04 {}[0m
[32m2026-08-22 10:26:36.892[0m | [34m[1mDEBUG   [0m | [36mai_engine.vision.stream_manager[0m:[36m_camera_loop[0m:[36m177[0m - [34m[1m[YOLO] camera=1a32cb23-0820-4385-9ab5-de8e472e2c04 frame=2373 detections=1 tracks=3[0m
[32m2026-08-22 10:26:37.208[0m | [34m[1mDEBUG   [0m | [36mai_engine.vision.stream_manager[0m:[36m_camera_loop[0m:[36m177[0m - [34m[1m[YOLO] camera=1a32cb23-0820-4385-9ab5-de8e472e2c04 frame=2376 detections=1 tracks=3[0m
INFO:     ('127.0.0.1', 53829) - "WebSocket /api/v1/ws/events?token=eyJhbGciOiJIUzI1NiIsInR5cCI6IkpXVCJ9.eyJleHAiOjE3ODczNzc5NTUsInN1YiI6IjlkNjM5MmM0LTgwMTItNGI5Ni04M2Y4LTY5MWE1YjRmNDExZCIsInR5cGUiOiJhY2Nlc3MifQ.qR5n3bGZThDj5OaS0F_Pk5wNYtvEhoQB8YqARImjuZ4" [accepted]
INFO:     connection open
[32m2026-08-22 10:26:37.504[0m | [34m[1mDEBUG   [0m | [36mai_engine.vision.stream_manager[0m:[36m_camera_loop[0m:[36m177[0m - [34m[1m[YOLO] camera=1a32cb23-0820-4385-9ab5-de8e472e2c04 frame=2379 detections=1 tracks=3[0m
[32m2026-08-22 10:26:37.816[0m | [34m[1mDEBUG   [0m | [36mai_engine.vision.stream_manager[0m:[36m_camera_loop[0m:[36m177[0m - [34m[1m[YOLO] camera=1a32cb23-0820-4385-9ab5-de8e472e2c04 frame=2382 detections=1 tracks=3[0m
[32m2026-08-22 10:26:38.114[0m | [34m[1mDEBUG   [0m | [36mai_engine.vision.stream_manager[0m:[36m_camera_loop[0m:[36m177[0m - [34m[1m[YOLO] camera=1a32cb23-0820-4385-9ab5-de8e472e2c04 frame=2385 detections=1 tracks=3[0m
[32m2026-08-22 10:26:38.464[0m | [34m[1mDEBUG   [0m | [36mai_engine.vision.stream_manager[0m:[36m_camera_loop[0m:[36m177[0m - [34m[1m[YOLO] camera=1a32cb23-0820-4385-9ab5-de8e472e2c04 frame=2388 detections=1 tracks=3[0m
INFO:     connection closed
INFO:     127.0.0.1:58819 - "OPTIONS /api/v1/analytics/detections/by-hour?hours=24 HTTP/1.1" 200 OK
INFO:     127.0.0.1:58819 - "OPTIONS /api/v1/csi/history?hours=24 HTTP/1.1" 200 OK
INFO:     127.0.0.1:58819 - "GET /api/v1/analytics/behavior/distribution?hours=24 HTTP/1.1" 200 OK
INFO:     127.0.0.1:56708 - "GET /api/v1/analytics/summary?hours=24 HTTP/1.1" 200 OK
INFO:     127.0.0.1:58819 - "GET /api/v1/analytics/detections/by-hour?hours=24 HTTP/1.1" 200 OK
INFO:     127.0.0.1:56708 - "GET /api/v1/csi/history?hours=24 HTTP/1.1" 200 OK
[32m2026-08-22 10:26:38.805[0m | [34m[1mDEBUG   [0m | [36mai_engine.vision.stream_manager[0m:[36m_camera_loop[0m:[36m177[0m - [34m[1m[YOLO] camera=1a32cb23-0820-4385-9ab5-de8e472e2c04 frame=2391 detections=1 tracks=3[0m
INFO:     ('127.0.0.1', 65523) - "WebSocket /api/v1/ws/events?token=eyJhbGciOiJIUzI1NiIsInR5cCI6IkpXVCJ9.eyJleHAiOjE3ODczNzc5NTUsInN1YiI6IjlkNjM5MmM0LTgwMTItNGI5Ni04M2Y4LTY5MWE1YjRmNDExZCIsInR5cGUiOiJhY2Nlc3MifQ.qR5n3bGZThDj5OaS0F_Pk5wNYtvEhoQB8YqARImjuZ4" [accepted]
INFO:     connection open
[32m2026-08-22 10:26:39.105[0m | [34m[1mDEBUG   [0m | [36mai_engine.vision.stream_manager[0m:[36m_camera_loop[0m:[36m177[0m - [34m[1m[YOLO] camera=1a32cb23-0820-4385-9ab5-de8e472e2c04 frame=2394 detections=1 tracks=3[0m
[32m2026-08-22 10:26:39.414[0m | [34m[1mDEBUG   [0m | [36mai_engine.vision.stream_manager[0m:[36m_camera_loop[0m:[36m177[0m - [34m[1m[YOLO] camera=1a32cb23-0820-4385-9ab5-de8e472e2c04 frame=2397 detections=1 tracks=3[0m
[32m2026-08-22 10:26:39.717[0m | [34m[1mDEBUG   [0m | [36mai_engine.vision.stream_manager[0m:[36m_camera_loop[0m:[36m177[0m - [34m[1m[YOLO] camera=1a32cb23-0820-4385-9ab5-de8e472e2c04 frame=2400 detections=1 tracks=3[0m
[32m2026-08-22 10:26:39.838[0m | [34m[1mDEBUG   [0m | [36magents.behavior_agent.agent[0m:[36m_on_tracks[0m:[36m34[0m - [34m[1m[BEHAVIOR] camera=1a32cb23-0820-4385-9ab5-de8e472e2c04 received 3 tracks for analysis[0m
[32m2026-08-22 10:26:39.839[0m | [34m[1mDEBUG   [0m | [36magents.behavior_agent.agent[0m:[36m_on_tracks[0m:[36m42[0m - [34m[1m[BEHAVIOR] camera=1a32cb23-0820-4385-9ab5-de8e472e2c04 0 behavior(s) flagged by analyzers[0m
[32m2026-08-22 10:26:39.839[0m | [34m[1mDEBUG   [0m | [36magents.behavior_agent.agent[0m:[36m_run_abd[0m:[36m107[0m - [34m[1m[ABD] camera=1a32cb23-0820-4385-9ab5-de8e472e2c04 feature_vec=[3, 0.0, 0.0, 0.0, 0.0] score=0.000[0m
[32m2026-08-22 10:26:39.839[0m | [34m[1mDEBUG   [0m | [36magents.behavior_agent.agent[0m:[36m_on_tracks[0m:[36m46[0m - [34m[1m[ABD] camera=1a32cb23-0820-4385-9ab5-de8e472e2c04 anomaly_score=0.000[0m
[32m2026-08-22 10:26:39.844[0m | [34m[1mDEBUG   [0m | [36magents.prediction_agent.agent[0m:[36m_on_behavior_state[0m:[36m24[0m - [34m[1m[THREAT_SCORE] camera=1a32cb23-0820-4385-9ab5-de8e472e2c04 {}[0m
[32m2026-08-22 10:26:40.098[0m | [34m[1mDEBUG   [0m | [36mai_engine.vision.stream_manager[0m:[36m_camera_loop[0m:[36m177[0m - [34m[1m[YOLO] camera=1a32cb23-0820-4385-9ab5-de8e472e2c04 frame=2403 detections=1 tracks=3[0m
[32m2026-08-22 10:26:40.424[0m | [34m[1mDEBUG   [0m | [36mai_engine.vision.stream_manager[0m:[36m_camera_loop[0m:[36m177[0m - [34m[1m[YOLO] camera=1a32cb23-0820-4385-9ab5-de8e472e2c04 frame=2406 detections=1 tracks=3[0m
[32m2026-08-22 10:26:40.746[0m | [34m[1mDEBUG   [0m | [36mai_engine.vision.stream_manager[0m:[36m_camera_loop[0m:[36m177[0m - [34m[1m[YOLO] camera=1a32cb23-0820-4385-9ab5-de8e472e2c04 frame=2409 detections=1 tracks=3[0m
[32m2026-08-22 10:26:41.057[0m | [34m[1mDEBUG   [0m | [36mai_engine.vision.stream_manager[0m:[36m_camera_loop[0m:[36m177[0m - [34m[1m[YOLO] camera=1a32cb23-0820-4385-9ab5-de8e472e2c04 frame=2412 detections=1 tracks=3[0m
[32m2026-08-22 10:26:41.357[0m | [34m[1mDEBUG   [0m | [36mai_engine.vision.stream_manager[0m:[36m_camera_loop[0m:[36m177[0m - [34m[1m[YOLO] camera=1a32cb23-0820-4385-9ab5-de8e472e2c04 frame=2415 detections=1 tracks=2[0m
INFO:     connection closed
INFO:     127.0.0.1:56708 - "OPTIONS /api/v1/analytics/summary?hours=1 HTTP/1.1" 200 OK
INFO:     127.0.0.1:56708 - "GET /api/v1/analytics/summary?hours=1 HTTP/1.1" 200 OK
[32m2026-08-22 10:26:41.689[0m | [34m[1mDEBUG   [0m | [36mai_engine.vision.stream_manager[0m:[36m_camera_loop[0m:[36m177[0m - [34m[1m[YOLO] camera=1a32cb23-0820-4385-9ab5-de8e472e2c04 frame=2418 detections=1 tracks=2[0m
INFO:     ('127.0.0.1', 62970) - "WebSocket /api/v1/ws/events?token=eyJhbGciOiJIUzI1NiIsInR5cCI6IkpXVCJ9.eyJleHAiOjE3ODczNzc5NTUsInN1YiI6IjlkNjM5MmM0LTgwMTItNGI5Ni04M2Y4LTY5MWE1YjRmNDExZCIsInR5cGUiOiJhY2Nlc3MifQ.qR5n3bGZThDj5OaS0F_Pk5wNYtvEhoQB8YqARImjuZ4" [accepted]
INFO:     connection open
INFO:     ('127.0.0.1', 55347) - "WebSocket /api/v1/ws/events?token=eyJhbGciOiJIUzI1NiIsInR5cCI6IkpXVCJ9.eyJleHAiOjE3ODczNzc5NTUsInN1YiI6IjlkNjM5MmM0LTgwMTItNGI5Ni04M2Y4LTY5MWE1YjRmNDExZCIsInR5cGUiOiJhY2Nlc3MifQ.qR5n3bGZThDj5OaS0F_Pk5wNYtvEhoQB8YqARImjuZ4" [accepted]
INFO:     connection open
[32m2026-08-22 10:26:42.023[0m | [34m[1mDEBUG   [0m | [36mai_engine.vision.stream_manager[0m:[36m_camera_loop[0m:[36m177[0m - [34m[1m[YOLO] camera=1a32cb23-0820-4385-9ab5-de8e472e2c04 frame=2421 detections=1 tracks=2[0m
[32m2026-08-22 10:26:42.354[0m | [34m[1mDEBUG   [0m | [36mai_engine.vision.stream_manager[0m:[36m_camera_loop[0m:[36m177[0m - [34m[1m[YOLO] camera=1a32cb23-0820-4385-9ab5-de8e472e2c04 frame=2424 detections=1 tracks=2[0m
[32m2026-08-22 10:26:42.680[0m | [34m[1mDEBUG   [0m | [36mai_engine.vision.stream_manager[0m:[36m_camera_loop[0m:[36m177[0m - [34m[1m[YOLO] camera=1a32cb23-0820-4385-9ab5-de8e472e2c04 frame=2427 detections=1 tracks=2[0m
[32m2026-08-22 10:26:42.978[0m | [34m[1mDEBUG   [0m | [36mai_engine.vision.stream_manager[0m:[36m_camera_loop[0m:[36m177[0m - [34m[1m[YOLO] camera=1a32cb23-0820-4385-9ab5-de8e472e2c04 frame=2430 detections=1 tracks=2[0m
[32m2026-08-22 10:26:43.105[0m | [34m[1mDEBUG   [0m | [36magents.behavior_agent.agent[0m:[36m_on_tracks[0m:[36m34[0m - [34m[1m[BEHAVIOR] camera=1a32cb23-0820-4385-9ab5-de8e472e2c04 received 2 tracks for analysis[0m
[32m2026-08-22 10:26:43.106[0m | [34m[1mDEBUG   [0m | [36magents.behavior_agent.agent[0m:[36m_on_tracks[0m:[36m42[0m - [34m[1m[BEHAVIOR] camera=1a32cb23-0820-4385-9ab5-de8e472e2c04 0 behavior(s) flagged by analyzers[0m
[32m2026-08-22 10:26:43.106[0m | [34m[1mDEBUG   [0m | [36magents.behavior_agent.agent[0m:[36m_run_abd[0m:[36m107[0m - [34m[1m[ABD] camera=1a32cb23-0820-4385-9ab5-de8e472e2c04 feature_vec=[2, 0.0, 0.0, 0.0, 0.0] score=0.000[0m
[32m2026-08-22 10:26:43.106[0m | [34m[1mDEBUG   [0m | [36magents.behavior_agent.agent[0m:[36m_on_tracks[0m:[36m46[0m - [34m[1m[ABD] camera=1a32cb23-0820-4385-9ab5-de8e472e2c04 anomaly_score=0.000[0m
[32m2026-08-22 10:26:43.113[0m | [34m[1mDEBUG   [0m | [36magents.prediction_agent.agent[0m:[36m_on_behavior_state[0m:[36m24[0m - [34m[1m[THREAT_SCORE] camera=1a32cb23-0820-4385-9ab5-de8e472e2c04 {}[0m
[32m2026-08-22 10:26:43.359[0m | [34m[1mDEBUG   [0m | [36mai_engine.vision.stream_manager[0m:[36m_camera_loop[0m:[36m177[0m - [34m[1m[YOLO] camera=1a32cb23-0820-4385-9ab5-de8e472e2c04 frame=2433 detections=1 tracks=2[0m
[32m2026-08-22 10:26:43.663[0m | [34m[1mDEBUG   [0m | [36mai_engine.vision.stream_manager[0m:[36m_camera_loop[0m:[36m177[0m - [34m[1m[YOLO] camera=1a32cb23-0820-4385-9ab5-de8e472e2c04 frame=2436 detections=1 tracks=2[0m
[32m2026-08-22 10:26:43.981[0m | [34m[1mDEBUG   [0m | [36mai_engine.vision.stream_manager[0m:[36m_camera_loop[0m:[36m177[0m - [34m[1m[YOLO] camera=1a32cb23-0820-4385-9ab5-de8e472e2c04 frame=2439 detections=1 tracks=2[0m
[32m2026-08-22 10:26:44.282[0m | [34m[1mDEBUG   [0m | [36mai_engine.vision.stream_manager[0m:[36m_camera_loop[0m:[36m177[0m - [34m[1m[YOLO] camera=1a32cb23-0820-4385-9ab5-de8e472e2c04 frame=2442 detections=1 tracks=2[0m
[32m2026-08-22 10:26:44.593[0m | [34m[1mDEBUG   [0m | [36mai_engine.vision.stream_manager[0m:[36m_camera_loop[0m:[36m177[0m - [34m[1m[YOLO] camera=1a32cb23-0820-4385-9ab5-de8e472e2c04 frame=2445 detections=1 tracks=2[0m
INFO:     ('127.0.0.1', 51353) - "WebSocket /api/v1/ws/events?token=eyJhbGciOiJIUzI1NiIsInR5cCI6IkpXVCJ9.eyJleHAiOjE3ODczNzc5NTUsInN1YiI6IjlkNjM5MmM0LTgwMTItNGI5Ni04M2Y4LTY5MWE1YjRmNDExZCIsInR5cGUiOiJhY2Nlc3MifQ.qR5n3bGZThDj5OaS0F_Pk5wNYtvEhoQB8YqARImjuZ4" [accepted]
INFO:     connection open
[32m2026-08-22 10:26:44.926[0m | [34m[1mDEBUG   [0m | [36mai_engine.vision.stream_manager[0m:[36m_camera_loop[0m:[36m177[0m - [34m[1m[YOLO] camera=1a32cb23-0820-4385-9ab5-de8e472e2c04 frame=2448 detections=1 tracks=2[0m
[32m2026-08-22 10:26:45.270[0m | [34m[1mDEBUG   [0m | [36mai_engine.vision.stream_manager[0m:[36m_camera_loop[0m:[36m177[0m - [34m[1m[YOLO] camera=1a32cb23-0820-4385-9ab5-de8e472e2c04 frame=2451 detections=1 tracks=2[0m
[32m2026-08-22 10:26:45.575[0m | [34m[1mDEBUG   [0m | [36mai_engine.vision.stream_manager[0m:[36m_camera_loop[0m:[36m177[0m - [34m[1m[YOLO] camera=1a32cb23-0820-4385-9ab5-de8e472e2c04 frame=2454 detections=1 tracks=2[0m
[32m2026-08-22 10:26:45.891[0m | [34m[1mDEBUG   [0m | [36mai_engine.vision.stream_manager[0m:[36m_camera_loop[0m:[36m177[0m - [34m[1m[YOLO] camera=1a32cb23-0820-4385-9ab5-de8e472e2c04 frame=2457 detections=1 tracks=2[0m
[32m2026-08-22 10:26:46.230[0m | [34m[1mDEBUG   [0m | [36mai_engine.vision.stream_manager[0m:[36m_camera_loop[0m:[36m177[0m - [34m[1m[YOLO] camera=1a32cb23-0820-4385-9ab5-de8e472e2c04 frame=2460 detections=1 tracks=2[0m
[32m2026-08-22 10:26:46.349[0m | [34m[1mDEBUG   [0m | [36magents.behavior_agent.agent[0m:[36m_on_tracks[0m:[36m34[0m - [34m[1m[BEHAVIOR] camera=1a32cb23-0820-4385-9ab5-de8e472e2c04 received 2 tracks for analysis[0m
[32m2026-08-22 10:26:46.349[0m | [34m[1mDEBUG   [0m | [36magents.behavior_agent.agent[0m:[36m_on_tracks[0m:[36m42[0m - [34m[1m[BEHAVIOR] camera=1a32cb23-0820-4385-9ab5-de8e472e2c04 0 behavior(s) flagged by analyzers[0m
[32m2026-08-22 10:26:46.350[0m | [34m[1mDEBUG   [0m | [36magents.behavior_agent.agent[0m:[36m_run_abd[0m:[36m107[0m - [34m[1m[ABD] camera=1a32cb23-0820-4385-9ab5-de8e472e2c04 feature_vec=[2, 0.0, 0.0, 0.0, 0.0] score=0.000[0m
[32m2026-08-22 10:26:46.350[0m | [34m[1mDEBUG   [0m | [36magents.behavior_agent.agent[0m:[36m_on_tracks[0m:[36m46[0m - [34m[1m[ABD] camera=1a32cb23-0820-4385-9ab5-de8e472e2c04 anomaly_score=0.000[0m
[32m2026-08-22 10:26:46.358[0m | [34m[1mDEBUG   [0m | [36magents.prediction_agent.agent[0m:[36m_on_behavior_state[0m:[36m24[0m - [34m[1m[THREAT_SCORE] camera=1a32cb23-0820-4385-9ab5-de8e472e2c04 {}[0m
[32m2026-08-22 10:26:46.628[0m | [34m[1mDEBUG   [0m | [36mai_engine.vision.stream_manager[0m:[36m_camera_loop[0m:[36m177[0m - [34m[1m[YOLO] camera=1a32cb23-0820-4385-9ab5-de8e472e2c04 frame=2463 detections=1 tracks=2[0m
[32m2026-08-22 10:26:46.957[0m | [34m[1mDEBUG   [0m | [36mai_engine.vision.stream_manager[0m:[36m_camera_loop[0m:[36m177[0m - [34m[1m[YOLO] camera=1a32cb23-0820-4385-9ab5-de8e472e2c04 frame=2466 detections=1 tracks=2[0m
[32m2026-08-22 10:26:47.299[0m | [34m[1mDEBUG   [0m | [36mai_engine.vision.stream_manager[0m:[36m_camera_loop[0m:[36m177[0m - [34m[1m[YOLO] camera=1a32cb23-0820-4385-9ab5-de8e472e2c04 frame=2469 detections=1 tracks=2[0m
[32m2026-08-22 10:26:47.631[0m | [34m[1mDEBUG   [0m | [36mai_engine.vision.stream_manager[0m:[36m_camera_loop[0m:[36m177[0m - [34m[1m[YOLO] camera=1a32cb23-0820-4385-9ab5-de8e472e2c04 frame=2472 detections=1 tracks=2[0m
[32m2026-08-22 10:26:47.944[0m | [34m[1mDEBUG   [0m | [36mai_engine.vision.stream_manager[0m:[36m_camera_loop[0m:[36m177[0m - [34m[1m[YOLO] camera=1a32cb23-0820-4385-9ab5-de8e472e2c04 frame=2475 detections=1 tracks=2[0m
[32m2026-08-22 10:26:48.253[0m | [34m[1mDEBUG   [0m | [36mai_engine.vision.stream_manager[0m:[36m_camera_loop[0m:[36m177[0m - [34m[1m[YOLO] camera=1a32cb23-0820-4385-9ab5-de8e472e2c04 frame=2478 detections=1 tracks=2[0m
[32m2026-08-22 10:26:48.593[0m | [34m[1mDEBUG   [0m | [36mai_engine.vision.stream_manager[0m:[36m_camera_loop[0m:[36m177[0m - [34m[1m[YOLO] camera=1a32cb23-0820-4385-9ab5-de8e472e2c04 frame=2481 detections=1 tracks=2[0m
[32m2026-08-22 10:26:48.923[0m | [34m[1mDEBUG   [0m | [36mai_engine.vision.stream_manager[0m:[36m_camera_loop[0m:[36m177[0m - [34m[1m[YOLO] camera=1a32cb23-0820-4385-9ab5-de8e472e2c04 frame=2484 detections=1 tracks=2[0m
[32m2026-08-22 10:26:49.264[0m | [34m[1mDEBUG   [0m | [36mai_engine.vision.stream_manager[0m:[36m_camera_loop[0m:[36m177[0m - [34m[1m[YOLO] camera=1a32cb23-0820-4385-9ab5-de8e472e2c04 frame=2487 detections=1 tracks=2[0m
[32m2026-08-22 10:26:49.594[0m | [34m[1mDEBUG   [0m | [36mai_engine.vision.stream_manager[0m:[36m_camera_loop[0m:[36m177[0m - [34m[1m[YOLO] camera=1a32cb23-0820-4385-9ab5-de8e472e2c04 frame=2490 detections=1 tracks=2[0m
[32m2026-08-22 10:26:49.711[0m | [34m[1mDEBUG   [0m | [36magents.behavior_agent.agent[0m:[36m_on_tracks[0m:[36m34[0m - [34m[1m[BEHAVIOR] camera=1a32cb23-0820-4385-9ab5-de8e472e2c04 received 2 tracks for analysis[0m
[32m2026-08-22 10:26:49.711[0m | [34m[1mDEBUG   [0m | [36magents.behavior_agent.agent[0m:[36m_on_tracks[0m:[36m42[0m - [34m[1m[BEHAVIOR] camera=1a32cb23-0820-4385-9ab5-de8e472e2c04 0 behavior(s) flagged by analyzers[0m
[32m2026-08-22 10:26:49.712[0m | [34m[1mDEBUG   [0m | [36magents.behavior_agent.agent[0m:[36m_run_abd[0m:[36m107[0m - [34m[1m[ABD] camera=1a32cb23-0820-4385-9ab5-de8e472e2c04 feature_vec=[2, 0.0, 0.0, 0.0, 0.0] score=0.000[0m
[32m2026-08-22 10:26:49.712[0m | [34m[1mDEBUG   [0m | [36magents.behavior_agent.agent[0m:[36m_on_tracks[0m:[36m46[0m - [34m[1m[ABD] camera=1a32cb23-0820-4385-9ab5-de8e472e2c04 anomaly_score=0.000[0m
[32m2026-08-22 10:26:49.720[0m | [34m[1mDEBUG   [0m | [36magents.prediction_agent.agent[0m:[36m_on_behavior_state[0m:[36m24[0m - [34m[1m[THREAT_SCORE] camera=1a32cb23-0820-4385-9ab5-de8e472e2c04 {}[0m
[32m2026-08-22 10:26:49.999[0m | [34m[1mDEBUG   [0m | [36mai_engine.vision.stream_manager[0m:[36m_camera_loop[0m:[36m177[0m - [34m[1m[YOLO] camera=1a32cb23-0820-4385-9ab5-de8e472e2c04 frame=2493 detections=1 tracks=2[0m
[32m2026-08-22 10:26:50.314[0m | [34m[1mDEBUG   [0m | [36mai_engine.vision.stream_manager[0m:[36m_camera_loop[0m:[36m177[0m - [34m[1m[YOLO] camera=1a32cb23-0820-4385-9ab5-de8e472e2c04 frame=2496 detections=1 tracks=2[0m
[32m2026-08-22 10:26:50.652[0m | [34m[1mDEBUG   [0m | [36mai_engine.vision.stream_manager[0m:[36m_camera_loop[0m:[36m177[0m - [34m[1m[YOLO] camera=1a32cb23-0820-4385-9ab5-de8e472e2c04 frame=2499 detections=1 tracks=2[0m
[32m2026-08-22 10:26:50.773[0m | [31m[1mERROR   [0m | [36mai_engine.vision.camera_manager[0m:[36mopen[0m:[36m82[0m - [31m[1m[6cf7815f-009b-48e6-bf71-a7548a5e75b0] Cannot open configured source (http://10.179.77.183:8080/video)[0m
[32m2026-08-22 10:26:50.774[0m | [33m[1mWARNING [0m | [36mai_engine.vision.stream_manager[0m:[36m_camera_loop[0m:[36m148[0m - [33m[1mCannot open stream 6cf7815f-009b-48e6-bf71-a7548a5e75b0 (source=http://10.179.77.183:8080/video)[0m
[32m2026-08-22 10:26:50.951[0m | [34m[1mDEBUG   [0m | [36mai_engine.vision.stream_manager[0m:[36m_camera_loop[0m:[36m177[0m - [34m[1m[YOLO] camera=1a32cb23-0820-4385-9ab5-de8e472e2c04 frame=2502 detections=1 tracks=2[0m
[32m2026-08-22 10:26:51.256[0m | [34m[1mDEBUG   [0m | [36mai_engine.vision.stream_manager[0m:[36m_camera_loop[0m:[36m177[0m - [34m[1m[YOLO] camera=1a32cb23-0820-4385-9ab5-de8e472e2c04 frame=2505 detections=1 tracks=2[0m
[32m2026-08-22 10:26:51.599[0m | [34m[1mDEBUG   [0m | [36mai_engine.vision.stream_manager[0m:[36m_camera_loop[0m:[36m177[0m - [34m[1m[YOLO] camera=1a32cb23-0820-4385-9ab5-de8e472e2c04 frame=2508 detections=1 tracks=2[0m
[32m2026-08-22 10:26:51.907[0m | [34m[1mDEBUG   [0m | [36mai_engine.vision.stream_manager[0m:[36m_camera_loop[0m:[36m177[0m - [34m[1m[YOLO] camera=1a32cb23-0820-4385-9ab5-de8e472e2c04 frame=2511 detections=1 tracks=2[0m
[32m2026-08-22 10:26:52.207[0m | [34m[1mDEBUG   [0m | [36mai_engine.vision.stream_manager[0m:[36m_camera_loop[0m:[36m177[0m - [34m[1m[YOLO] camera=1a32cb23-0820-4385-9ab5-de8e472e2c04 frame=2514 detections=1 tracks=2[0m
[32m2026-08-22 10:26:52.523[0m | [34m[1mDEBUG   [0m | [36mai_engine.vision.stream_manager[0m:[36m_camera_loop[0m:[36m177[0m - [34m[1m[YOLO] camera=1a32cb23-0820-4385-9ab5-de8e472e2c04 frame=2517 detections=1 tracks=2[0m
[32m2026-08-22 10:26:52.828[0m | [34m[1mDEBUG   [0m | [36mai_engine.vision.stream_manager[0m:[36m_camera_loop[0m:[36m177[0m - [34m[1m[YOLO] camera=1a32cb23-0820-4385-9ab5-de8e472e2c04 frame=2520 detections=1 tracks=2[0m
[32m2026-08-22 10:26:52.949[0m | [34m[1mDEBUG   [0m | [36magents.behavior_agent.agent[0m:[36m_on_tracks[0m:[36m34[0m - [34m[1m[BEHAVIOR] camera=1a32cb23-0820-4385-9ab5-de8e472e2c04 received 2 tracks for analysis[0m
[32m2026-08-22 10:26:52.950[0m | [34m[1mDEBUG   [0m | [36magents.behavior_agent.agent[0m:[36m_on_tracks[0m:[36m42[0m - [34m[1m[BEHAVIOR] camera=1a32cb23-0820-4385-9ab5-de8e472e2c04 0 behavior(s) flagged by analyzers[0m
[32m2026-08-22 10:26:52.950[0m | [34m[1mDEBUG   [0m | [36magents.behavior_agent.agent[0m:[36m_run_abd[0m:[36m107[0m - [34m[1m[ABD] camera=1a32cb23-0820-4385-9ab5-de8e472e2c04 feature_vec=[2, 0.0, 0.0, 0.0, 0.0] score=0.000[0m
[32m2026-08-22 10:26:52.950[0m | [34m[1mDEBUG   [0m | [36magents.behavior_agent.agent[0m:[36m_on_tracks[0m:[36m46[0m - [34m[1m[ABD] camera=1a32cb23-0820-4385-9ab5-de8e472e2c04 anomaly_score=0.000[0m
[32m2026-08-22 10:26:52.957[0m | [34m[1mDEBUG   [0m | [36magents.prediction_agent.agent[0m:[36m_on_behavior_state[0m:[36m24[0m - [34m[1m[THREAT_SCORE] camera=1a32cb23-0820-4385-9ab5-de8e472e2c04 {}[0m
[32m2026-08-22 10:26:53.241[0m | [34m[1mDEBUG   [0m | [36mai_engine.vision.stream_manager[0m:[36m_camera_loop[0m:[36m177[0m - [34m[1m[YOLO] camera=1a32cb23-0820-4385-9ab5-de8e472e2c04 frame=2523 detections=1 tracks=2[0m
[32m2026-08-22 10:26:53.547[0m | [34m[1mDEBUG   [0m | [36mai_engine.vision.stream_manager[0m:[36m_camera_loop[0m:[36m177[0m - [34m[1m[YOLO] camera=1a32cb23-0820-4385-9ab5-de8e472e2c04 frame=2526 detections=1 tracks=2[0m
[32m2026-08-22 10:26:53.896[0m | [34m[1mDEBUG   [0m | [36mai_engine.vision.stream_manager[0m:[36m_camera_loop[0m:[36m177[0m - [34m[1m[YOLO] camera=1a32cb23-0820-4385-9ab5-de8e472e2c04 frame=2529 detections=1 tracks=2[0m
[32m2026-08-22 10:26:54.231[0m | [34m[1mDEBUG   [0m | [36mai_engine.vision.stream_manager[0m:[36m_camera_loop[0m:[36m177[0m - [34m[1m[YOLO] camera=1a32cb23-0820-4385-9ab5-de8e472e2c04 frame=2532 detections=1 tracks=2[0m
[32m2026-08-22 10:26:54.560[0m | [34m[1mDEBUG   [0m | [36mai_engine.vision.stream_manager[0m:[36m_camera_loop[0m:[36m177[0m - [34m[1m[YOLO] camera=1a32cb23-0820-4385-9ab5-de8e472e2c04 frame=2535 detections=1 tracks=2[0m
[32m2026-08-22 10:26:54.891[0m | [34m[1mDEBUG   [0m | [36mai_engine.vision.stream_manager[0m:[36m_camera_loop[0m:[36m177[0m - [34m[1m[YOLO] camera=1a32cb23-0820-4385-9ab5-de8e472e2c04 frame=2538 detections=1 tracks=2[0m
[32m2026-08-22 10:26:55.236[0m | [34m[1mDEBUG   [0m | [36mai_engine.vision.stream_manager[0m:[36m_camera_loop[0m:[36m177[0m - [34m[1m[YOLO] camera=1a32cb23-0820-4385-9ab5-de8e472e2c04 frame=2541 detections=1 tracks=2[0m
[32m2026-08-22 10:26:55.605[0m | [34m[1mDEBUG   [0m | [36mai_engine.vision.stream_manager[0m:[36m_camera_loop[0m:[36m177[0m - [34m[1m[YOLO] camera=1a32cb23-0820-4385-9ab5-de8e472e2c04 frame=2544 detections=2 tracks=2[0m
[32m2026-08-22 10:26:55.917[0m | [34m[1mDEBUG   [0m | [36mai_engine.vision.stream_manager[0m:[36m_camera_loop[0m:[36m177[0m - [34m[1m[YOLO] camera=1a32cb23-0820-4385-9ab5-de8e472e2c04 frame=2547 detections=1 tracks=2[0m
[32m2026-08-22 10:26:56.209[0m | [34m[1mDEBUG   [0m | [36mai_engine.vision.stream_manager[0m:[36m_camera_loop[0m:[36m177[0m - [34m[1m[YOLO] camera=1a32cb23-0820-4385-9ab5-de8e472e2c04 frame=2550 detections=1 tracks=2[0m
[32m2026-08-22 10:26:56.333[0m | [34m[1mDEBUG   [0m | [36magents.behavior_agent.agent[0m:[36m_on_tracks[0m:[36m34[0m - [34m[1m[BEHAVIOR] camera=1a32cb23-0820-4385-9ab5-de8e472e2c04 received 2 tracks for analysis[0m
[32m2026-08-22 10:26:56.333[0m | [34m[1mDEBUG   [0m | [36magents.behavior_agent.agent[0m:[36m_on_tracks[0m:[36m42[0m - [34m[1m[BEHAVIOR] camera=1a32cb23-0820-4385-9ab5-de8e472e2c04 0 behavior(s) flagged by analyzers[0m
[32m2026-08-22 10:26:56.334[0m | [34m[1mDEBUG   [0m | [36magents.behavior_agent.agent[0m:[36m_run_abd[0m:[36m107[0m - [34m[1m[ABD] camera=1a32cb23-0820-4385-9ab5-de8e472e2c04 feature_vec=[2, 0.0, 0.0, 0.0, 0.0] score=0.000[0m
[32m2026-08-22 10:26:56.334[0m | [34m[1mDEBUG   [0m | [36magents.behavior_agent.agent[0m:[36m_on_tracks[0m:[36m46[0m - [34m[1m[ABD] camera=1a32cb23-0820-4385-9ab5-de8e472e2c04 anomaly_score=0.000[0m
[32m2026-08-22 10:26:56.341[0m | [34m[1mDEBUG   [0m | [36magents.prediction_agent.agent[0m:[36m_on_behavior_state[0m:[36m24[0m - [34m[1m[THREAT_SCORE] camera=1a32cb23-0820-4385-9ab5-de8e472e2c04 {}[0m
[32m2026-08-22 10:26:56.590[0m | [34m[1mDEBUG   [0m | [36mai_engine.vision.stream_manager[0m:[36m_camera_loop[0m:[36m177[0m - [34m[1m[YOLO] camera=1a32cb23-0820-4385-9ab5-de8e472e2c04 frame=2553 detections=1 tracks=2[0m
[32m2026-08-22 10:26:56.945[0m | [34m[1mDEBUG   [0m | [36mai_engine.vision.stream_manager[0m:[36m_camera_loop[0m:[36m177[0m - [34m[1m[YOLO] camera=1a32cb23-0820-4385-9ab5-de8e472e2c04 frame=2556 detections=1 tracks=2[0m
[32m2026-08-22 10:26:57.260[0m | [34m[1mDEBUG   [0m | [36mai_engine.vision.stream_manager[0m:[36m_camera_loop[0m:[36m177[0m - [34m[1m[YOLO] camera=1a32cb23-0820-4385-9ab5-de8e472e2c04 frame=2559 detections=0 tracks=2[0m
[32m2026-08-22 10:26:57.597[0m | [34m[1mDEBUG   [0m | [36mai_engine.vision.stream_manager[0m:[36m_camera_loop[0m:[36m177[0m - [34m[1m[YOLO] camera=1a32cb23-0820-4385-9ab5-de8e472e2c04 frame=2562 detections=1 tracks=2[0m
[32m2026-08-22 10:26:57.920[0m | [34m[1mDEBUG   [0m | [36mai_engine.vision.stream_manager[0m:[36m_camera_loop[0m:[36m177[0m - [34m[1m[YOLO] camera=1a32cb23-0820-4385-9ab5-de8e472e2c04 frame=2565 detections=1 tracks=2[0m
[32m2026-08-22 10:26:58.256[0m | [34m[1mDEBUG   [0m | [36mai_engine.vision.stream_manager[0m:[36m_camera_loop[0m:[36m177[0m - [34m[1m[YOLO] camera=1a32cb23-0820-4385-9ab5-de8e472e2c04 frame=2568 detections=1 tracks=2[0m
[32m2026-08-22 10:26:58.590[0m | [34m[1mDEBUG   [0m | [36mai_engine.vision.stream_manager[0m:[36m_camera_loop[0m:[36m177[0m - [34m[1m[YOLO] camera=1a32cb23-0820-4385-9ab5-de8e472e2c04 frame=2571 detections=2 tracks=2[0m
[32m2026-08-22 10:26:58.936[0m | [34m[1mDEBUG   [0m | [36mai_engine.vision.stream_manager[0m:[36m_camera_loop[0m:[36m177[0m - [34m[1m[YOLO] camera=1a32cb23-0820-4385-9ab5-de8e472e2c04 frame=2574 detections=1 tracks=2[0m
[32m2026-08-22 10:26:59.276[0m | [34m[1mDEBUG   [0m | [36mai_engine.vision.stream_manager[0m:[36m_camera_loop[0m:[36m177[0m - [34m[1m[YOLO] camera=1a32cb23-0820-4385-9ab5-de8e472e2c04 frame=2577 detections=1 tracks=2[0m
[32m2026-08-22 10:26:59.645[0m | [34m[1mDEBUG   [0m | [36mai_engine.vision.stream_manager[0m:[36m_camera_loop[0m:[36m177[0m - [34m[1m[YOLO] camera=1a32cb23-0820-4385-9ab5-de8e472e2c04 frame=2580 detections=1 tracks=2[0m
[32m2026-08-22 10:26:59.769[0m | [34m[1mDEBUG   [0m | [36magents.behavior_agent.agent[0m:[36m_on_tracks[0m:[36m34[0m - [34m[1m[BEHAVIOR] camera=1a32cb23-0820-4385-9ab5-de8e472e2c04 received 2 tracks for analysis[0m
[32m2026-08-22 10:26:59.769[0m | [34m[1mDEBUG   [0m | [36magents.behavior_agent.agent[0m:[36m_on_tracks[0m:[36m42[0m - [34m[1m[BEHAVIOR] camera=1a32cb23-0820-4385-9ab5-de8e472e2c04 0 behavior(s) flagged by analyzers[0m
[32m2026-08-22 10:26:59.770[0m | [34m[1mDEBUG   [0m | [36magents.behavior_agent.agent[0m:[36m_run_abd[0m:[36m107[0m - [34m[1m[ABD] camera=1a32cb23-0820-4385-9ab5-de8e472e2c04 feature_vec=[2, 0.0, 0.0, 0.0, 0.0] score=0.000[0m
[32m2026-08-22 10:26:59.770[0m | [34m[1mDEBUG   [0m | [36magents.behavior_agent.agent[0m:[36m_on_tracks[0m:[36m46[0m - [34m[1m[ABD] camera=1a32cb23-0820-4385-9ab5-de8e472e2c04 anomaly_score=0.000[0m
[32m2026-08-22 10:26:59.776[0m | [34m[1mDEBUG   [0m | [36magents.prediction_agent.agent[0m:[36m_on_behavior_state[0m:[36m24[0m - [34m[1m[THREAT_SCORE] camera=1a32cb23-0820-4385-9ab5-de8e472e2c04 {}[0m
[32m2026-08-22 10:27:00.036[0m | [34m[1mDEBUG   [0m | [36mai_engine.vision.stream_manager[0m:[36m_camera_loop[0m:[36m177[0m - [34m[1m[YOLO] camera=1a32cb23-0820-4385-9ab5-de8e472e2c04 frame=2583 detections=2 tracks=2[0m
[32m2026-08-22 10:27:00.371[0m | [34m[1mDEBUG   [0m | [36mai_engine.vision.stream_manager[0m:[36m_camera_loop[0m:[36m177[0m - [34m[1m[YOLO] camera=1a32cb23-0820-4385-9ab5-de8e472e2c04 frame=2586 detections=1 tracks=2[0m
[32m2026-08-22 10:27:00.689[0m | [34m[1mDEBUG   [0m | [36mai_engine.vision.stream_manager[0m:[36m_camera_loop[0m:[36m177[0m - [34m[1m[YOLO] camera=1a32cb23-0820-4385-9ab5-de8e472e2c04 frame=2589 detections=1 tracks=2[0m
[32m2026-08-22 10:27:01.033[0m | [34m[1mDEBUG   [0m | [36mai_engine.vision.stream_manager[0m:[36m_camera_loop[0m:[36m177[0m - [34m[1m[YOLO] camera=1a32cb23-0820-4385-9ab5-de8e472e2c04 frame=2592 detections=1 tracks=2[0m
[32m2026-08-22 10:27:01.341[0m | [34m[1mDEBUG   [0m | [36mai_engine.vision.stream_manager[0m:[36m_camera_loop[0m:[36m177[0m - [34m[1m[YOLO] camera=1a32cb23-0820-4385-9ab5-de8e472e2c04 frame=2595 detections=1 tracks=3[0m
[32m2026-08-22 10:27:01.661[0m | [34m[1mDEBUG   [0m | [36mai_engine.vision.stream_manager[0m:[36m_camera_loop[0m:[36m177[0m - [34m[1m[YOLO] camera=1a32cb23-0820-4385-9ab5-de8e472e2c04 frame=2598 detections=1 tracks=3[0m
[32m2026-08-22 10:27:01.996[0m | [34m[1mDEBUG   [0m | [36mai_engine.vision.stream_manager[0m:[36m_camera_loop[0m:[36m177[0m - [34m[1m[YOLO] camera=1a32cb23-0820-4385-9ab5-de8e472e2c04 frame=2601 detections=1 tracks=3[0m
[32m2026-08-22 10:27:02.293[0m | [34m[1mDEBUG   [0m | [36mai_engine.vision.stream_manager[0m:[36m_camera_loop[0m:[36m177[0m - [34m[1m[YOLO] camera=1a32cb23-0820-4385-9ab5-de8e472e2c04 frame=2604 detections=1 tracks=3[0m
[32m2026-08-22 10:27:02.621[0m | [34m[1mDEBUG   [0m | [36mai_engine.vision.stream_manager[0m:[36m_camera_loop[0m:[36m177[0m - [34m[1m[YOLO] camera=1a32cb23-0820-4385-9ab5-de8e472e2c04 frame=2607 detections=1 tracks=3[0m
[32m2026-08-22 10:27:02.926[0m | [34m[1mDEBUG   [0m | [36mai_engine.vision.stream_manager[0m:[36m_camera_loop[0m:[36m177[0m - [34m[1m[YOLO] camera=1a32cb23-0820-4385-9ab5-de8e472e2c04 frame=2610 detections=1 tracks=3[0m
[32m2026-08-22 10:27:03.047[0m | [34m[1mDEBUG   [0m | [36magents.behavior_agent.agent[0m:[36m_on_tracks[0m:[36m34[0m - [34m[1m[BEHAVIOR] camera=1a32cb23-0820-4385-9ab5-de8e472e2c04 received 3 tracks for analysis[0m
[32m2026-08-22 10:27:03.047[0m | [34m[1mDEBUG   [0m | [36magents.behavior_agent.agent[0m:[36m_on_tracks[0m:[36m42[0m - [34m[1m[BEHAVIOR] camera=1a32cb23-0820-4385-9ab5-de8e472e2c04 0 behavior(s) flagged by analyzers[0m
[32m2026-08-22 10:27:03.048[0m | [34m[1mDEBUG   [0m | [36magents.behavior_agent.agent[0m:[36m_run_abd[0m:[36m107[0m - [34m[1m[ABD] camera=1a32cb23-0820-4385-9ab5-de8e472e2c04 feature_vec=[3, 0.0, 0.0, 0.0, 0.0] score=0.000[0m
[32m2026-08-22 10:27:03.048[0m | [34m[1mDEBUG   [0m | [36magents.behavior_agent.agent[0m:[36m_on_tracks[0m:[36m46[0m - [34m[1m[ABD] camera=1a32cb23-0820-4385-9ab5-de8e472e2c04 anomaly_score=0.000[0m
[32m2026-08-22 10:27:03.054[0m | [34m[1mDEBUG   [0m | [36magents.prediction_agent.agent[0m:[36m_on_behavior_state[0m:[36m24[0m - [34m[1m[THREAT_SCORE] camera=1a32cb23-0820-4385-9ab5-de8e472e2c04 {}[0m
[32m2026-08-22 10:27:03.329[0m | [34m[1mDEBUG   [0m | [36mai_engine.vision.stream_manager[0m:[36m_camera_loop[0m:[36m177[0m - [34m[1m[YOLO] camera=1a32cb23-0820-4385-9ab5-de8e472e2c04 frame=2613 detections=1 tracks=3[0m
[32m2026-08-22 10:27:03.665[0m | [34m[1mDEBUG   [0m | [36mai_engine.vision.stream_manager[0m:[36m_camera_loop[0m:[36m177[0m - [34m[1m[YOLO] camera=1a32cb23-0820-4385-9ab5-de8e472e2c04 frame=2616 detections=1 tracks=3[0m
[32m2026-08-22 10:27:03.985[0m | [34m[1mDEBUG   [0m | [36mai_engine.vision.stream_manager[0m:[36m_camera_loop[0m:[36m177[0m - [34m[1m[YOLO] camera=1a32cb23-0820-4385-9ab5-de8e472e2c04 frame=2619 detections=1 tracks=3[0m
[32m2026-08-22 10:27:04.316[0m | [34m[1mDEBUG   [0m | [36mai_engine.vision.stream_manager[0m:[36m_camera_loop[0m:[36m177[0m - [34m[1m[YOLO] camera=1a32cb23-0820-4385-9ab5-de8e472e2c04 frame=2622 detections=1 tracks=3[0m
[32m2026-08-22 10:27:04.697[0m | [34m[1mDEBUG   [0m | [36mai_engine.vision.stream_manager[0m:[36m_camera_loop[0m:[36m177[0m - [34m[1m[YOLO] camera=1a32cb23-0820-4385-9ab5-de8e472e2c04 frame=2625 detections=1 tracks=3[0m
[32m2026-08-22 10:27:05.033[0m | [34m[1mDEBUG   [0m | [36mai_engine.vision.stream_manager[0m:[36m_camera_loop[0m:[36m177[0m - [34m[1m[YOLO] camera=1a32cb23-0820-4385-9ab5-de8e472e2c04 frame=2628 detections=1 tracks=3[0m
[32m2026-08-22 10:27:05.363[0m | [34m[1mDEBUG   [0m | [36mai_engine.vision.stream_manager[0m:[36m_camera_loop[0m:[36m177[0m - [34m[1m[YOLO] camera=1a32cb23-0820-4385-9ab5-de8e472e2c04 frame=2631 detections=1 tracks=3[0m
[32m2026-08-22 10:27:05.706[0m | [34m[1mDEBUG   [0m | [36mai_engine.vision.stream_manager[0m:[36m_camera_loop[0m:[36m177[0m - [34m[1m[YOLO] camera=1a32cb23-0820-4385-9ab5-de8e472e2c04 frame=2634 detections=1 tracks=3[0m
[32m2026-08-22 10:27:06.039[0m | [34m[1mDEBUG   [0m | [36mai_engine.vision.stream_manager[0m:[36m_camera_loop[0m:[36m177[0m - [34m[1m[YOLO] camera=1a32cb23-0820-4385-9ab5-de8e472e2c04 frame=2637 detections=1 tracks=3[0m
[32m2026-08-22 10:27:06.352[0m | [31m[1mERROR   [0m | [36mai_engine.vision.camera_manager[0m:[36mopen[0m:[36m82[0m - [31m[1m[6cf7815f-009b-48e6-bf71-a7548a5e75b0] Cannot open configured source (http://10.179.77.183:8080/video)[0m
[32m2026-08-22 10:27:06.352[0m | [33m[1mWARNING [0m | [36mai_engine.vision.stream_manager[0m:[36m_camera_loop[0m:[36m148[0m - [33m[1mCannot open stream 6cf7815f-009b-48e6-bf71-a7548a5e75b0 (source=http://10.179.77.183:8080/video)[0m
[32m2026-08-22 10:27:06.376[0m | [34m[1mDEBUG   [0m | [36mai_engine.vision.stream_manager[0m:[36m_camera_loop[0m:[36m177[0m - [34m[1m[YOLO] camera=1a32cb23-0820-4385-9ab5-de8e472e2c04 frame=2640 detections=1 tracks=3[0m
[32m2026-08-22 10:27:06.490[0m | [34m[1mDEBUG   [0m | [36magents.behavior_agent.agent[0m:[36m_on_tracks[0m:[36m34[0m - [34m[1m[BEHAVIOR] camera=1a32cb23-0820-4385-9ab5-de8e472e2c04 received 3 tracks for analysis[0m
[32m2026-08-22 10:27:06.490[0m | [34m[1mDEBUG   [0m | [36magents.behavior_agent.agent[0m:[36m_on_tracks[0m:[36m42[0m - [34m[1m[BEHAVIOR] camera=1a32cb23-0820-4385-9ab5-de8e472e2c04 0 behavior(s) flagged by analyzers[0m
[32m2026-08-22 10:27:06.490[0m | [34m[1mDEBUG   [0m | [36magents.behavior_agent.agent[0m:[36m_run_abd[0m:[36m107[0m - [34m[1m[ABD] camera=1a32cb23-0820-4385-9ab5-de8e472e2c04 feature_vec=[3, 0.0, 0.0, 0.0, 0.0] score=0.000[0m
[32m2026-08-22 10:27:06.491[0m | [34m[1mDEBUG   [0m | [36magents.behavior_agent.agent[0m:[36m_on_tracks[0m:[36m46[0m - [34m[1m[ABD] camera=1a32cb23-0820-4385-9ab5-de8e472e2c04 anomaly_score=0.000[0m
[32m2026-08-22 10:27:06.497[0m | [34m[1mDEBUG   [0m | [36magents.prediction_agent.agent[0m:[36m_on_behavior_state[0m:[36m24[0m - [34m[1m[THREAT_SCORE] camera=1a32cb23-0820-4385-9ab5-de8e472e2c04 {}[0m
[32m2026-08-22 10:27:06.772[0m | [34m[1mDEBUG   [0m | [36mai_engine.vision.stream_manager[0m:[36m_camera_loop[0m:[36m177[0m - [34m[1m[YOLO] camera=1a32cb23-0820-4385-9ab5-de8e472e2c04 frame=2643 detections=1 tracks=3[0m
[32m2026-08-22 10:27:07.087[0m | [34m[1mDEBUG   [0m | [36mai_engine.vision.stream_manager[0m:[36m_camera_loop[0m:[36m177[0m - [34m[1m[YOLO] camera=1a32cb23-0820-4385-9ab5-de8e472e2c04 frame=2646 detections=1 tracks=3[0m
[32m2026-08-22 10:27:07.423[0m | [34m[1mDEBUG   [0m | [36mai_engine.vision.stream_manager[0m:[36m_camera_loop[0m:[36m177[0m - [34m[1m[YOLO] camera=1a32cb23-0820-4385-9ab5-de8e472e2c04 frame=2649 detections=1 tracks=3[0m
[32m2026-08-22 10:27:07.769[0m | [34m[1mDEBUG   [0m | [36mai_engine.vision.stream_manager[0m:[36m_camera_loop[0m:[36m177[0m - [34m[1m[YOLO] camera=1a32cb23-0820-4385-9ab5-de8e472e2c04 frame=2652 detections=1 tracks=3[0m
[32m2026-08-22 10:27:08.089[0m | [34m[1mDEBUG   [0m | [36mai_engine.vision.stream_manager[0m:[36m_camera_loop[0m:[36m177[0m - [34m[1m[YOLO] camera=1a32cb23-0820-4385-9ab5-de8e472e2c04 frame=2655 detections=1 tracks=3[0m
[32m2026-08-22 10:27:08.430[0m | [34m[1mDEBUG   [0m | [36mai_engine.vision.stream_manager[0m:[36m_camera_loop[0m:[36m177[0m - [34m[1m[YOLO] camera=1a32cb23-0820-4385-9ab5-de8e472e2c04 frame=2658 detections=1 tracks=3[0m
[32m2026-08-22 10:27:08.763[0m | [34m[1mDEBUG   [0m | [36mai_engine.vision.stream_manager[0m:[36m_camera_loop[0m:[36m177[0m - [34m[1m[YOLO] camera=1a32cb23-0820-4385-9ab5-de8e472e2c04 frame=2661 detections=1 tracks=3[0m
[32m2026-08-22 10:27:09.083[0m | [34m[1mDEBUG   [0m | [36mai_engine.vision.stream_manager[0m:[36m_camera_loop[0m:[36m177[0m - [34m[1m[YOLO] camera=1a32cb23-0820-4385-9ab5-de8e472e2c04 frame=2664 detections=1 tracks=2[0m
[32m2026-08-22 10:27:09.435[0m | [34m[1mDEBUG   [0m | [36mai_engine.vision.stream_manager[0m:[36m_camera_loop[0m:[36m177[0m - [34m[1m[YOLO] camera=1a32cb23-0820-4385-9ab5-de8e472e2c04 frame=2667 detections=2 tracks=2[0m
[32m2026-08-22 10:27:09.765[0m | [34m[1mDEBUG   [0m | [36mai_engine.vision.stream_manager[0m:[36m_camera_loop[0m:[36m177[0m - [34m[1m[YOLO] camera=1a32cb23-0820-4385-9ab5-de8e472e2c04 frame=2670 detections=1 tracks=2[0m
[32m2026-08-22 10:27:09.879[0m | [34m[1mDEBUG   [0m | [36magents.behavior_agent.agent[0m:[36m_on_tracks[0m:[36m34[0m - [34m[1m[BEHAVIOR] camera=1a32cb23-0820-4385-9ab5-de8e472e2c04 received 2 tracks for analysis[0m
[32m2026-08-22 10:27:09.881[0m | [34m[1mDEBUG   [0m | [36magents.behavior_agent.agent[0m:[36m_on_tracks[0m:[36m42[0m - [34m[1m[BEHAVIOR] camera=1a32cb23-0820-4385-9ab5-de8e472e2c04 0 behavior(s) flagged by analyzers[0m
[32m2026-08-22 10:27:09.881[0m | [34m[1mDEBUG   [0m | [36magents.behavior_agent.agent[0m:[36m_run_abd[0m:[36m107[0m - [34m[1m[ABD] camera=1a32cb23-0820-4385-9ab5-de8e472e2c04 feature_vec=[2, 0.0, 0.0, 0.0, 0.0] score=0.000[0m
[32m2026-08-22 10:27:09.881[0m | [34m[1mDEBUG   [0m | [36magents.behavior_agent.agent[0m:[36m_on_tracks[0m:[36m46[0m - [34m[1m[ABD] camera=1a32cb23-0820-4385-9ab5-de8e472e2c04 anomaly_score=0.000[0m
[32m2026-08-22 10:27:09.888[0m | [34m[1mDEBUG   [0m | [36magents.prediction_agent.agent[0m:[36m_on_behavior_state[0m:[36m24[0m - [34m[1m[THREAT_SCORE] camera=1a32cb23-0820-4385-9ab5-de8e472e2c04 {}[0m
[32m2026-08-22 10:27:10.161[0m | [34m[1mDEBUG   [0m | [36mai_engine.vision.stream_manager[0m:[36m_camera_loop[0m:[36m177[0m - [34m[1m[YOLO] camera=1a32cb23-0820-4385-9ab5-de8e472e2c04 frame=2673 detections=1 tracks=2[0m
[32m2026-08-22 10:27:10.504[0m | [34m[1mDEBUG   [0m | [36mai_engine.vision.stream_manager[0m:[36m_camera_loop[0m:[36m177[0m - [34m[1m[YOLO] camera=1a32cb23-0820-4385-9ab5-de8e472e2c04 frame=2676 detections=2 tracks=2[0m
[32m2026-08-22 10:27:10.837[0m | [34m[1mDEBUG   [0m | [36mai_engine.vision.stream_manager[0m:[36m_camera_loop[0m:[36m177[0m - [34m[1m[YOLO] camera=1a32cb23-0820-4385-9ab5-de8e472e2c04 frame=2679 detections=1 tracks=2[0m
[32m2026-08-22 10:27:11.178[0m | [34m[1mDEBUG   [0m | [36mai_engine.vision.stream_manager[0m:[36m_camera_loop[0m:[36m177[0m - [34m[1m[YOLO] camera=1a32cb23-0820-4385-9ab5-de8e472e2c04 frame=2682 detections=1 tracks=2[0m
INFO:     127.0.0.1:50986 - "GET /api/v1/analytics/summary?hours=1 HTTP/1.1" 200 OK
[32m2026-08-22 10:27:11.527[0m | [34m[1mDEBUG   [0m | [36mai_engine.vision.stream_manager[0m:[36m_camera_loop[0m:[36m177[0m - [34m[1m[YOLO] camera=1a32cb23-0820-4385-9ab5-de8e472e2c04 frame=2685 detections=1 tracks=2[0m
[32m2026-08-22 10:27:11.850[0m | [34m[1mDEBUG   [0m | [36mai_engine.vision.stream_manager[0m:[36m_camera_loop[0m:[36m177[0m - [34m[1m[YOLO] camera=1a32cb23-0820-4385-9ab5-de8e472e2c04 frame=2688 detections=1 tracks=2[0m
[32m2026-08-22 10:27:12.199[0m | [34m[1mDEBUG   [0m | [36mai_engine.vision.stream_manager[0m:[36m_camera_loop[0m:[36m177[0m - [34m[1m[YOLO] camera=1a32cb23-0820-4385-9ab5-de8e472e2c04 frame=2691 detections=1 tracks=2[0m
[32m2026-08-22 10:27:12.506[0m | [34m[1mDEBUG   [0m | [36mai_engine.vision.stream_manager[0m:[36m_camera_loop[0m:[36m177[0m - [34m[1m[YOLO] camera=1a32cb23-0820-4385-9ab5-de8e472e2c04 frame=2694 detections=1 tracks=2[0m
[32m2026-08-22 10:27:12.825[0m | [34m[1mDEBUG   [0m | [36mai_engine.vision.stream_manager[0m:[36m_camera_loop[0m:[36m177[0m - [34m[1m[YOLO] camera=1a32cb23-0820-4385-9ab5-de8e472e2c04 frame=2697 detections=1 tracks=2[0m
[32m2026-08-22 10:27:13.167[0m | [34m[1mDEBUG   [0m | [36mai_engine.vision.stream_manager[0m:[36m_camera_loop[0m:[36m177[0m - [34m[1m[YOLO] camera=1a32cb23-0820-4385-9ab5-de8e472e2c04 frame=2700 detections=1 tracks=2[0m
[32m2026-08-22 10:27:13.295[0m | [34m[1mDEBUG   [0m | [36magents.behavior_agent.agent[0m:[36m_on_tracks[0m:[36m34[0m - [34m[1m[BEHAVIOR] camera=1a32cb23-0820-4385-9ab5-de8e472e2c04 received 2 tracks for analysis[0m
[32m2026-08-22 10:27:13.295[0m | [34m[1mDEBUG   [0m | [36magents.behavior_agent.agent[0m:[36m_on_tracks[0m:[36m42[0m - [34m[1m[BEHAVIOR] camera=1a32cb23-0820-4385-9ab5-de8e472e2c04 0 behavior(s) flagged by analyzers[0m
[32m2026-08-22 10:27:13.295[0m | [34m[1mDEBUG   [0m | [36magents.behavior_agent.agent[0m:[36m_run_abd[0m:[36m107[0m - [34m[1m[ABD] camera=1a32cb23-0820-4385-9ab5-de8e472e2c04 feature_vec=[2, 0.0, 0.0, 0.0, 0.0] score=0.000[0m
[32m2026-08-22 10:27:13.296[0m | [34m[1mDEBUG   [0m | [36magents.behavior_agent.agent[0m:[36m_on_tracks[0m:[36m46[0m - [34m[1m[ABD] camera=1a32cb23-0820-4385-9ab5-de8e472e2c04 anomaly_score=0.000[0m
[32m2026-08-22 10:27:13.303[0m | [34m[1mDEBUG   [0m | [36magents.prediction_agent.agent[0m:[36m_on_behavior_state[0m:[36m24[0m - [34m[1m[THREAT_SCORE] camera=1a32cb23-0820-4385-9ab5-de8e472e2c04 {}[0m
[32m2026-08-22 10:27:13.570[0m | [34m[1mDEBUG   [0m | [36mai_engine.vision.stream_manager[0m:[36m_camera_loop[0m:[36m177[0m - [34m[1m[YOLO] camera=1a32cb23-0820-4385-9ab5-de8e472e2c04 frame=2703 detections=1 tracks=2[0m
[32m2026-08-22 10:27:13.893[0m | [34m[1mDEBUG   [0m | [36mai_engine.vision.stream_manager[0m:[36m_camera_loop[0m:[36m177[0m - [34m[1m[YOLO] camera=1a32cb23-0820-4385-9ab5-de8e472e2c04 frame=2706 detections=1 tracks=2[0m
[32m2026-08-22 10:27:14.226[0m | [34m[1mDEBUG   [0m | [36mai_engine.vision.stream_manager[0m:[36m_camera_loop[0m:[36m177[0m - [34m[1m[YOLO] camera=1a32cb23-0820-4385-9ab5-de8e472e2c04 frame=2709 detections=1 tracks=2[0m
[32m2026-08-22 10:27:14.560[0m | [34m[1mDEBUG   [0m | [36mai_engine.vision.stream_manager[0m:[36m_camera_loop[0m:[36m177[0m - [34m[1m[YOLO] camera=1a32cb23-0820-4385-9ab5-de8e472e2c04 frame=2712 detections=1 tracks=2[0m
[32m2026-08-22 10:27:14.896[0m | [34m[1mDEBUG   [0m | [36mai_engine.vision.stream_manager[0m:[36m_camera_loop[0m:[36m177[0m - [34m[1m[YOLO] camera=1a32cb23-0820-4385-9ab5-de8e472e2c04 frame=2715 detections=1 tracks=2[0m
[32m2026-08-22 10:27:15.242[0m | [34m[1mDEBUG   [0m | [36mai_engine.vision.stream_manager[0m:[36m_camera_loop[0m:[36m177[0m - [34m[1m[YOLO] camera=1a32cb23-0820-4385-9ab5-de8e472e2c04 frame=2718 detections=1 tracks=2[0m
[32m2026-08-22 10:27:15.578[0m | [34m[1mDEBUG   [0m | [36mai_engine.vision.stream_manager[0m:[36m_camera_loop[0m:[36m177[0m - [34m[1m[YOLO] camera=1a32cb23-0820-4385-9ab5-de8e472e2c04 frame=2721 detections=1 tracks=2[0m
[32m2026-08-22 10:27:15.893[0m | [34m[1mDEBUG   [0m | [36mai_engine.vision.stream_manager[0m:[36m_camera_loop[0m:[36m177[0m - [34m[1m[YOLO] camera=1a32cb23-0820-4385-9ab5-de8e472e2c04 frame=2724 detections=1 tracks=2[0m
[32m2026-08-22 10:27:16.230[0m | [34m[1mDEBUG   [0m | [36mai_engine.vision.stream_manager[0m:[36m_camera_loop[0m:[36m177[0m - [34m[1m[YOLO] camera=1a32cb23-0820-4385-9ab5-de8e472e2c04 frame=2727 detections=1 tracks=2[0m
[32m2026-08-22 10:27:16.561[0m | [34m[1mDEBUG   [0m | [36mai_engine.vision.stream_manager[0m:[36m_camera_loop[0m:[36m177[0m - [34m[1m[YOLO] camera=1a32cb23-0820-4385-9ab5-de8e472e2c04 frame=2730 detections=1 tracks=2[0m
[32m2026-08-22 10:27:16.689[0m | [34m[1mDEBUG   [0m | [36magents.behavior_agent.agent[0m:[36m_on_tracks[0m:[36m34[0m - [34m[1m[BEHAVIOR] camera=1a32cb23-0820-4385-9ab5-de8e472e2c04 received 2 tracks for analysis[0m
[32m2026-08-22 10:27:16.689[0m | [34m[1mDEBUG   [0m | [36magents.behavior_agent.agent[0m:[36m_on_tracks[0m:[36m42[0m - [34m[1m[BEHAVIOR] camera=1a32cb23-0820-4385-9ab5-de8e472e2c04 0 behavior(s) flagged by analyzers[0m
[32m2026-08-22 10:27:16.689[0m | [34m[1mDEBUG   [0m | [36magents.behavior_agent.agent[0m:[36m_run_abd[0m:[36m107[0m - [34m[1m[ABD] camera=1a32cb23-0820-4385-9ab5-de8e472e2c04 feature_vec=[2, 0.0, 0.0, 0.0, 0.0] score=0.000[0m
[32m2026-08-22 10:27:16.689[0m | [34m[1mDEBUG   [0m | [36magents.behavior_agent.agent[0m:[36m_on_tracks[0m:[36m46[0m - [34m[1m[ABD] camera=1a32cb23-0820-4385-9ab5-de8e472e2c04 anomaly_score=0.000[0m
[32m2026-08-22 10:27:16.695[0m | [34m[1mDEBUG   [0m | [36magents.prediction_agent.agent[0m:[36m_on_behavior_state[0m:[36m24[0m - [34m[1m[THREAT_SCORE] camera=1a32cb23-0820-4385-9ab5-de8e472e2c04 {}[0m
[32m2026-08-22 10:27:16.969[0m | [34m[1mDEBUG   [0m | [36mai_engine.vision.stream_manager[0m:[36m_camera_loop[0m:[36m177[0m - [34m[1m[YOLO] camera=1a32cb23-0820-4385-9ab5-de8e472e2c04 frame=2733 detections=2 tracks=2[0m
[32m2026-08-22 10:27:17.294[0m | [34m[1mDEBUG   [0m | [36mai_engine.vision.stream_manager[0m:[36m_camera_loop[0m:[36m177[0m - [34m[1m[YOLO] camera=1a32cb23-0820-4385-9ab5-de8e472e2c04 frame=2736 detections=1 tracks=2[0m
[32m2026-08-22 10:27:17.649[0m | [34m[1mDEBUG   [0m | [36mai_engine.vision.stream_manager[0m:[36m_camera_loop[0m:[36m177[0m - [34m[1m[YOLO] camera=1a32cb23-0820-4385-9ab5-de8e472e2c04 frame=2739 detections=1 tracks=2[0m
[32m2026-08-22 10:27:17.973[0m | [34m[1mDEBUG   [0m | [36mai_engine.vision.stream_manager[0m:[36m_camera_loop[0m:[36m177[0m - [34m[1m[YOLO] camera=1a32cb23-0820-4385-9ab5-de8e472e2c04 frame=2742 detections=1 tracks=2[0m
[32m2026-08-22 10:27:18.290[0m | [34m[1mDEBUG   [0m | [36mai_engine.vision.stream_manager[0m:[36m_camera_loop[0m:[36m177[0m - [34m[1m[YOLO] camera=1a32cb23-0820-4385-9ab5-de8e472e2c04 frame=2745 detections=1 tracks=2[0m
[32m2026-08-22 10:27:18.627[0m | [34m[1mDEBUG   [0m | [36mai_engine.vision.stream_manager[0m:[36m_camera_loop[0m:[36m177[0m - [34m[1m[YOLO] camera=1a32cb23-0820-4385-9ab5-de8e472e2c04 frame=2748 detections=1 tracks=2[0m
[32m2026-08-22 10:27:18.964[0m | [34m[1mDEBUG   [0m | [36mai_engine.vision.stream_manager[0m:[36m_camera_loop[0m:[36m177[0m - [34m[1m[YOLO] camera=1a32cb23-0820-4385-9ab5-de8e472e2c04 frame=2751 detections=1 tracks=2[0m
[32m2026-08-22 10:27:19.309[0m | [34m[1mDEBUG   [0m | [36mai_engine.vision.stream_manager[0m:[36m_camera_loop[0m:[36m177[0m - [34m[1m[YOLO] camera=1a32cb23-0820-4385-9ab5-de8e472e2c04 frame=2754 detections=1 tracks=2[0m
[32m2026-08-22 10:27:19.635[0m | [34m[1mDEBUG   [0m | [36mai_engine.vision.stream_manager[0m:[36m_camera_loop[0m:[36m177[0m - [34m[1m[YOLO] camera=1a32cb23-0820-4385-9ab5-de8e472e2c04 frame=2757 detections=0 tracks=2[0m
[32m2026-08-22 10:27:19.978[0m | [34m[1mDEBUG   [0m | [36mai_engine.vision.stream_manager[0m:[36m_camera_loop[0m:[36m177[0m - [34m[1m[YOLO] camera=1a32cb23-0820-4385-9ab5-de8e472e2c04 frame=2760 detections=1 tracks=2[0m
[32m2026-08-22 10:27:20.094[0m | [34m[1mDEBUG   [0m | [36magents.behavior_agent.agent[0m:[36m_on_tracks[0m:[36m34[0m - [34m[1m[BEHAVIOR] camera=1a32cb23-0820-4385-9ab5-de8e472e2c04 received 2 tracks for analysis[0m
[32m2026-08-22 10:27:20.094[0m | [34m[1mDEBUG   [0m | [36magents.behavior_agent.agent[0m:[36m_on_tracks[0m:[36m42[0m - [34m[1m[BEHAVIOR] camera=1a32cb23-0820-4385-9ab5-de8e472e2c04 1 behavior(s) flagged by analyzers[0m
[32m2026-08-22 10:27:20.095[0m | [34m[1mDEBUG   [0m | [36magents.behavior_agent.agent[0m:[36m_run_abd[0m:[36m107[0m - [34m[1m[ABD] camera=1a32cb23-0820-4385-9ab5-de8e472e2c04 feature_vec=[2, 0.0, 0.0, 0.0, 0.0] score=0.000[0m
[32m2026-08-22 10:27:20.095[0m | [34m[1mDEBUG   [0m | [36magents.behavior_agent.agent[0m:[36m_on_tracks[0m:[36m46[0m - [34m[1m[ABD] camera=1a32cb23-0820-4385-9ab5-de8e472e2c04 anomaly_score=0.000[0m
[32m2026-08-22 10:27:20.107[0m | [1mINFO    [0m | [36magents.behavior_agent.agent[0m:[36m_on_tracks[0m:[36m70[0m - [1mBehaviorAgent: 1 behaviors detected on camera 1a32cb23-0820-4385-9ab5-de8e472e2c04[0m
[32m2026-08-22 10:27:20.108[0m | [34m[1mDEBUG   [0m | [36magents.prediction_agent.agent[0m:[36m_on_behavior_state[0m:[36m24[0m - [34m[1m[THREAT_SCORE] camera=1a32cb23-0820-4385-9ab5-de8e472e2c04 {}[0m
[32m2026-08-22 10:27:20.359[0m | [34m[1mDEBUG   [0m | [36mai_engine.vision.stream_manager[0m:[36m_camera_loop[0m:[36m177[0m - [34m[1m[YOLO] camera=1a32cb23-0820-4385-9ab5-de8e472e2c04 frame=2763 detections=0 tracks=2[0m
[32m2026-08-22 10:27:20.707[0m | [34m[1mDEBUG   [0m | [36mai_engine.vision.stream_manager[0m:[36m_camera_loop[0m:[36m177[0m - [34m[1m[YOLO] camera=1a32cb23-0820-4385-9ab5-de8e472e2c04 frame=2766 detections=0 tracks=2[0m
[32m2026-08-22 10:27:21.053[0m | [34m[1mDEBUG   [0m | [36mai_engine.vision.stream_manager[0m:[36m_camera_loop[0m:[36m177[0m - [34m[1m[YOLO] camera=1a32cb23-0820-4385-9ab5-de8e472e2c04 frame=2769 detections=0 tracks=2[0m
INFO:     connection closed
INFO:     connection closed
INFO:     connection closed
INFO:     connection closed
INFO:     connection closed
INFO:     connection closed
[32m2026-08-22 10:31:40.208[0m | [33m[1mWARNING [0m | [36mai_engine.vision.stream_manager[0m:[36m_health_check[0m:[36m308[0m - [33m[1mCamera 1a32cb23-0820-4385-9ab5-de8e472e2c04 stalled (259s) — restarting[0m
[32m2026-08-22 10:31:40.209[0m | [1mINFO    [0m | [36mai_engine.vision.stream_manager[0m:[36mstop[0m:[36m93[0m - [1mStopped stream for camera 1a32cb23-0820-4385-9ab5-de8e472e2c04[0m
[32m2026-08-22 10:31:40.490[0m | [31m[1mERROR   [0m | [36mai_engine.vision.camera_manager[0m:[36mopen[0m:[36m82[0m - [31m[1m[6cf7815f-009b-48e6-bf71-a7548a5e75b0] Cannot open configured source (http://10.179.77.183:8080/video)[0m
[32m2026-08-22 10:31:40.490[0m | [33m[1mWARNING [0m | [36mai_engine.vision.stream_manager[0m:[36m_camera_loop[0m:[36m148[0m - [33m[1mCannot open stream 6cf7815f-009b-48e6-bf71-a7548a5e75b0 (source=http://10.179.77.183:8080/video)[0m
INFO:     127.0.0.1:57951 - "GET /api/v1/analytics/summary?hours=1 HTTP/1.1" 200 OK
[32m2026-08-22 10:31:42.210[0m | [34m[1mDEBUG   [0m | [36mai_engine.vision.stream_manager[0m:[36mstart[0m:[36m75[0m - [34m[1mCamera 1a32cb23-0820-4385-9ab5-de8e472e2c04 already running[0m
[32m2026-08-22 10:31:42.425[0m | [34m[1mDEBUG   [0m | [36mai_engine.vision.stream_manager[0m:[36m_camera_loop[0m:[36m177[0m - [34m[1m[YOLO] camera=1a32cb23-0820-4385-9ab5-de8e472e2c04 frame=2772 detections=1 tracks=2[0m
[32m2026-08-22 10:31:42.861[0m | [1mINFO    [0m | [36mai_engine.vision.stream_manager[0m:[36m_camera_loop[0m:[36m259[0m - [1mStream stopped: camera 1a32cb23-0820-4385-9ab5-de8e472e2c04[0m
INFO:     ('127.0.0.1', 49803) - "WebSocket /api/v1/ws/events?token=eyJhbGciOiJIUzI1NiIsInR5cCI6IkpXVCJ9.eyJleHAiOjE3ODczNzc5NTUsInN1YiI6IjlkNjM5MmM0LTgwMTItNGI5Ni04M2Y4LTY5MWE1YjRmNDExZCIsInR5cGUiOiJhY2Nlc3MifQ.qR5n3bGZThDj5OaS0F_Pk5wNYtvEhoQB8YqARImjuZ4" [accepted]
INFO:     connection open
INFO:     ('127.0.0.1', 53928) - "WebSocket /api/v1/ws/events?token=eyJhbGciOiJIUzI1NiIsInR5cCI6IkpXVCJ9.eyJleHAiOjE3ODczNzc5NTUsInN1YiI6IjlkNjM5MmM0LTgwMTItNGI5Ni04M2Y4LTY5MWE1YjRmNDExZCIsInR5cGUiOiJhY2Nlc3MifQ.qR5n3bGZThDj5OaS0F_Pk5wNYtvEhoQB8YqARImjuZ4" [accepted]
INFO:     connection open
INFO:     ('127.0.0.1', 52476) - "WebSocket /api/v1/ws/events?token=eyJhbGciOiJIUzI1NiIsInR5cCI6IkpXVCJ9.eyJleHAiOjE3ODczNzc5NTUsInN1YiI6IjlkNjM5MmM0LTgwMTItNGI5Ni04M2Y4LTY5MWE1YjRmNDExZCIsInR5cGUiOiJhY2Nlc3MifQ.qR5n3bGZThDj5OaS0F_Pk5wNYtvEhoQB8YqARImjuZ4" [accepted]
INFO:     connection open
INFO:     ('127.0.0.1', 49811) - "WebSocket /api/v1/ws/events?token=eyJhbGciOiJIUzI1NiIsInR5cCI6IkpXVCJ9.eyJleHAiOjE3ODczNzc5NTUsInN1YiI6IjlkNjM5MmM0LTgwMTItNGI5Ni04M2Y4LTY5MWE1YjRmNDExZCIsInR5cGUiOiJhY2Nlc3MifQ.qR5n3bGZThDj5OaS0F_Pk5wNYtvEhoQB8YqARImjuZ4" [accepted]
INFO:     connection open
INFO:     ('127.0.0.1', 49902) - "WebSocket /api/v1/ws/events?token=eyJhbGciOiJIUzI1NiIsInR5cCI6IkpXVCJ9.eyJleHAiOjE3ODczNzc5NTUsInN1YiI6IjlkNjM5MmM0LTgwMTItNGI5Ni04M2Y4LTY5MWE1YjRmNDExZCIsInR5cGUiOiJhY2Nlc3MifQ.qR5n3bGZThDj5OaS0F_Pk5wNYtvEhoQB8YqARImjuZ4" [accepted]
INFO:     connection open
INFO:     ('127.0.0.1', 63178) - "WebSocket /api/v1/ws/events?token=eyJhbGciOiJIUzI1NiIsInR5cCI6IkpXVCJ9.eyJleHAiOjE3ODczNzc5NTUsInN1YiI6IjlkNjM5MmM0LTgwMTItNGI5Ni04M2Y4LTY5MWE1YjRmNDExZCIsInR5cGUiOiJhY2Nlc3MifQ.qR5n3bGZThDj5OaS0F_Pk5wNYtvEhoQB8YqARImjuZ4" [accepted]
INFO:     connection open
INFO:     connection closed
INFO:     connection closed
INFO:     connection closed
INFO:     connection closed
INFO:     connection closed
INFO:     connection closed
[32m2026-08-22 10:31:57.657[0m | [31m[1mERROR   [0m | [36mai_engine.vision.camera_manager[0m:[36mopen[0m:[36m82[0m - [31m[1m[6cf7815f-009b-48e6-bf71-a7548a5e75b0] Cannot open configured source (http://10.179.77.183:8080/video)[0m
[32m2026-08-22 10:31:57.658[0m | [33m[1mWARNING [0m | [36mai_engine.vision.stream_manager[0m:[36m_camera_loop[0m:[36m148[0m - [33m[1mCannot open stream 6cf7815f-009b-48e6-bf71-a7548a5e75b0 (source=http://10.179.77.183:8080/video)[0m
[32m2026-08-22 10:32:13.313[0m | [31m[1mERROR   [0m | [36mai_engine.vision.camera_manager[0m:[36mopen[0m:[36m82[0m - [31m[1m[6cf7815f-009b-48e6-bf71-a7548a5e75b0] Cannot open configured source (http://10.179.77.183:8080/video)[0m
[32m2026-08-22 10:32:13.314[0m | [33m[1mWARNING [0m | [36mai_engine.vision.stream_manager[0m:[36m_camera_loop[0m:[36m148[0m - [33m[1mCannot open stream 6cf7815f-009b-48e6-bf71-a7548a5e75b0 (source=http://10.179.77.183:8080/video)[0m
Exception in thread Thread-1 (_listen):
Traceback (most recent call last):
  File "C:\Users\Hp\OneDrive\Desktop\Documents\CAMPUS-SENTINEL\backend\.venv\Lib\site-packages\redis\connection.py", line 512, in read_response
[32m2026-08-22 10:32:22.733[0m | [31m[1mERROR   [0m | [36mapp.main[0m:[36m_redis_pubsub_listener[0m:[36m163[0m - [31m[1mRedis pub/sub listener failed: Error while reading from localhost:6379 : (22, 'The specified network name is no longer available', None, 64, None)[0m
    response = self._parser.read_response(disable_decoding=disable_decoding)
               ^^^^^^^^^^^^^^^^^^^^^^^^^^^^^^^^^^^^^^^^^^^^^^^^^^^^^^^^^^^^^
  File "C:\Users\Hp\OneDrive\Desktop\Documents\CAMPUS-SENTINEL\backend\.venv\Lib\site-packages\redis\_parsers\resp2.py", line 15, in read_response
    result = self._read_response(disable_decoding=disable_decoding)
             ^^^^^^^^^^^^^^^^^^^^^^^^^^^^^^^^^^^^^^^^^^^^^^^^^^^^^^
  File "C:\Users\Hp\OneDrive\Desktop\Documents\CAMPUS-SENTINEL\backend\.venv\Lib\site-packages\redis\_parsers\resp2.py", line 25, in _read_response
    raw = self._buffer.readline()
          ^^^^^^^^^^^^^^^^^^^^^^^
  File "C:\Users\Hp\OneDrive\Desktop\Documents\CAMPUS-SENTINEL\backend\.venv\Lib\site-packages\redis\_parsers\socket.py", line 115, in readline
    self._read_from_socket()
  File "C:\Users\Hp\OneDrive\Desktop\Documents\CAMPUS-SENTINEL\backend\.venv\Lib\site-packages\redis\_parsers\socket.py", line 65, in _read_from_socket
    data = self._sock.recv(socket_read_size)
           ^^^^^^^^^^^^^^^^^^^^^^^^^^^^^^^^^
ConnectionResetError: [WinError 10054] An existing connection was forcibly closed by the remote host

During handling of the above exception, another exception occurred:

Traceback (most recent call last):
  File "C:\Users\Hp\AppData\Local\Programs\Python\Python311\Lib\threading.py", line 1045, in _bootstrap_inner
    self.run()
  File "C:\Users\Hp\AppData\Local\Programs\Python\Python311\Lib\threading.py", line 982, in run
    self._target(*self._args, **self._kwargs)
  File "C:\Users\Hp\OneDrive\Desktop\Documents\CAMPUS-SENTINEL\backend\agents\orchestrator\agent_bus.py", line 56, in _listen
    for message in self._pubsub.listen():
  File "C:\Users\Hp\OneDrive\Desktop\Documents\CAMPUS-SENTINEL\backend\.venv\Lib\site-packages\redis\client.py", line 998, in listen
    response = self.handle_message(self.parse_response(block=True))
                                   ^^^^^^^^^^^^^^^^^^^^^^^^^^^^^^^
  File "C:\Users\Hp\OneDrive\Desktop\Documents\CAMPUS-SENTINEL\backend\.venv\Lib\site-packages\redis\client.py", line 837, in parse_response
    response = self._execute(conn, try_read)
               ^^^^^^^^^^^^^^^^^^^^^^^^^^^^^
  File "C:\Users\Hp\OneDrive\Desktop\Documents\CAMPUS-SENTINEL\backend\.venv\Lib\site-packages\redis\client.py", line 813, in _execute
    return conn.retry.call_with_retry(
           ^^^^^^^^^^^^^^^^^^^^^^^^^^^
  File "C:\Users\Hp\OneDrive\Desktop\Documents\CAMPUS-SENTINEL\backend\.venv\Lib\site-packages\redis\retry.py", line 49, in call_with_retry
    fail(error)
  File "C:\Users\Hp\OneDrive\Desktop\Documents\CAMPUS-SENTINEL\backend\.venv\Lib\site-packages\redis\client.py", line 815, in <lambda>
    lambda error: self._disconnect_raise_connect(conn, error),
                  ^^^^^^^^^^^^^^^^^^^^^^^^^^^^^^^^^^^^^^^^^^^
  File "C:\Users\Hp\OneDrive\Desktop\Documents\CAMPUS-SENTINEL\backend\.venv\Lib\site-packages\redis\client.py", line 802, in _disconnect_raise_connect
    raise error
  File "C:\Users\Hp\OneDrive\Desktop\Documents\CAMPUS-SENTINEL\backend\.venv\Lib\site-packages\redis\retry.py", line 46, in call_with_retry
    return do()
           ^^^^
  File "C:\Users\Hp\OneDrive\Desktop\Documents\CAMPUS-SENTINEL\backend\.venv\Lib\site-packages\redis\client.py", line 814, in <lambda>
    lambda: command(*args, **kwargs),
            ^^^^^^^^^^^^^^^^^^^^^^^^
  File "C:\Users\Hp\OneDrive\Desktop\Documents\CAMPUS-SENTINEL\backend\.venv\Lib\site-packages\redis\client.py", line 835, in try_read
    return conn.read_response(disconnect_on_error=False, push_request=True)
           ^^^^^^^^^^^^^^^^^^^^^^^^^^^^^^^^^^^^^^^^^^^^^^^^^^^^^^^^^^^^^^^^
  File "C:\Users\Hp\OneDrive\Desktop\Documents\CAMPUS-SENTINEL\backend\.venv\Lib\site-packages\redis\connection.py", line 520, in read_response
    raise ConnectionError(
redis.exceptions.ConnectionError: Error while reading from localhost:6379 : (10054, 'An existing connection was forcibly closed by the remote host', None, 10054, None)
